2M19284793+4202459,3.17283,3.1852099999999997,3.1946,3.20379,3.2128,3.2216299999999998,3.2303,3.23882,3.24721,3.25546,3.26359,3.27161,3.2795199999999998,3.28732,3.29503,3.3026400000000002,3.3106199999999997,3.3194800000000004,3.3279300000000003,3.33609,3.3440300000000005,3.35176,3.3593300000000004,3.36674,3.3740300000000003,3.3812,3.38826,3.3952199999999997,3.4021,3.4089099999999997,3.41563,3.4223,3.4289,3.4354400000000003,3.44193,3.4483800000000002,3.4547800000000004,3.46115,3.46749,3.4738,3.4800800000000005,3.48636,3.49263,3.5015400000000003,3.5165900000000003,3.52275,3.52895,3.5352,3.54152,3.54796,3.55456,3.5613900000000003,3.56852,3.57609,3.58426,3.6505900000000002,3.6844300000000003,3.69516,3.7082800000000002,3.72531,3.74891,3.78345,3.79354,3.8014,3.80617,3.8106800000000005,3.8151800000000002,3.81967,3.8241300000000003,3.82859,3.83302,3.83744,3.84185,3.8462300000000003,3.8506099999999996,3.8627199999999995,3.88256,3.9000800000000004,3.90432,3.9085400000000003,3.91275
2M19253372+4210501,3.14978,3.1672,3.17731,3.18722,3.19693,3.20645,3.21579,3.22495,3.23395,3.2427900000000003,3.25148,3.26002,3.26843,3.27671,3.2848599999999997,3.2929,3.30082,3.3086300000000004,3.3163400000000003,3.3244300000000004,3.33313,3.3414900000000003,3.3496,3.35751,3.36524,3.37281,3.38024,3.3875300000000004,3.3947199999999995,3.40179,3.4087699999999996,3.41566,3.42246,3.4292,3.43586,3.44246,3.449,3.45549,3.4619400000000002,3.46835,3.4747199999999996,3.48107,3.4874099999999997,3.4995300000000005,3.52005,3.52616,3.5323,3.5384900000000004,3.5447599999999997,3.55114,3.55767,3.5644199999999997,3.57148,3.57896,3.58704,3.63619,3.6456800000000005,3.6568099999999997,3.6704800000000004,3.68822,3.71251,3.74706,3.77199,3.7980300000000002,3.81354,3.81805,3.82254,3.8270199999999996,3.8314800000000004,3.8359199999999998,3.84035,3.8447699999999996,3.84916,3.85355,3.85791,3.86294,3.88325,3.88904,3.89494,3.90689,3.91831
2M19415676+5100486,3.1802599999999996,3.18974,3.19897,3.208,3.21683,3.2255,3.23401,3.24237,3.2506,3.2587200000000003,3.26671,3.2746,3.2823900000000004,3.29008,3.2976900000000002,3.3052,3.3126300000000004,3.31998,3.32775,3.3359099999999997,3.34378,3.35146,3.3589800000000003,3.36634,3.3735800000000005,3.3807099999999997,3.3877300000000004,3.39466,3.4015,3.40827,3.41497,3.4216,3.4281599999999997,3.43468,3.4411400000000003,3.44755,3.4539199999999997,3.46024,3.46653,3.4728,3.4790300000000003,3.48525,3.49145,3.5003699999999998,3.51305,3.51917,3.5253,3.5314699999999997,3.5376800000000004,3.54397,3.55038,3.55695,3.56377,3.5709199999999996,3.57858,3.65959,3.6775599999999997,3.68718,3.6988800000000004,3.7141699999999997,3.73598,3.76765,3.77569,3.7836800000000004,3.7917400000000003,3.7999699999999996,3.8084599999999997,3.8173199999999996,3.8262300000000002,3.83069,3.8351300000000004,3.8395599999999996,3.8439699999999997,3.8483699999999996,3.85275,3.86754,3.8871599999999997,3.90435,3.91128,3.91795,3.9244
2M19104752+4220194,3.20224,3.21316,3.2208099999999997,3.22839,3.2359,3.24336,3.25075,3.25809,3.26536,3.27258,3.2797400000000003,3.28685,3.2939,3.3009,3.3083,3.31595,3.3234,3.33072,3.3379199999999996,3.34502,3.35201,3.35891,3.36573,3.37247,3.3791300000000004,3.38573,3.39227,3.39875,3.40518,3.41155,3.4178800000000003,3.4241599999999996,3.43039,3.4365900000000003,3.44274,3.44886,3.45494,3.46098,3.46699,3.4729699999999997,3.4789199999999996,3.48483,3.4907199999999996,3.4965800000000002,3.50241,3.5082199999999997,3.51401,3.51977,3.5255099999999997,3.5312300000000003,3.5369300000000004,3.54261,3.54828,3.5539300000000003,3.55974,3.65251,3.7291800000000004,3.7341800000000003,3.73918,3.7441800000000005,3.7492,3.75423,3.75929,3.7643800000000005,3.7695300000000005,3.7747599999999997,3.7800800000000003,3.78554,3.7911900000000003,3.7970900000000003,3.81665,3.83334,3.83881,3.84416,3.85081,3.8687199999999997,3.8887400000000003,3.91131,3.93689,3.9433599999999998,3.9479800000000003
2M19255247+4020378,3.19722,3.20722,3.2151099999999997,3.2229099999999997,3.23061,3.2382299999999997,3.2457700000000003,3.2532400000000004,3.26064,3.26797,3.27524,3.28245,3.28959,3.2970599999999997,3.30514,3.31295,3.3205,3.32787,3.33509,3.34219,3.3491800000000005,3.3560800000000004,3.3629,3.36964,3.3763199999999998,3.38294,3.3895,3.39601,3.40246,3.4088800000000004,3.4152400000000003,3.4215699999999996,3.42786,3.43411,3.44032,3.44651,3.45266,3.45879,3.46489,3.47097,3.47704,3.4830900000000002,3.4891300000000003,3.49574,3.5017699999999996,3.50779,3.51381,3.5198699999999996,3.52595,3.53209,3.5383199999999997,3.5446699999999995,3.55119,3.5579699999999996,3.56437,3.64824,3.72445,3.73006,3.73565,3.7412199999999998,3.74678,3.75235,3.7579300000000004,3.7635400000000003,3.7692099999999997,3.77494,3.7807699999999995,3.78674,3.7928699999999997,3.79924,3.80591,3.82756,3.83355,3.8393599999999997,3.84501,3.8614,3.88159,3.90436,3.9301699999999995,3.9361699999999997,3.9410300000000005
2M19140739+4056322,3.17406,3.18359,3.1929,3.202,3.21093,3.21968,3.22827,3.23672,3.24503,3.2532200000000002,3.2612799999999997,3.26924,3.27708,3.2848300000000004,3.2924800000000003,3.30004,3.30752,3.31491,3.3222199999999997,3.32945,3.3366,3.3438199999999996,3.3514,3.3588,3.3660699999999997,3.37322,3.38026,3.3872,3.39405,3.4008300000000005,3.40752,3.41415,3.4207099999999997,3.4272099999999996,3.43365,3.44004,3.4463800000000004,3.45267,3.45891,3.4651199999999998,3.47129,3.47744,3.48355,3.49473,3.50702,3.5129699999999997,3.51893,3.52489,3.5308699999999997,3.5368800000000005,3.54295,3.5491099999999998,3.5554099999999997,3.5619099999999997,3.56872,3.6417300000000004,3.66923,3.67715,3.68646,3.69832,3.7153199999999997,3.7432199999999995,3.7855199999999996,3.79324,3.8010800000000002,3.80787,3.8123699999999996,3.81685,3.8213199999999996,3.82577,3.8302099999999997,3.83463,3.83903,3.8434199999999996,3.8478,3.8582699999999996,3.87791,3.8989199999999995,3.9031599999999997,3.9073800000000003,3.9115900000000003
2M19283906+4101236,3.16696,3.17797,3.18759,3.19699,3.2061900000000003,3.2152,3.22404,3.23272,3.24125,3.2496400000000003,3.2579,3.2660299999999998,3.27405,3.2819599999999998,3.28977,3.2974699999999997,3.3050800000000002,3.3126,3.3200300000000005,3.3273800000000002,3.3346400000000003,3.3426199999999997,3.35035,3.35791,3.36533,3.37261,3.3797800000000002,3.3868400000000003,3.3938,3.40067,3.40745,3.41416,3.4208,3.4273800000000003,3.4338900000000003,3.44035,3.44675,3.4531099999999997,3.4594199999999997,3.4657,3.4719300000000004,3.4781400000000002,3.4843300000000004,3.49459,3.5102300000000004,3.51625,3.52227,3.52831,3.53439,3.54052,3.5467400000000002,3.5530800000000005,3.55962,3.5664300000000004,3.57364,3.64059,3.65907,3.6679800000000005,3.6786800000000004,3.69253,3.7122800000000002,3.74307,3.7910699999999995,3.79925,3.8065300000000004,3.81104,3.81554,3.8200300000000005,3.82449,3.8289400000000002,3.8333800000000005,3.8378,3.8422,3.84659,3.8509599999999997,3.8593300000000004,3.87901,3.89505,3.8993,3.90354,3.9077599999999997
2M19342430+4222471,3.18574,3.19576,3.20477,3.2136,3.22225,3.23075,3.2391,3.24733,3.25543,3.26342,3.2713099999999997,3.27909,3.2867800000000003,3.2943800000000003,3.3019,3.30965,3.31849,3.3269,3.3350199999999997,3.3429,3.35057,3.35808,3.36544,3.37267,3.3797900000000003,3.3868099999999997,3.39373,3.40058,3.40734,3.41404,3.4206800000000004,3.42726,3.4337800000000005,3.44025,3.44668,3.45307,3.4594199999999997,3.4657400000000003,3.47203,3.4783,3.48455,3.4908,3.49704,3.50509,3.5172199999999996,3.5234,3.5296199999999995,3.53589,3.5422300000000004,3.54869,3.55531,3.5621400000000003,3.56929,3.57686,3.58506,3.66647,3.69981,3.7103900000000003,3.72336,3.7402800000000003,3.76402,3.77426,3.78169,3.7891800000000004,3.79679,3.8046,3.8127,3.82047,3.8249400000000002,3.8294,3.83385,3.8382699999999996,3.84269,3.8470800000000005,3.8518800000000004,3.86916,3.889,3.90732,3.9136300000000004,3.92001,3.92619
2M19275056+4225588,3.16582,3.18194,3.19133,3.20053,3.20954,3.21838,3.22706,3.23559,3.24399,3.2522599999999997,3.2604,3.26843,3.27635,3.28416,3.2918800000000004,3.2995,3.30704,3.31448,3.3218400000000003,3.32957,3.3376,3.3453699999999995,3.35296,3.3604,3.3677099999999998,3.37489,3.38197,3.38895,3.39584,3.4026400000000003,3.4093699999999996,3.41603,3.4226199999999998,3.42915,3.4356199999999997,3.44204,3.4484199999999996,3.45475,3.46104,3.46729,3.4735099999999997,3.47971,3.4858800000000003,3.5001900000000004,3.5106800000000002,3.51671,3.52275,3.5288,3.5349,3.54106,3.54731,3.5537099999999997,3.5603,3.5671800000000005,3.57449,3.64287,3.6706199999999995,3.6796599999999997,3.69054,3.7046699999999997,3.72488,3.7565699999999995,3.79423,3.8003,3.8048300000000004,3.80934,3.8138400000000003,3.8183199999999995,3.8227900000000004,3.82723,3.83167,3.83609,3.84049,3.84487,3.84925,3.85945,3.8792699999999996,3.8979,3.90214,3.90636,3.91057
2M19324327+4137039,3.17705,3.1865099999999997,3.19572,3.20473,3.21354,3.22218,3.23066,3.239,3.2472,3.25528,3.26325,3.2711099999999997,3.27886,3.28652,3.29409,3.30157,3.3089699999999995,3.31629,3.3235300000000003,3.3307,3.3378,3.3448300000000004,3.3519900000000002,3.3593300000000004,3.36655,3.37365,3.38064,3.38754,3.39435,3.4010800000000003,3.40774,3.41434,3.42086,3.4273300000000004,3.43375,3.44011,3.44642,3.4526800000000004,3.4589,3.46509,3.4712300000000003,3.47735,3.4834300000000002,3.49064,3.5051,3.51105,3.51698,3.5229199999999996,3.52886,3.5348300000000004,3.54085,3.54695,3.5531599999999997,3.55954,3.56618,3.6426,3.67363,3.6811199999999995,3.68981,3.7007,3.7160800000000003,3.7414699999999996,3.77624,3.7837,3.7912199999999996,3.79891,3.80683,3.8150800000000005,3.81964,3.8241,3.82853,3.83296,3.8373699999999995,3.84176,3.84614,3.8573800000000005,3.8768599999999998,3.89946,3.90646,3.9128199999999995,3.9189800000000004
2M19383520+4153027,3.10121,3.12921,3.14004,3.1505799999999997,3.16086,3.1709099999999997,3.18073,3.19034,3.19976,3.209,3.21807,3.2269799999999997,3.2357400000000003,3.24436,3.2642900000000004,3.27243,3.28045,3.28836,3.29616,3.30386,3.31146,3.3189699999999998,3.3269,3.335,3.3429,3.3506199999999997,3.3581800000000004,3.3656099999999998,3.3729,3.3800800000000004,3.38715,3.3941199999999996,3.401,3.4078,3.4145199999999996,3.42118,3.4277599999999997,3.4342900000000003,3.44076,3.4471800000000004,3.45356,3.49114,3.50322,3.5095199999999998,3.53166,3.5433199999999996,3.54946,3.55562,3.56185,3.56815,3.57459,3.58121,3.5881,3.5953800000000005,3.60321,3.61186,3.62175,3.63352,3.64826,3.6676699999999998,3.6942699999999995,3.73138,3.78338,3.82895,3.8365400000000003,3.84102,3.8454800000000002,3.84993,3.85437,3.85879,3.8631900000000003,3.8675800000000002,3.87195,3.8763099999999997,3.8806599999999998,3.88499,3.8893,3.89361,3.8978900000000003,3.90217,3.91244
2M19312961+4257580,3.14869,3.1691599999999998,3.17915,3.18894,3.19853,3.2079299999999997,3.21715,3.2262,3.23509,3.24383,3.25242,3.26087,3.26919,3.27739,3.28546,3.2934300000000003,3.30128,3.3090300000000004,3.3166800000000003,3.3242300000000005,3.3324199999999995,3.3406800000000003,3.34871,3.3565400000000003,3.3642,3.3717099999999998,3.3790699999999996,3.3863199999999996,3.39345,3.4004800000000004,3.40741,3.41426,3.4210300000000005,3.4277300000000004,3.43435,3.4409199999999998,3.4474199999999997,3.4538800000000003,3.46029,3.46666,3.4729900000000002,3.47929,3.48558,3.5006800000000005,3.5169099999999998,3.5229800000000004,3.52906,3.53519,3.5413699999999997,3.5476400000000003,3.5540300000000005,3.56061,3.56745,3.57465,3.58238,3.6366199999999997,3.6455,3.65585,3.66854,3.6851800000000003,3.7084900000000003,3.7428199999999996,3.77639,3.80239,3.8121699999999996,3.8166800000000003,3.8211699999999995,3.82565,3.83011,3.8345599999999997,3.8389900000000003,3.8434,3.8478,3.85218,3.85655,3.86225,3.88245,3.8900900000000003,3.89436,3.90445,3.9157699999999998
2M19421779+4248231,3.19647,3.20496,3.21327,3.22143,3.22947,3.23739,3.2452099999999997,3.25294,3.26057,3.26812,3.2755900000000002,3.2829900000000003,3.29031,3.29757,3.30476,3.31242,3.32036,3.32805,3.33555,3.3429,3.3501,3.3572,3.3641900000000002,3.37109,3.37791,3.38465,3.3913300000000004,3.39795,3.4045,3.411,3.41745,3.42386,3.4302099999999998,3.4365300000000003,3.4428099999999997,3.44905,3.45525,3.4614300000000005,3.4675800000000003,3.4737,3.47981,3.48589,3.49197,3.49805,3.50717,3.5131900000000003,3.5192300000000003,3.5252800000000004,3.5313800000000004,3.5375300000000003,3.54377,3.55015,3.5567,3.56353,3.5707400000000002,3.65879,3.72034,3.7287,3.7386,3.7501599999999997,3.75633,3.76246,3.7685699999999995,3.77472,3.7809199999999996,3.7872199999999996,3.7936699999999997,3.8003199999999997,3.80721,3.81446,3.82216,3.82723,3.83227,3.8387300000000004,3.84559,3.86445,3.8854699999999998,3.9091,3.9270300000000002,3.9323599999999996,3.9375699999999996
2M18472048+4409213,3.1667,3.17677,3.18655,3.19612,3.20549,3.21467,3.2236700000000003,3.2325,3.24117,3.2497,3.25809,3.26635,3.27448,3.28249,3.2904,3.29819,3.30589,3.31348,3.32099,3.3284,3.3357300000000003,3.34376,3.3516199999999996,3.3592699999999995,3.3667599999999998,3.3741199999999996,3.38135,3.38847,3.3954800000000005,3.4024099999999997,3.40924,3.416,3.42268,3.42929,3.4358400000000002,3.44233,3.4487699999999997,3.45516,3.4615,3.4678,3.4740699999999998,3.48031,3.48653,3.4927300000000003,3.51402,3.5200400000000003,3.52607,3.53212,3.53822,3.54439,3.55065,3.55706,3.5636900000000002,3.57062,3.5779900000000002,3.6455,3.6603,3.6695800000000003,3.6807800000000004,3.6953,3.7158,3.74696,3.79532,3.80493,3.8094699999999997,3.8139800000000004,3.81848,3.8229699999999998,3.82744,3.83189,3.8363199999999997,3.84075,3.84515,3.84954,3.8539199999999996,3.8633699999999997,3.88332,3.8964,3.90066,3.9049,3.90913
2M19004559+4601406,3.1529700000000003,3.1705,3.18046,3.19021,3.19975,3.2091,3.21826,3.22725,3.23608,3.24475,3.2532799999999997,3.26167,3.26993,3.2780699999999996,3.28609,3.294,3.3018,3.3095,3.3171,3.32461,3.3320300000000005,3.3393599999999997,3.34721,3.355,3.3626199999999997,3.3700900000000003,3.3774300000000004,3.38464,3.39174,3.39874,3.40564,3.41246,3.4192,3.4258599999999997,3.43246,3.43899,3.4454599999999997,3.4518800000000005,3.45825,3.4645699999999997,3.47086,3.4771099999999997,3.4833300000000005,3.49499,3.5133699999999997,3.51937,3.5253699999999997,3.5314,3.53746,3.54357,3.54978,3.5561300000000005,3.5626599999999997,3.56949,3.57672,3.63561,3.64365,3.65288,3.6640599999999997,3.6786800000000004,3.69959,3.73173,3.7812300000000003,3.8065800000000003,3.8111099999999998,3.8156199999999996,3.8201099999999997,3.82459,3.8290599999999997,3.83351,3.83794,3.8423599999999998,3.8467599999999997,3.85115,3.85552,3.8616900000000003,3.8816800000000002,3.89134,3.89561,3.90081,3.9120699999999995
2M18561467+4530246,3.18408,3.19328,3.20224,3.211,3.21958,3.22799,3.23627,3.24441,3.25243,3.2603400000000002,3.26815,3.2758599999999998,3.2834800000000004,3.29101,3.29845,3.3058199999999998,3.31311,3.3203300000000002,3.32747,3.33455,3.3421,3.34959,3.35691,3.3641099999999997,3.3711900000000004,3.37817,3.38507,3.3918800000000005,3.3986099999999997,3.40527,3.41186,3.4184,3.42487,3.43129,3.4376599999999997,3.4439900000000003,3.4502699999999997,3.4565099999999997,3.46271,3.4688800000000004,3.4750099999999997,3.4811199999999998,3.4872099999999997,3.49335,3.5066800000000002,3.51266,3.51864,3.5246199999999996,3.5306300000000004,3.5366800000000005,3.54279,3.5489900000000003,3.55534,3.5619099999999997,3.5687800000000003,3.6364099999999997,3.6895599999999997,3.69743,3.70665,3.7183,3.73474,3.7613,3.7734199999999998,3.7804800000000003,3.7876,3.79486,3.80232,3.8100699999999996,3.8182099999999997,3.8233099999999998,3.82775,3.8321699999999996,3.83658,3.8409800000000005,3.84536,3.8598,3.89495,3.90527,3.91497,3.921,3.92685
2M19432625+4756222,3.18598,3.19508,3.2039400000000002,3.2126,3.2210900000000002,3.22942,3.23762,3.24569,3.2536400000000003,3.2614900000000002,3.26924,3.2768900000000003,3.28445,3.2919300000000002,3.2993300000000003,3.30665,3.3139,3.3210800000000003,3.32819,3.3355,3.34306,3.3504699999999996,3.35773,3.36487,3.3719099999999997,3.37885,3.3857,3.39247,3.39917,3.4058,3.4123699999999997,3.41888,3.42533,3.4317300000000004,3.4380800000000002,3.4443900000000003,3.45065,3.45687,3.46306,3.4692199999999995,3.47534,3.48144,3.4875199999999995,3.49359,3.50625,3.51223,3.5182,3.5241800000000003,3.53019,3.5362400000000003,3.54235,3.54855,3.5549,3.56147,3.56834,3.63489,3.6949,3.7027300000000003,3.7118900000000004,3.7234199999999995,3.73961,3.7656400000000003,3.7726699999999997,3.7795300000000003,3.78645,3.79351,3.80075,3.8082599999999998,3.8161300000000002,3.82197,3.8264099999999996,3.8308400000000002,3.83525,3.83964,3.8440199999999995,3.85894,3.8984699999999997,3.905,3.9167199999999998,3.9226,3.92832
2M19095484+3813438,3.14165,3.1619,3.17211,3.18209,3.19187,3.20145,3.21085,3.22007,3.22913,3.2380299999999997,3.2467799999999998,3.2553799999999997,3.26385,3.27218,3.2804,3.2884900000000004,3.2964599999999997,3.30433,3.31209,3.3197400000000004,3.3273,3.33477,3.34214,3.34942,3.3566199999999995,3.36436,3.37186,3.3792199999999997,3.38645,3.3935699999999995,3.4005900000000002,3.4075,3.41433,3.42107,3.42774,3.43433,3.44086,3.4473199999999995,3.4537199999999997,3.4600699999999995,3.4663800000000005,3.47264,3.47886,3.49689,3.51329,3.51922,3.52515,3.53108,3.53703,3.5430300000000003,3.54909,3.5552599999999996,3.56158,3.56814,3.5750300000000004,3.61384,3.6215800000000002,3.6304199999999995,3.6411300000000004,3.6552599999999997,3.6758300000000004,3.70791,3.7517,3.7763,3.8066699999999996,3.8183599999999998,3.82286,3.8273300000000003,3.8317900000000003,3.8362300000000005,3.8406599999999997,3.8450699999999998,3.8494699999999997,3.85385,3.8582199999999998,3.86257,3.88075,3.8892599999999997,3.902,3.9141800000000004,3.9258
2M19443187+4858386,3.1680200000000003,3.17908,3.18872,3.19814,3.20736,3.21638,3.2252400000000003,3.23393,3.24247,3.25087,3.25914,3.26729,3.2753200000000002,3.28323,3.29105,3.2987599999999997,3.3063800000000003,3.3139,3.32134,3.32869,3.3359699999999997,3.3437,3.35149,3.35906,3.36649,3.37379,3.38096,3.38803,3.395,3.4018699999999997,3.40867,3.41539,3.42204,3.4286199999999996,3.43514,3.4416,3.44801,3.4543699999999995,3.46069,3.46696,3.4732,3.4794099999999997,3.4856,3.4955,3.51151,3.5175300000000003,3.52355,3.5296,3.5356699999999996,3.5418,3.5480199999999997,3.5543699999999996,3.5609,3.56771,3.5749199999999997,3.64606,3.6589099999999997,3.6678300000000004,3.67858,3.69257,3.71266,3.74421,3.79149,3.79975,3.8081400000000003,3.81311,3.8176099999999997,3.8221,3.8265599999999997,3.8310199999999996,3.83545,3.8398800000000004,3.8442800000000004,3.84867,3.85305,3.8629300000000004,3.88271,3.89649,3.9007400000000003,3.90498,3.90921
2M19263381+4114277,3.19108,3.2017700000000002,3.2099,3.21792,3.22582,3.23362,3.24133,3.24896,3.2565,3.26397,3.27136,3.27869,3.28594,3.29314,3.30027,3.30838,3.31618,3.32375,3.3311300000000004,3.33837,3.3454800000000002,3.3524800000000003,3.3593800000000003,3.3662,3.37295,3.37963,3.3862400000000004,3.3928,3.3993,3.40575,3.41215,3.41851,3.4248300000000005,3.43111,3.43735,3.44355,3.44973,3.4558699999999996,3.46199,3.4680800000000005,3.47415,3.4802,3.48625,3.4946699999999997,3.5007,3.5067199999999996,3.51275,3.51879,3.52485,3.53096,3.53714,3.5434300000000003,3.5498800000000004,3.55655,3.56356,3.6444,3.71119,3.71919,3.72859,3.7388199999999996,3.7454199999999997,3.75187,3.7582400000000002,3.7645699999999995,3.7709099999999998,3.7773,3.78379,3.7904199999999997,3.7972699999999997,3.80441,3.81196,3.82006,3.82704,3.83354,3.8398199999999996,3.8551,3.8757300000000003,3.8989599999999998,3.92159,3.92695,3.9321900000000003
2M19092707+3838585,3.19467,3.20292,3.2109900000000002,3.2189400000000004,3.2267799999999998,3.23453,3.24218,3.2497599999999998,3.25725,3.26468,3.27203,3.2793099999999997,3.2865300000000004,3.2936900000000002,3.3009800000000005,3.30894,3.3166599999999997,3.32415,3.3314699999999995,3.33866,3.34573,3.3527,3.3595800000000002,3.3663800000000004,3.37311,3.3797699999999997,3.38636,3.3929,3.3993900000000004,3.4058300000000004,3.4122199999999996,3.41856,3.42487,3.4311300000000005,3.43736,3.44355,3.44971,3.4558400000000002,3.46195,3.46803,3.4740900000000003,3.4801300000000004,3.48616,3.4940800000000003,3.50008,3.50607,3.51206,3.51807,3.52411,3.53019,3.53635,3.54262,3.54904,3.55568,3.56265,3.6414400000000002,3.7194300000000005,3.7273,3.7361,3.74209,3.748,3.75386,3.7597099999999997,3.7655800000000004,3.7714800000000004,3.77746,3.7835400000000003,3.78977,3.79619,3.8028800000000005,3.8099300000000005,3.8211,3.8274,3.8334900000000003,3.8393900000000003,3.8539199999999996,3.87426,3.89719,3.9232199999999997,3.9290800000000004,3.9340900000000003
2M19162065+4133465,3.17484,3.18458,3.19398,3.20318,3.21219,3.22103,3.2297,3.2382299999999997,3.24662,3.25487,3.263,3.27102,3.2789300000000003,3.2867300000000004,3.29443,3.3020400000000003,3.30956,3.31699,3.32464,3.3328599999999997,3.34081,3.34856,3.3561300000000003,3.36355,3.3708400000000003,3.37802,3.3850800000000003,3.39205,3.3989300000000005,3.4057199999999996,3.41244,3.4191,3.4256800000000003,3.43221,3.4386900000000002,3.4451099999999997,3.45149,3.45782,3.46412,3.4703800000000005,3.4766199999999996,3.4828300000000003,3.48903,3.49623,3.51314,3.51919,3.52526,3.53136,3.5375099999999997,3.54374,3.5500800000000003,3.5565900000000004,3.5633199999999996,3.57039,3.5779300000000003,3.64814,3.67947,3.6889,3.7002800000000002,3.715,3.73569,3.7671300000000003,3.7936699999999997,3.80096,3.8054900000000003,3.8100099999999997,3.81451,3.819,3.82346,3.8279199999999998,3.83235,3.8367699999999996,3.8411800000000005,3.8455699999999995,3.84994,3.8619800000000004,3.88184,3.9007,3.9049300000000002,3.90915,3.91336
2M18585736+4935542,3.1709,3.18052,3.18993,3.19913,3.20815,3.21699,3.22566,3.2341900000000003,3.24257,3.25082,3.25895,3.26697,3.27487,3.2826699999999995,3.2903599999999997,3.29797,3.30548,3.31291,3.32025,3.3275099999999997,3.3347,3.3418099999999997,3.34885,3.3561199999999998,3.36345,3.3706400000000003,3.3777199999999996,3.3847,3.3915800000000003,3.3983800000000004,3.4051,3.41174,3.4183199999999996,3.4248300000000005,3.43129,3.4376800000000003,3.4440199999999996,3.4503199999999996,3.4565699999999997,3.46277,3.4689400000000004,3.4750699999999997,3.4811699999999997,3.4905199999999996,3.5055099999999997,3.5114300000000003,3.5173400000000004,3.52325,3.5291699999999997,3.5351199999999996,3.5411099999999998,3.5471699999999995,3.55335,3.5597,3.5663,3.63604,3.66394,3.67147,3.6802,3.69116,3.7067099999999997,3.73235,3.77809,3.79484,3.8024199999999997,3.80694,3.81144,3.8159199999999998,3.82038,3.8248300000000004,3.8292699999999997,3.8336900000000003,3.8380900000000002,3.84248,3.84685,3.85544,3.87503,3.8969400000000003,3.9011699999999996,3.9054,3.9096
2M19315309+4102087,3.16954,3.17939,3.1890099999999997,3.1984,3.20759,3.2166,3.22543,3.2341,3.24261,3.2509900000000003,3.25924,3.26736,3.27537,3.28326,3.29105,3.29874,3.30634,3.3138400000000003,3.3212599999999997,3.32859,3.33585,3.3430199999999997,3.3501199999999995,3.3577,3.36513,3.37241,3.3795599999999997,3.3866099999999997,3.3935699999999995,3.4004300000000005,3.40721,3.41391,3.4205400000000004,3.4271,3.4336,3.44004,3.4464300000000003,3.45276,3.45905,3.4653,3.47151,3.4776800000000003,3.48383,3.49108,3.50936,3.5153199999999996,3.5212800000000004,3.52724,3.5332199999999996,3.5392300000000003,3.5453099999999997,3.5514900000000003,3.55781,3.56434,3.57119,3.6436,3.6596,3.66771,3.6773,3.68959,3.7072300000000005,3.7358,3.78378,3.79848,3.8066,3.81155,3.81605,3.8205400000000003,3.82501,3.8294599999999996,3.8339,3.8383199999999995,3.8427300000000004,3.84712,3.85149,3.8612800000000003,3.88102,3.89725,3.9015,3.90573,3.90995
2M19370743+4217274,3.17165,3.18132,3.19075,3.19995,3.20895,3.2177599999999997,3.22641,3.2349099999999997,3.24326,3.25149,3.25959,3.26757,3.27545,3.2832199999999996,3.2909,3.29849,3.3059800000000004,3.31339,3.32073,3.32798,3.3351599999999997,3.34226,3.3493,3.35626,3.3631599999999997,3.37,3.3769699999999996,3.38395,3.3908699999999996,3.3976699999999997,3.4044,3.41105,3.4176300000000004,3.42414,3.43059,3.43699,3.4433300000000004,3.44961,3.45585,3.46205,3.4682,3.47431,3.4803900000000003,3.49073,3.50397,3.5098800000000003,3.51577,3.52165,3.5275199999999995,3.5334,3.5393,3.54525,3.5512599999999996,3.5574,3.56371,3.6406099999999997,3.65524,3.6621699999999997,3.67005,3.67982,3.69385,3.71878,3.7672199999999996,3.78495,3.79304,3.8012599999999996,3.80974,3.8180400000000003,3.82251,3.8269699999999998,3.83141,3.83583,3.84024,3.8446300000000004,3.84901,3.8583300000000005,3.87775,3.8967400000000003,3.9011099999999996,3.90785,3.91435
2M19364610+3937084,3.1751099999999997,3.18506,3.1944,3.20352,3.21247,3.2212400000000003,3.22985,3.23831,3.24664,3.25484,3.2629200000000003,3.27089,3.27875,3.28651,3.2941800000000003,3.30175,3.3092300000000003,3.3166300000000004,3.3247699999999996,3.3329,3.34081,3.3485199999999997,3.35607,3.36346,3.3707199999999995,3.3778699999999997,3.3849099999999996,3.39186,3.3987199999999995,3.4055,3.41221,3.41885,3.42542,3.43194,3.4384099999999997,3.4448199999999995,3.45119,3.4575199999999997,3.4638199999999997,3.4700800000000003,3.47632,3.48253,3.4887300000000003,3.4978,3.51206,3.5181400000000003,3.5242400000000003,3.53036,3.53654,3.5428,3.5491800000000002,3.5557300000000005,3.56251,3.56963,3.57723,3.6466,3.6788300000000005,3.6883800000000004,3.6999400000000002,3.7149,3.7359400000000003,3.76789,3.78767,3.79543,3.8033300000000003,3.8090300000000004,3.81353,3.8180199999999997,3.82248,3.82694,3.8313699999999997,3.8357900000000003,3.8402,3.84459,3.84896,3.8604199999999995,3.8801300000000003,3.89971,3.90395,3.9081699999999997,3.91238
2M19492496+4118001,3.18284,3.192,3.20095,3.2097,3.21829,3.22673,3.23502,3.2431900000000002,3.25124,3.25917,3.267,3.27474,3.28237,3.2899300000000005,3.29739,3.3047800000000005,3.31209,3.31932,3.32672,3.3345800000000003,3.3422199999999997,3.34968,3.35701,3.36421,3.37129,3.37828,3.3851699999999996,3.39198,3.3987199999999995,3.40538,3.4119800000000002,3.4185199999999996,3.425,3.43143,3.43781,3.44414,3.4504300000000003,3.4566800000000004,3.4628900000000002,3.4690800000000004,3.4752300000000003,3.4813699999999996,3.48748,3.4963900000000003,3.50749,3.5135,3.51951,3.5255400000000003,3.5316,3.5377199999999998,3.5439199999999995,3.5502300000000004,3.55672,3.56346,3.5705699999999996,3.6481,3.6898199999999997,3.6982,3.70813,3.7208099999999997,3.73874,3.76721,3.77664,3.7838300000000005,3.79109,3.79851,3.80615,3.81396,3.81843,3.82289,3.8273300000000003,3.83175,3.83616,3.84055,3.8449199999999997,3.85845,3.87802,3.90064,3.90975,3.91589,3.92184
2M18444674+4729496,3.17613,3.18833,3.19746,3.2064,3.21517,3.22379,3.23225,3.24058,3.24878,3.2568599999999996,3.26483,3.2726900000000003,3.28045,3.2881199999999997,3.2957,3.3031900000000003,3.3106,3.3179300000000005,3.32571,3.33374,3.3415199999999996,3.34911,3.3565400000000003,3.36384,3.3710199999999997,3.3780900000000003,3.3850599999999997,3.39194,3.39874,3.4054599999999997,3.41212,3.41871,3.42524,3.43171,3.43814,3.4445099999999997,3.4508400000000004,3.4571400000000003,3.46339,3.46962,3.47581,3.48199,3.48814,3.5005599999999997,3.51022,3.5162699999999996,3.5223199999999997,3.5284,3.53451,3.5407,3.5469800000000005,3.5534,3.5600199999999997,3.56694,3.57429,3.6486400000000003,3.6829199999999997,3.6918900000000003,3.70269,3.7166699999999997,3.73662,3.76798,3.7851800000000004,3.7928,3.80051,3.80789,3.81239,3.8168699999999998,3.82134,3.82579,3.8302300000000002,3.83465,3.83906,3.84345,3.8478199999999996,3.8607,3.8804300000000005,3.90191,3.90614,3.91035,3.91455
2M19342205+4105425,3.2075099999999996,3.21948,3.22727,3.2349900000000003,3.24265,3.2502299999999997,3.25775,3.2652099999999997,3.2726,3.2799300000000002,3.28721,3.2944199999999997,3.3015800000000004,3.3086800000000003,3.3164,3.3246900000000004,3.33269,3.34049,3.3481099999999997,3.3555800000000002,3.36291,3.3701,3.37719,3.38416,3.3910400000000003,3.39784,3.40455,3.41119,3.4177699999999995,3.4242800000000004,3.4307300000000005,3.4371300000000002,3.4434699999999996,3.4497699999999996,3.45603,3.46224,3.46841,3.47455,3.48065,3.4867199999999996,3.49275,3.49876,3.5047300000000003,3.5106800000000002,3.51661,3.5225199999999997,3.5284,3.53427,3.5401199999999995,3.54596,3.5517800000000004,3.5576,3.56342,3.56923,3.5888,3.6817599999999997,3.7229,3.72819,3.7335,3.73885,3.7442300000000004,3.7496699999999996,3.75516,3.76073,3.7664,3.77225,3.7783,3.78462,3.7913,3.8012599999999996,3.8339300000000005,3.85914,3.8655,3.8716699999999995,3.88666,3.9053,3.92604,3.9493099999999997,3.9596,3.9647699999999997,3.9698300000000004
2M19010446+4833360,3.1759,3.1854400000000003,3.19475,3.20384,3.21274,3.22146,3.23002,3.23844,3.2467099999999998,3.25486,3.26288,3.2708,3.27861,3.28632,3.29394,3.30146,3.3089,3.3162599999999998,3.32354,3.33074,3.3378699999999997,3.34493,3.35206,3.35943,3.36669,3.37382,3.38084,3.3877699999999997,3.3946099999999997,3.4013699999999996,3.40805,3.41466,3.42121,3.4277,3.4341199999999996,3.4405,3.4468199999999998,3.4531,3.45934,3.46553,3.47169,3.47781,3.48391,3.4902699999999998,3.50642,3.5123599999999997,3.5182900000000004,3.5242199999999997,3.5301699999999996,3.53614,3.5421699999999996,3.5482699999999996,3.55449,3.5609,3.56757,3.6437199999999996,3.6726099999999997,3.68019,3.6890099999999997,3.7000900000000003,3.7158,3.7416300000000002,3.7811,3.78859,3.7961699999999996,3.8039400000000003,3.81195,3.81644,3.82091,3.82536,3.8298,3.8342199999999997,3.83863,3.8430199999999997,3.8474,3.85883,3.8784099999999997,3.90064,3.9048800000000004,3.9102099999999997,3.91645
2M19282524+4222491,3.18499,3.20502,3.2134400000000003,3.22172,3.22987,3.23791,3.2458400000000003,3.25367,3.2614099999999997,3.2690599999999996,3.27662,3.2841099999999996,3.2920599999999998,3.3017,3.3106199999999997,3.3190800000000005,3.3271800000000002,3.3350199999999997,3.3426400000000003,3.35008,3.3573699999999995,3.3645300000000002,3.3715800000000002,3.37854,3.38541,3.3922,3.3989300000000005,3.40559,3.4121900000000003,3.41874,3.42524,3.4317,3.43811,3.44449,3.4508300000000003,3.45715,3.4634400000000003,3.46971,3.4759599999999997,3.4822,3.48843,3.4946800000000002,3.5009300000000003,3.51044,3.5166800000000005,3.52294,3.52926,3.5356400000000003,3.5421099999999996,3.54872,3.5555199999999996,3.56258,3.57,3.5779,3.5865,3.67199,3.72359,3.7347699999999997,3.74296,3.74975,3.7564599999999997,3.76315,3.76986,3.77664,3.7835199999999998,3.7905800000000003,3.79785,3.8054300000000003,3.81339,3.82185,3.82807,3.8325,3.83691,3.8413,3.8504199999999997,3.89426,3.8917,3.9161,3.9258,3.9316199999999997,3.9372800000000003
2M19284485+4143373,3.1682900000000003,3.1817599999999997,3.19124,3.20052,3.2096,3.2185200000000003,3.22726,3.2358599999999997,3.24431,3.25263,3.26083,3.2689,3.2768699999999997,3.2847199999999996,3.2924800000000003,3.3001300000000002,3.3077,3.3157900000000002,3.3244,3.3326599999999997,3.34067,3.3484800000000003,3.3561,3.3635699999999997,3.37091,3.3781199999999996,3.38522,3.3922199999999996,3.3991300000000004,3.40596,3.4127099999999997,3.41939,3.4260099999999998,3.4325699999999997,3.4390699999999996,3.44553,3.45194,3.45831,3.46464,3.47094,3.4772199999999995,3.48349,3.4897400000000003,3.4997800000000003,3.5148,3.52092,3.5270699999999997,3.53326,3.5395300000000005,3.54589,3.5524,3.55911,3.5661,3.57349,3.58144,3.6445,3.6768400000000003,3.68718,3.69979,3.71613,3.73885,3.7723800000000005,3.7958,3.8010099999999998,3.80554,3.81005,3.81455,3.81903,3.82349,3.8279400000000003,3.83238,3.83679,3.8412,3.8455800000000004,3.84996,3.86003,3.87983,3.8975800000000005,3.90182,3.90605,3.91026
Sun,3.1772099999999996,3.18672,3.196,3.2050799999999997,3.2139599999999997,3.22267,3.23123,3.23963,3.24791,3.25605,3.26408,3.272,3.27981,3.2875199999999998,3.29514,3.3026699999999996,3.3101199999999995,3.31748,3.32476,3.3321,3.3399900000000002,3.34766,3.3551699999999998,3.3625300000000005,3.36976,3.3768800000000003,3.3839,3.3908199999999997,3.3976599999999997,3.40441,3.4111,3.41771,3.42427,3.43076,3.4372,3.44359,3.44993,3.45623,3.4624900000000003,3.46872,3.47491,3.4810800000000004,3.4872300000000003,3.49411,3.50975,3.5157599999999998,3.52178,3.5278099999999997,3.53389,3.5400099999999997,3.54622,3.5525599999999997,3.5590900000000003,3.5658800000000004,3.57306,3.6475199999999997,3.6789699999999996,3.68759,3.6978800000000005,3.7110800000000004,3.72977,3.75912,3.78416,3.7917,3.79935,3.8072199999999996,3.81291,3.8174,3.8218699999999997,3.8263300000000005,3.8307599999999997,3.8351900000000003,3.8395900000000003,3.8439900000000002,3.84836,3.86073,3.88041,3.90145,3.9056800000000003,3.9099,3.91566
2M19274845+4304289,3.1804799999999998,3.18946,3.19823,3.20682,3.21525,3.22353,3.23169,3.23972,3.24765,3.25547,3.2631900000000003,3.27082,3.27837,3.2858300000000003,3.2932099999999997,3.3005199999999997,3.30776,3.3149300000000004,3.3220300000000003,3.3290599999999997,3.33604,3.34295,3.3498,3.3566,3.3635300000000004,3.3704699999999996,3.37733,3.3841,3.39079,3.39741,3.4039599999999997,3.41046,3.41689,3.4232699999999996,3.4296,3.4358800000000005,3.4421199999999996,3.4483099999999998,3.4544599999999996,3.4605699999999997,3.46664,3.47267,3.47868,3.49175,3.4976800000000003,3.50359,3.50947,3.51534,3.5211900000000003,3.52705,3.53292,3.53881,3.5447599999999997,3.5508,3.5569900000000003,3.6339099999999998,3.6750199999999995,3.68148,3.68866,3.6972400000000003,3.709,3.7295800000000003,3.7625,3.76995,3.7773199999999996,3.78471,3.7922300000000004,3.79996,3.808,3.8164800000000003,3.82235,3.82677,3.8311699999999997,3.8355599999999996,3.8399400000000004,3.84962,3.87077,3.89488,3.90991,3.91592,3.92176
2M18455585+4712289,3.1898299999999997,3.19846,3.2069,3.21518,3.22332,3.23133,3.23923,3.24703,3.25473,3.26235,3.26988,3.2773199999999996,3.2847,3.292,3.29923,3.30639,3.3134900000000003,3.3207,3.3283,3.33575,3.34303,3.3501800000000004,3.3572300000000004,3.3641699999999997,3.3710400000000003,3.37782,3.3845199999999998,3.3911599999999997,3.39774,3.40426,3.4107199999999995,3.4171400000000003,3.4235,3.42982,3.43609,3.44233,3.4485300000000003,3.4546900000000003,3.4608199999999996,3.4669199999999996,3.4729900000000002,3.4790400000000004,3.4850800000000004,3.4923300000000004,3.5013199999999998,3.5072699999999997,3.5132199999999996,3.5191800000000004,3.52516,3.53117,3.53724,3.5434,3.5496800000000004,3.5561599999999998,3.5629199999999996,3.64174,3.70721,3.7147099999999997,3.72339,3.7341300000000004,3.7489,3.7597099999999997,3.766,3.7722800000000003,3.7786,3.78502,3.7915699999999997,3.79831,3.8053199999999996,3.81267,3.81885,3.8232699999999995,3.82767,3.83206,3.8379300000000005,3.8529400000000003,3.8738300000000003,3.89736,3.9186699999999997,3.92409,3.92939
2M19480452+5024323,3.16525,3.17563,3.18546,3.19505,3.2044200000000003,3.2136,3.2225900000000003,3.23141,3.2400700000000002,3.24858,3.25696,3.2652,3.27332,3.28133,3.2892300000000003,3.29702,3.30471,3.3123,3.31981,3.32723,3.3345599999999997,3.3418099999999997,3.3494300000000004,3.35716,3.3646800000000003,3.37206,3.37931,3.38645,3.3934800000000003,3.4004199999999996,3.4072699999999996,3.41404,3.4207300000000003,3.42735,3.43391,3.44041,3.44685,3.4532300000000005,3.45957,3.46587,3.4721300000000004,3.47836,3.4845599999999997,3.49391,3.51171,3.5177300000000002,3.52375,3.52978,3.53585,3.5419699999999996,3.54817,3.55449,3.561,3.56777,3.5749400000000002,3.6404900000000002,3.64833,3.65728,3.6680900000000003,3.68223,3.70266,3.73474,3.78534,3.79989,3.80861,3.81532,3.8198199999999995,3.8243,3.8287699999999996,3.8332300000000004,3.83766,3.8420900000000002,3.84649,3.85088,3.85526,3.8638,3.88354,3.8940900000000003,3.89835,3.9026,3.9068400000000003
2M19331737+4252028,3.1692099999999996,3.1849,3.1939,3.2027099999999997,3.21136,3.21985,3.22821,3.23643,3.24453,3.25252,3.26041,3.26819,3.27588,3.2834800000000004,3.291,3.29843,3.30579,3.3130699999999997,3.3202800000000003,3.32741,3.33448,3.3414900000000003,3.3484300000000005,3.35561,3.36277,3.3698,3.3767300000000002,3.3835800000000003,3.39034,3.39704,3.40366,3.4102099999999997,3.4167099999999997,3.42315,3.42953,3.43586,3.44214,3.4483800000000002,3.45457,3.4607300000000003,3.4668400000000004,3.47292,3.47897,3.4946800000000002,3.50065,3.5066,3.51252,3.5184300000000004,3.5243300000000004,3.53024,3.5361800000000003,3.5421699999999996,3.54823,3.55442,3.5608,3.63518,3.6656400000000002,3.6726400000000003,3.68062,3.6905300000000003,3.7048099999999997,3.7305,3.77564,3.78375,3.7917699999999996,3.79984,3.80809,3.8129,3.81736,3.8218099999999997,3.82625,3.83066,3.83506,3.83945,3.8438199999999996,3.85293,3.8723,3.8948300000000002,3.90161,3.90582,3.91002
2M19290865+4054489,3.20223,3.21137,3.21907,3.2267,3.23426,3.2417599999999998,3.24919,3.25657,3.26388,3.27114,3.27834,3.28548,3.2925699999999996,3.2996,3.3071599999999997,3.3149300000000004,3.32248,3.3298699999999997,3.33713,3.34426,3.35129,3.3582199999999998,3.3650599999999997,3.37183,3.3785199999999995,3.38515,3.39171,3.39822,3.4046800000000004,3.41108,3.41744,3.42375,3.43002,3.43625,3.4424300000000003,3.4485900000000003,3.4547,3.4607900000000003,3.4668400000000004,3.47286,3.47885,3.4848199999999996,3.49076,3.4966800000000005,3.5025699999999995,3.5084400000000002,3.5143,3.52014,3.52596,3.53177,3.5375699999999997,3.54336,3.54914,3.55491,3.56069,3.65069,3.72211,3.7272800000000004,3.7324599999999997,3.73765,3.74287,3.74811,3.7533800000000004,3.75869,3.7640599999999997,3.76948,3.7749900000000003,3.78061,3.78637,3.79231,3.8118,3.8374599999999996,3.84323,3.84885,3.85481,3.8727199999999997,3.8927300000000002,3.9152699999999996,3.9408300000000005,3.94576,3.9505199999999996
2M19325217+4243145,3.15863,3.18926,3.1986,3.20775,3.21672,3.22552,3.23417,3.24267,3.25104,3.25929,3.26741,3.27542,3.2833300000000003,3.29394,3.3041400000000003,3.31368,3.32271,3.33134,3.33966,3.3477,3.3555300000000003,3.3631800000000003,3.37066,3.3780099999999997,3.38524,3.39236,3.3993800000000003,3.40631,3.4131699999999996,3.4199599999999997,3.42668,3.43335,3.4399699999999998,3.44654,3.45307,3.4595599999999997,3.4660300000000004,3.4724699999999995,3.4789,3.4853300000000003,3.49175,3.49819,3.50466,3.51761,3.5282,3.5346300000000004,3.54115,3.54777,3.55456,3.56154,3.56881,3.5764400000000003,3.5845800000000003,3.5933900000000003,3.6031199999999997,3.6643800000000004,3.7065900000000003,3.72034,3.7373199999999995,3.7591300000000003,3.7848800000000002,3.7927199999999996,3.7991,3.80365,3.80818,3.8126900000000004,3.81719,3.8216699999999997,3.8261300000000005,3.8305800000000003,3.8350199999999997,3.83943,3.84383,3.8482199999999995,3.85259,3.86743,3.8876,3.90165,3.9058800000000002,3.9101,3.91431
2M19165219+4753040,3.18325,3.19218,3.20091,3.20947,3.21788,3.22614,3.23428,3.2423,3.25021,3.25802,3.26573,3.27335,3.2808800000000002,3.28833,3.2957099999999997,3.30301,3.3102300000000002,3.31739,3.3244800000000003,3.33205,3.3395900000000003,3.34694,3.35416,3.3612599999999997,3.36826,3.37517,3.38199,3.3887300000000002,3.3954,3.4020099999999998,3.40855,3.4150300000000002,3.4214599999999997,3.42784,3.4341800000000005,3.44046,3.44671,3.4529199999999998,3.45909,3.4652199999999995,3.4713300000000005,3.4774199999999995,3.48348,3.49504,3.50216,3.5081300000000004,3.5141,3.5200699999999996,3.5260599999999998,3.53208,3.53816,3.5443300000000004,3.5506300000000004,3.5571300000000003,3.5639199999999995,3.62624,3.6901300000000004,3.69781,3.70675,3.71795,3.7336199999999997,3.75901,3.76914,3.77613,3.78315,3.79028,3.7975800000000004,3.80514,3.81305,3.8177800000000004,3.8222099999999997,3.82663,3.8310400000000002,3.8354199999999996,3.8398,3.85112,3.8704300000000003,3.89454,3.91019,3.9161,3.92184
2M19322962+4056051,3.18012,3.1895,3.19865,3.2076,3.21637,3.22497,3.23343,3.24175,3.24994,3.25801,3.2659599999999998,3.2738099999999997,3.28156,3.28922,3.2967800000000005,3.30464,3.31351,3.3219800000000004,3.33014,3.3380699999999996,3.34579,3.35334,3.3607400000000003,3.36801,3.3751599999999997,3.3822,3.38915,3.3960199999999996,3.4028099999999997,3.40953,3.41618,3.42277,3.4293099999999996,3.4357900000000003,3.44244,3.44916,3.4549800000000004,3.4613099999999997,3.4676,3.4738800000000003,3.4801300000000004,3.4863800000000005,3.49263,3.49888,3.51404,3.5202,3.52639,3.53263,3.53895,3.5453900000000003,3.5519800000000004,3.55879,3.5659,3.57344,3.5815699999999997,3.64762,3.6971199999999995,3.70759,3.7203,3.73664,3.75909,3.77852,3.78575,3.7930900000000003,3.80061,3.80594,3.8104400000000003,3.81492,3.8193900000000003,3.82384,3.8282800000000003,3.8327,3.8371,3.8414900000000003,3.84586,3.8581800000000004,3.8778099999999998,3.90055,3.90634,3.91054,3.9150400000000003
2M18523616+4508233,3.1444799999999997,3.1633299999999998,3.1735599999999997,3.18356,3.1933599999999998,3.20296,3.21237,3.2216,3.23065,3.2395400000000003,3.24827,3.25685,3.2653,3.2736099999999997,3.28179,3.28986,3.2978,3.3056400000000004,3.31337,3.32101,3.3285400000000003,3.33598,3.3433300000000004,3.35059,3.35777,3.36531,3.37282,3.38016,3.3873699999999998,3.3944699999999997,3.4014699999999998,3.4083699999999997,3.4151800000000003,3.42191,3.4285699999999997,3.43515,3.4416599999999997,3.44812,3.45451,3.46086,3.46715,3.4734,3.4796199999999997,3.49079,3.5126800000000005,3.51862,3.52455,3.5304900000000004,3.53645,3.54245,3.54851,3.5546800000000003,3.561,3.56754,3.57442,3.61725,3.6249,3.63361,3.64413,3.6579099999999998,3.67791,3.70914,3.7573,3.7919199999999997,3.81356,3.8180699999999996,3.82257,3.82705,3.8315099999999997,3.83596,3.84039,3.84481,3.84921,3.85359,3.85796,3.8623199999999995,3.8808300000000004,3.8868300000000002,3.8951,3.90717,3.9187
2M19244068+4238269,3.15577,3.17502,3.18495,3.19466,3.20417,3.21348,3.22262,3.23158,3.24038,3.24903,3.25754,3.26591,3.2741599999999997,3.28228,3.29028,3.2992199999999996,3.3091,3.31848,3.32743,3.33605,3.34439,3.3524800000000003,3.36036,3.36807,3.37561,3.3830199999999997,3.3903,3.3974699999999998,3.4045400000000003,3.41152,3.4184099999999997,3.4252300000000004,3.4319900000000003,3.43868,3.4453099999999997,3.4519,3.45845,3.46496,3.4714400000000003,3.4779,3.48435,3.4908,3.49727,3.50584,3.5264800000000003,3.5328199999999996,3.5392300000000003,3.5457400000000003,3.5523800000000003,3.5592099999999998,3.5662800000000003,3.5737,3.5815699999999997,3.59005,3.5993800000000005,3.64741,3.67576,3.6890300000000003,3.70534,3.7262,3.75388,3.78091,3.8020400000000003,3.8065800000000003,3.8111,3.81561,3.8201099999999997,3.82458,3.82904,3.8334900000000003,3.8379199999999996,3.8423300000000005,3.8467300000000004,3.85112,3.8554800000000005,3.8632699999999995,3.88331,3.89309,3.89735,3.9016,3.9058300000000004
2M19343286+4249298,3.19123,3.20016,3.20885,3.2173599999999998,3.2257,3.2339,3.2419700000000002,3.24993,3.25778,3.26554,3.2732,3.2807699999999995,3.2882599999999997,3.29567,3.30301,3.3102699999999996,3.31746,3.32522,3.33311,3.34076,3.34824,3.3555699999999997,3.36277,3.3698599999999996,3.37685,3.38375,3.39056,3.39731,3.4039800000000002,3.41059,3.4171300000000002,3.42363,3.4300699999999997,3.43646,3.4428099999999997,3.4491199999999997,3.45539,3.46162,3.46783,3.474,3.4801599999999997,3.4862900000000003,3.4924199999999996,3.49854,3.5096300000000005,3.51569,3.52176,3.52785,3.53399,3.54019,3.5464900000000004,3.5529300000000004,3.55957,3.5665,3.57385,3.6613599999999997,3.70399,3.7127199999999996,3.7231400000000003,3.7364900000000003,3.7543,3.7611199999999996,3.76789,3.77466,3.7815,3.78845,3.7955900000000002,3.8029699999999997,3.81069,3.81886,3.82763,3.8326,3.83702,3.84305,3.8504400000000003,3.8698300000000003,3.8913900000000003,3.9156199999999997,3.92584,3.93163,3.93727
2M19342073+4255440,3.13095,3.15353,3.1643,3.17481,3.18509,3.19515,3.205,3.21465,3.22411,3.23339,3.2425,3.25145,3.26024,3.26888,3.2773800000000004,3.28575,3.2939800000000004,3.3021,3.31009,3.31797,3.32573,3.3342699999999996,3.34285,3.3511699999999998,3.3592800000000005,3.3671900000000003,3.3749300000000004,3.38251,3.38995,3.3972599999999997,3.40445,3.41154,3.4185300000000005,3.42544,3.43225,3.439,3.44567,3.45229,3.4588400000000004,3.46535,3.4718199999999997,3.4782599999999997,3.4846800000000004,3.5009699999999997,3.52299,3.5297699999999996,3.53594,3.54216,3.54845,3.5548699999999998,3.56145,3.56826,3.5754,3.583,3.59124,3.6012199999999996,3.6117,3.62414,3.63955,3.65944,3.6859300000000004,3.72183,3.7555400000000003,3.78255,3.81525,3.82634,3.83083,3.8353,3.83976,3.8442,3.8486300000000004,3.85304,3.85744,3.86182,3.86619,3.87054,3.87605,3.8894300000000004,3.9023,3.91468,3.92656
2M19331205+4131240,3.14967,3.17212,3.18207,3.19182,3.2013700000000003,3.21074,3.21992,3.22895,3.2378099999999996,3.2465200000000003,3.25509,3.26352,3.27183,3.28001,3.28807,3.2960199999999995,3.30387,3.31253,3.32164,3.33039,3.3388400000000003,3.34703,3.35501,3.3628,3.3704199999999997,3.3778900000000003,3.3852300000000004,3.39245,3.3995699999999998,3.40659,3.4135199999999997,3.42036,3.42714,3.43384,3.44049,3.44708,3.45361,3.46011,3.46657,3.4729900000000002,3.47939,3.48578,3.4921699999999998,3.5104,3.5232,3.5294199999999996,3.53568,3.54201,3.5484400000000003,3.55501,3.5617699999999997,3.5688,3.57619,3.5841,3.5927300000000004,3.6486099999999997,3.6588800000000004,3.67104,3.6861,3.70574,3.73264,3.7641,3.7864800000000005,3.8090900000000003,3.81362,3.8181300000000005,3.8226199999999997,3.82709,3.83155,3.836,3.8404300000000005,3.84484,3.84924,3.85362,3.85799,3.86579,3.8861800000000004,3.89183,3.8961,3.9029199999999995,3.91417
2M19040872+4936522,3.13575,3.14667,3.1677400000000002,3.1779900000000003,3.18803,3.1978400000000002,3.2074599999999998,3.2168900000000002,3.22614,3.23522,3.2441400000000002,3.25291,3.26153,3.27002,3.27837,3.2866,3.2947,3.30269,3.31057,3.31835,3.3260199999999998,3.33359,3.3410599999999997,3.34844,3.35574,3.36294,3.3703199999999995,3.37788,3.38525,3.3924800000000004,3.3996,3.4066199999999998,3.41353,3.42035,3.42709,3.43375,3.4403300000000003,3.44685,3.4533,3.45969,3.46602,3.47231,3.4822599999999997,3.50544,3.5173099999999997,3.5232099999999997,3.5291099999999997,3.535,3.54092,3.5468699999999997,3.55289,3.559,3.56526,3.57175,3.5785699999999996,3.59841,3.6063400000000003,3.61551,3.62685,3.6422199999999996,3.6651,3.7001699999999995,3.72665,3.7501800000000003,3.77915,3.81565,3.8288699999999998,3.83334,3.8378,3.8422400000000003,3.84666,3.8510699999999995,3.8554699999999995,3.85985,3.86421,3.8731400000000002,3.89227,3.9060300000000003,3.9192,3.9317800000000003,3.9437699999999998
2M19284107+4054587,3.14717,3.18273,3.1922900000000003,3.20165,3.21081,3.21979,3.2286099999999998,3.2372799999999997,3.2458,3.2541900000000004,3.2624400000000002,3.27058,3.27861,3.28959,3.30025,3.31015,3.31949,3.3283699999999996,3.3368900000000004,3.3451199999999996,3.35311,3.36089,3.3685,3.37596,3.38329,3.3905,3.39761,3.4046199999999995,3.41155,3.4184099999999997,3.4252,3.4319300000000004,3.4386,3.4452300000000005,3.4518199999999997,3.4583699999999995,3.4649,3.4714,3.47789,3.4843699999999997,3.49086,3.4973699999999996,3.50391,3.5198199999999997,3.5292,3.5357199999999995,3.54233,3.5490699999999995,3.55597,3.5631,3.57053,3.57836,3.58673,3.59582,3.6058800000000004,3.6549099999999997,3.69536,3.70986,3.7277099999999996,3.7504800000000005,3.7805,3.79239,3.7990800000000005,3.8036199999999996,3.8081400000000003,3.81265,3.81714,3.82162,3.82608,3.83052,3.83495,3.8393599999999997,3.84376,3.8481400000000003,3.8525099999999997,3.86288,3.88288,3.89506,3.89931,3.90354,3.9077599999999997
2M19214099+3751064,3.19682,3.20627,3.21402,3.22169,3.2292799999999997,3.2368,3.24425,3.25162,3.25894,3.26619,3.27339,3.2805199999999997,3.2876,3.29485,3.3027599999999997,3.3103599999999997,3.31775,3.32499,3.33209,3.3390699999999995,3.34597,3.35278,3.3595099999999998,3.36619,3.3728,3.37935,3.38585,3.3923,3.3987,3.4050599999999998,3.4113800000000003,3.4176599999999997,3.4239,3.43011,3.4362800000000004,3.44242,3.4485300000000003,3.4546099999999997,3.46067,3.46671,3.47272,3.4787199999999996,3.4847,3.4906800000000002,3.49666,3.5026300000000004,3.5085900000000003,3.51456,3.52055,3.5265699999999995,3.5325900000000003,3.5386300000000004,3.5446699999999995,3.5507,3.5567300000000004,3.63795,3.7212300000000003,3.72663,3.73202,3.7374,3.7427699999999997,3.74815,3.7535300000000005,3.7589300000000003,3.76436,3.7698300000000002,3.7753699999999997,3.781,3.78674,3.79264,3.7987699999999998,3.81735,3.83009,3.83566,3.8411,3.8551300000000004,3.8749599999999997,3.8973400000000002,3.92276,3.9336599999999997,3.9384
2M19394922+4408593,3.21414,3.22276,3.23591,0.00055,3.26009,-0.00016999999999999999
2M19322220+4121198,3.13737,3.15729,3.16798,3.17842,3.1886400000000004,3.19864,3.2084200000000003,3.21801,3.2274,3.2366099999999998,3.24565,3.25452,3.26324,3.27181,3.28024,3.28853,3.2967,3.30475,3.3126800000000003,3.32049,3.3282,3.3361699999999996,3.3447199999999997,3.35296,3.36099,3.36884,3.3765099999999997,3.38403,3.3914199999999997,3.39868,3.4058300000000004,3.4128800000000004,3.41983,3.4266900000000002,3.4334800000000003,3.4401900000000003,3.4468300000000003,3.45341,3.45994,3.46642,3.47286,3.4792699999999996,3.48565,3.4948,3.51723,3.52869,3.5348300000000004,3.54101,3.5472699999999997,3.55364,3.56017,3.56691,3.57396,3.58145,3.58955,3.6089300000000004,3.61895,3.63081,3.6455,3.66457,3.6902699999999995,3.7256099999999996,3.7689699999999995,3.79665,3.82116,3.8256699999999997,3.83017,3.8346400000000003,3.83911,3.84355,3.8479900000000002,3.8524,3.8568,3.86119,3.86556,3.8699199999999996,3.87903,3.8848599999999998,3.89762,3.9098699999999997,3.92164
2M19562938+4152003,3.1778,3.18724,3.19645,3.2054400000000003,3.21424,3.22287,3.23135,3.23968,3.24788,3.25597,3.2639299999999998,3.27179,3.27955,3.28721,3.2947900000000003,3.3022699999999996,3.3096699999999997,3.317,3.32425,3.3314199999999996,3.3386099999999996,3.34625,3.35376,3.3611,3.3683099999999997,3.3754,3.3824,3.3893,3.39612,3.40286,3.4095199999999997,3.41612,3.42266,3.4291400000000003,3.4355599999999997,3.44193,3.44826,3.45454,3.46078,3.4669800000000004,3.47315,3.4793,3.4854199999999995,3.49367,3.50702,3.51301,3.5190099999999997,3.52501,3.5310300000000003,3.5371,3.54324,3.54947,3.55586,3.5624800000000003,3.5694199999999996,3.64594,3.6749300000000003,3.68306,3.69266,3.7049,3.72232,3.7504199999999996,3.7757699999999996,3.7833699999999997,3.79105,3.7988800000000005,3.80695,3.8153699999999997,3.82091,3.82536,3.8298,3.8342199999999997,3.83863,3.8430199999999997,3.8474,3.8592699999999995,3.87877,3.90061,3.90717,3.91362,3.91985
2M19340476+4116386,3.1359,3.1569599999999998,3.16772,3.17823,3.18851,3.19857,3.2084200000000003,3.21807,3.22753,3.2368099999999997,3.24592,3.25486,3.26365,3.2722900000000004,3.2807800000000005,3.28914,3.29737,3.30548,3.31431,3.32385,3.33299,3.3418099999999997,3.35034,3.3586300000000002,3.3667,3.3745800000000004,3.3822900000000002,3.3898599999999997,3.3972800000000003,3.4045900000000002,3.4117800000000003,3.4188699999999996,3.4258699999999997,3.43278,3.4396199999999997,3.44639,3.4531099999999997,3.4597599999999997,3.4663800000000005,3.47295,3.4795,3.4860300000000004,3.4925599999999997,3.5059400000000003,3.52835,3.5372199999999996,3.54359,3.55005,3.55665,3.56342,3.5704300000000004,3.57778,3.58558,3.5939900000000002,3.60325,3.6172699999999995,3.6292199999999997,3.64342,3.6608400000000003,3.68285,3.7113400000000003,3.7459300000000004,3.7697199999999995,3.79789,3.82312,3.82763,3.8321199999999997,3.8366,3.84105,3.8455,3.84993,3.85434,3.85874,3.86312,3.86749,3.87184,3.87785,3.88626,3.8990099999999996,3.9112699999999996,3.9230400000000003
2M19441136+4244348,3.1499,3.16838,3.17847,3.18834,3.198,3.2074700000000003,3.21675,3.22585,3.2347900000000003,3.24356,3.25219,3.26067,3.2690200000000003,3.27724,3.28534,3.2933199999999996,3.30119,3.30896,3.31662,3.32419,3.33166,3.3397099999999997,3.34778,3.35564,3.36334,3.3708699999999996,3.37826,3.38553,3.3926800000000004,3.39972,3.4066699999999996,3.41353,3.4203099999999997,3.4270099999999997,3.43364,3.44021,3.4467199999999996,3.45318,3.4595800000000003,3.4659400000000002,3.4722699999999995,3.47856,3.48483,3.4950900000000003,3.5161800000000003,3.52222,3.52828,3.53436,3.5405,3.5467199999999997,3.55305,3.55955,3.5662800000000003,3.5733599999999996,3.5809300000000004,3.6337699999999997,3.6423900000000002,3.6524,3.6646300000000003,3.6806099999999997,3.70306,3.7362699999999998,3.77935,3.80574,3.81275,3.8172599999999997,3.82176,3.8262400000000003,3.8307,3.83515,3.83958,3.844,3.8484,3.85278,3.85715,3.8626099999999997,3.8827,3.89016,3.8944400000000003,3.90308,3.9144400000000004
2M19092683+3842505,3.1785799999999997,3.18807,3.19732,3.2063599999999997,3.21521,3.22388,3.23239,3.24076,3.249,3.25711,3.26511,3.27299,3.2807800000000005,3.2884599999999997,3.2960599999999998,3.30356,3.3109800000000003,3.3183199999999995,3.32559,3.33366,3.3415199999999996,3.34916,3.35664,3.36398,3.3711900000000004,3.3782900000000002,3.3852900000000004,3.3922,3.3990199999999997,3.4057699999999995,3.41245,3.41905,3.4256,3.43209,3.43853,3.4449199999999998,3.45126,3.4575699999999996,3.46383,3.4700699999999998,3.4762699999999995,3.48245,3.4886199999999996,3.4947800000000004,3.51051,3.5165599999999997,3.52261,3.52869,3.53482,3.54101,3.5473,3.5537300000000003,3.56037,3.56731,3.5746800000000003,3.6490199999999997,3.6829,3.6918800000000003,3.70264,3.7164800000000002,3.73595,3.7659800000000003,3.7817800000000004,3.78925,3.79685,3.80465,3.81267,3.81716,3.8216300000000003,3.82609,3.8305300000000004,3.83495,3.8393599999999997,3.84375,3.8481300000000003,3.86093,3.88056,3.90204,3.9062699999999997,3.91227,3.91851
2M19254039+3840204,3.18185,3.19092,3.19978,3.20847,3.21699,3.22536,3.23359,3.24171,3.2497,3.25759,3.26538,3.2730599999999996,3.2806599999999997,3.28818,3.29561,3.3029599999999997,3.3102300000000002,3.3174300000000003,3.32481,3.33259,3.34016,3.3475800000000002,3.35485,3.362,3.36904,3.3759900000000003,3.38285,3.3896300000000004,3.3963300000000003,3.4029599999999998,3.4095400000000002,3.41605,3.4225,3.4289099999999997,3.43526,3.4415699999999996,3.4478400000000002,3.4540699999999998,3.46026,3.46642,3.4725599999999996,3.4786699999999997,3.4847599999999996,3.4937300000000002,3.5043800000000003,3.51036,3.51634,3.5223400000000002,3.5283599999999997,3.5344300000000004,3.5405699999999998,3.54682,3.55323,3.5598699999999996,3.5668300000000004,3.6391699999999996,3.6912,3.69927,3.70875,3.7207,3.7373800000000004,3.76378,3.7751099999999997,3.78208,3.78914,3.7963400000000003,3.8037699999999997,3.80995,3.8144199999999997,3.8188699999999995,3.8233099999999998,3.8277300000000003,3.8321300000000003,3.8365199999999997,3.8408900000000004,3.85226,3.8716800000000005,3.8941199999999996,3.9071,3.9131,3.9189199999999995
2M19071403+4918590,3.18025,3.18962,3.19876,3.2077,3.21645,3.22503,3.23346,3.2417599999999998,3.24992,3.2579599999999997,3.2659,3.27373,3.28146,3.2890900000000003,3.29664,3.3041,3.3114800000000004,3.3187800000000003,3.3260099999999997,3.33357,3.3413800000000005,3.3489699999999996,3.3564,3.3637,3.37088,3.37794,3.3849099999999996,3.3917900000000003,3.3985800000000004,3.4053,3.4119599999999997,3.41854,3.42507,3.43154,3.43795,3.44432,3.45064,3.4569300000000003,3.46317,3.46938,3.4755599999999998,3.4817199999999997,3.48786,3.4953,3.5089699999999997,3.515,3.52103,3.5270699999999997,3.53315,3.5392900000000003,3.5455099999999997,3.55185,3.5583699999999996,3.5651599999999997,3.57234,3.65005,3.68241,3.6909699999999996,3.70117,3.71426,3.7328300000000003,3.7621900000000004,3.77759,3.78505,3.7926,3.8003099999999996,3.8082800000000003,3.81659,3.8212300000000003,3.82568,3.8301199999999995,3.83455,3.8389599999999997,3.84335,3.8477300000000003,3.86107,3.8806599999999998,3.9026699999999996,3.90898,3.91534,3.9215
2M19505021+4804508,3.17797,3.1875400000000003,3.19678,3.20582,3.21468,3.22336,3.2319,3.2402900000000003,3.24854,3.25668,3.2647,3.27261,3.28041,3.2881199999999997,3.2957400000000003,3.30326,3.31071,3.3180699999999996,3.32556,3.33368,3.34153,3.34919,3.35669,3.36404,3.37126,3.3783800000000004,3.38539,3.3923,3.39914,3.4058900000000003,3.4125699999999997,3.41919,3.42575,3.43224,3.4386900000000002,3.44509,3.4514400000000003,3.45775,3.4640199999999997,3.4702599999999997,3.4764699999999995,3.4826599999999996,3.48883,3.4986099999999998,3.51128,3.5173400000000004,3.5234099999999997,3.5295,3.5356300000000003,3.54184,3.54815,3.5546,3.5612699999999995,3.5682400000000003,3.57566,3.6505900000000002,3.6799800000000005,3.6891199999999995,3.70013,3.7144,3.7347099999999998,3.76629,3.7842599999999997,3.7919699999999996,3.7997900000000002,3.80781,3.8140099999999997,3.81849,3.8229599999999997,3.8274199999999996,3.83185,3.8362800000000004,3.8406800000000003,3.8450800000000003,3.84945,3.86245,3.88217,3.9016,3.90584,3.9100599999999996,3.91551
2M19134816+4014431,3.2011700000000003,3.20886,3.21647,3.22402,3.2315,3.23893,3.24629,3.2536,3.26085,3.26804,3.27517,3.28225,3.28928,3.2962599999999997,3.3031900000000003,3.31006,3.3168900000000003,3.32367,3.3304,3.3370900000000003,3.34425,3.35131,3.35829,3.36519,3.3719900000000003,3.37871,3.38533,3.3918800000000005,3.39836,3.4047699999999996,3.41112,3.41742,3.42366,3.4298599999999997,3.43601,3.4421199999999996,3.4481800000000002,3.45421,3.4602,3.46616,3.4720800000000005,3.4779699999999996,3.48383,3.4897199999999997,3.49565,3.5015699999999996,3.50745,3.5133300000000003,3.5191800000000004,3.5250199999999996,3.53085,3.5366800000000005,3.54251,3.54835,3.55421,3.63502,3.72335,3.7282900000000003,3.7332300000000003,3.7381699999999998,3.7431099999999997,3.74805,3.7530099999999997,3.75799,3.76301,3.7680800000000003,3.7732099999999997,3.7784400000000002,3.7838,3.78935,3.8088800000000003,3.8227599999999997,3.83406,3.8392199999999996,3.8443,3.8591,3.87866,3.9007699999999996,3.9259,3.93906,3.94359
2M19144528+4109042,3.1443,3.16247,3.17283,3.18296,3.1928900000000002,3.20261,3.21214,3.22149,3.23066,3.23965,3.2484900000000003,3.25718,3.26572,3.27412,3.2823900000000004,3.2905300000000004,3.2985599999999997,3.3064699999999996,3.3142699999999996,3.32197,3.32956,3.3370599999999997,3.34535,3.35341,3.3612699999999998,3.36896,3.3765,3.38389,3.3911599999999997,3.3983199999999996,3.4053699999999996,3.41232,3.4191800000000003,3.42596,3.43267,3.4393,3.4458699999999998,3.4523800000000002,3.4588400000000004,3.46525,3.4716199999999997,3.47795,3.48426,3.49451,3.5165800000000003,3.5247800000000002,3.53084,3.53694,3.5430900000000003,3.54932,3.55568,3.56221,3.5689900000000003,3.57614,3.5838,3.6199800000000004,3.6289800000000003,3.6395,3.6524400000000004,3.6693800000000003,3.69291,3.7267699999999997,3.76759,3.7940699999999996,3.81671,3.82122,3.82571,3.83019,3.83465,3.8391,3.8435300000000003,3.84795,3.85235,3.85673,3.8611,3.8654599999999997,3.88236,3.88666,3.8972800000000003,3.90941,3.92101
2M19300081+4304593,3.1979900000000003,3.2063099999999998,3.21447,3.2225,3.23041,3.23822,3.24593,3.25356,3.2611,3.26857,3.27597,3.28329,3.29055,3.29774,3.3048699999999998,3.3119400000000003,3.3195900000000003,3.32726,3.33472,3.3420199999999998,3.34919,3.35625,3.36321,3.37008,3.37687,3.3835800000000003,3.3902300000000003,3.3968199999999995,3.40335,3.4098300000000004,3.41626,3.4226400000000003,3.42898,3.4352699999999996,3.44153,3.44775,3.45393,3.46009,3.46621,3.47231,3.47839,3.48445,3.4904900000000003,3.49795,3.5045699999999997,3.5105699999999995,3.5165900000000003,3.52261,3.52866,3.53475,3.54092,3.54719,3.5536199999999996,3.5602699999999996,3.5672599999999997,3.6587699999999996,3.7168699999999997,3.72476,3.7339900000000004,3.7412,3.7473699999999996,3.75346,3.7595199999999998,3.7655800000000004,3.77167,3.7778099999999997,3.7840599999999998,3.79045,3.79704,3.8039,3.8111300000000004,3.8212099999999998,3.83834,3.84464,3.8513900000000003,4.42605,3.89069,3.914,3.9328300000000005,3.9380699999999997,3.9432
2M19233947+4217116,3.1331,3.14427,3.1595,3.17009,3.18044,3.19056,3.2004799999999998,3.2102,3.2197299999999998,3.2290900000000002,3.23828,3.2473099999999997,3.25619,3.26492,3.27622,3.28462,3.2928900000000003,3.3010300000000004,3.30905,3.31696,3.32475,3.3324300000000004,3.34001,3.34749,3.35488,3.36217,3.3694699999999997,3.3771199999999997,3.38458,3.3919099999999998,3.39911,3.4062,3.41318,3.4200699999999995,3.4268699999999996,3.43358,3.4402199999999996,3.4467800000000004,3.4532800000000003,3.45972,3.4661,3.4811,3.48739,3.4974800000000004,3.51893,3.53364,3.53955,3.5454800000000004,3.55142,3.5574199999999996,3.5635,3.5697,3.57609,3.5827400000000003,3.5897900000000003,3.59746,3.6060800000000004,3.61626,3.62908,3.64644,3.6710800000000003,3.7060800000000005,3.7422400000000002,3.7677699999999996,3.7989,3.83512,3.83961,3.8440800000000004,3.8485400000000003,3.85298,3.85741,3.86182,3.8662199999999998,3.8706,3.87497,3.88021,3.89436,3.9082199999999996,3.9215400000000002,3.93431,3.94653
2M18575579+4423529,3.1489700000000003,3.1667099999999997,3.17674,3.18657,3.1962,3.20565,3.21492,3.22402,3.23297,3.2417599999999998,3.25041,3.2589200000000003,3.2673,3.27555,3.2836800000000004,3.2917,3.2996,3.3073900000000003,3.31509,3.32268,3.3301800000000004,3.3378699999999997,3.3460400000000003,3.35394,3.3616599999999996,3.36922,3.3766300000000005,3.38392,3.39109,3.39815,3.4051099999999996,3.4119800000000002,3.41877,3.4254800000000003,3.43212,3.4386900000000002,3.4452,3.45166,3.4580699999999998,3.4644199999999996,3.47074,3.4770300000000005,3.48329,3.49919,3.51611,3.5221199999999997,3.52814,3.53418,3.5402699999999996,3.54644,3.55271,3.55914,3.5657900000000002,3.57277,3.5802,3.6304800000000004,3.63895,3.64876,3.6607300000000005,3.6763800000000004,3.6984199999999996,3.7312199999999995,3.75955,3.78415,3.81239,3.8169,3.82139,3.8258699999999997,3.8303300000000005,3.83477,3.8392,3.84361,3.84801,3.85239,3.85676,3.86142,3.88179,3.88865,3.89992,3.91194,3.9234
2M19011470+4750549,3.14738,3.16867,3.17855,3.18823,3.19771,3.20701,3.21614,3.22511,3.23391,3.24258,3.2511,3.25948,3.26775,3.27588,3.2839099999999997,3.2918199999999995,3.2996300000000005,3.3073300000000003,3.31494,3.32245,3.32988,3.3374599999999996,3.3454900000000003,3.3532800000000003,3.36089,3.36836,3.37569,3.3829,3.39,3.39699,3.40389,3.41071,3.41745,3.4241099999999998,3.43071,3.43724,3.44371,3.45013,3.4565,3.4628300000000003,3.4691099999999997,3.47537,3.48159,3.4998,3.5124199999999997,3.51842,3.5244199999999997,3.53045,3.53651,3.5426300000000004,3.54885,3.5552,3.56176,3.5686,3.57585,3.63369,3.6418,3.6511199999999997,3.6624199999999996,3.6772,3.6983300000000003,3.73081,3.76885,3.79374,3.8091699999999995,3.81368,3.81817,3.82265,3.8271,3.83155,3.8359699999999997,3.84039,3.84478,3.84916,3.85353,3.85788,3.8779,3.8888800000000003,3.8931400000000003,3.9046,3.9159
2M19293325+4213597,3.1793299999999998,3.1888900000000002,3.19817,3.20723,3.21607,3.22473,3.23322,3.2415599999999998,3.2497700000000003,3.25785,3.2658099999999997,3.27367,3.28142,3.2890800000000002,3.29664,3.3041199999999997,3.3115099999999997,3.3188199999999997,3.32606,3.33322,3.3403099999999997,3.3479699999999997,3.35543,3.3627599999999997,3.36995,3.37704,3.3840199999999996,3.3909199999999995,3.39773,3.40446,3.41112,3.41771,3.42425,3.4307199999999995,3.4371400000000003,3.44351,3.44984,3.45612,3.46236,3.4685599999999996,3.47473,3.48087,3.48699,3.4931,3.5083,3.5142800000000003,3.5202699999999996,3.5262599999999997,3.53228,3.53835,3.54448,3.5507199999999997,3.55712,3.56374,3.5707,3.6502199999999996,3.68289,3.691,3.70054,3.71265,3.72968,3.7567199999999996,3.77938,3.7866199999999997,3.79397,3.8015,3.8092900000000003,3.8163699999999996,3.82084,3.8253,3.82974,3.83417,3.8385800000000003,3.8429699999999998,3.84735,3.86055,3.8801400000000004,3.9028099999999997,3.9098900000000003,3.9161599999999996,3.92224
2M19155629+4003522,3.17064,3.18712,3.19604,3.20479,3.2134,3.22186,3.2301900000000003,3.2383900000000003,3.24648,3.25445,3.26233,3.2701,3.2777800000000004,3.28537,3.2928699999999997,3.30029,3.30763,3.31489,3.3222400000000003,3.3301,3.3377199999999996,3.3451800000000005,3.35249,3.3596800000000004,3.3667599999999998,3.37374,3.3806300000000005,3.38743,3.39416,3.4008199999999995,3.40741,3.41394,3.4204199999999996,3.4268400000000003,3.43321,3.4395300000000004,3.44581,3.45205,3.45825,3.46441,3.47055,3.47666,3.48276,3.4984800000000003,3.50445,3.51041,3.5163699999999998,3.5223400000000002,3.52834,3.53438,3.54048,3.5466900000000003,3.55305,3.5596300000000003,3.56653,3.6343900000000002,3.6859,3.69394,3.70341,3.7154800000000003,3.73264,3.76061,3.78747,3.79201,3.7965400000000002,3.80105,3.80554,3.8100199999999997,3.81448,3.8189300000000004,3.8233599999999996,3.8277699999999997,3.8321699999999996,3.83655,3.8409199999999997,3.8508199999999997,3.8704400000000003,3.8931699999999996,3.9043699999999997,3.90856,3.9127400000000003
2M19394766+4626191,3.1877,3.19647,3.20505,3.21347,3.22174,3.22988,3.23791,3.24582,3.25363,3.26135,3.26897,3.27651,3.2839699999999996,3.29135,3.29866,3.3059,3.3131699999999995,3.3211699999999995,3.32891,3.33645,3.34383,3.3510800000000005,3.3582099999999997,3.3652300000000004,3.37215,3.37899,3.38575,3.39244,3.3990699999999996,3.4056300000000004,3.41214,3.41859,3.42499,3.43135,3.4376599999999997,3.4439300000000004,3.4501699999999995,3.4563699999999997,3.46254,3.4686800000000004,3.4748,3.4809,3.4869800000000004,3.4959599999999997,3.5043900000000003,3.51039,3.51641,3.52244,3.52851,3.5346300000000004,3.54083,3.54715,3.55364,3.5603800000000003,3.5674900000000003,3.6439,3.70341,3.71167,3.7214199999999997,3.7337300000000004,3.7509099999999997,3.7629699999999997,3.7696,3.7762300000000004,3.78292,3.78974,3.79673,3.8039699999999996,3.81154,3.8171199999999996,3.82156,3.8259800000000004,3.83039,3.8347800000000003,3.83915,3.85236,3.87356,3.8975400000000002,3.91489,3.92058,3.92613
2M19174175+4643342,3.19504,3.20352,3.21181,3.21996,3.22797,3.23588,3.24368,3.2513799999999997,3.259,3.26653,3.27399,3.28137,3.2886800000000003,3.2959199999999997,3.3031,3.3102099999999997,3.31742,3.32515,3.3327,3.34007,3.34729,3.3544,3.3614,3.3683099999999997,3.37514,3.3818900000000003,3.3885699999999996,3.39519,3.40174,3.40825,3.4146900000000002,3.42109,3.42745,3.43376,3.44003,3.4462599999999997,3.45245,3.45862,3.46475,3.47085,3.4769400000000004,3.483,3.48905,3.4954699999999996,3.5040199999999997,3.51002,3.5160099999999996,3.52202,3.52805,3.53413,3.5402699999999996,3.5465199999999997,3.55292,3.55954,3.5664800000000003,3.6536800000000005,3.71368,3.72151,3.73064,3.74209,3.75017,3.7563800000000005,3.76255,3.76871,3.7749099999999998,3.78119,3.78758,3.79414,3.8009199999999996,3.8080199999999995,3.8155300000000003,3.8236199999999996,3.83394,3.84039,3.8466099999999996,3.86464,3.8854599999999997,3.9089,3.92803,3.93335,3.93855
2M19491018+4958538,3.19583,3.20451,3.21298,3.22128,3.22945,3.23748,3.2454099999999997,3.25323,3.26096,3.26859,3.2761400000000003,3.28361,3.29101,3.2983300000000004,3.3055800000000004,3.31294,3.3211,3.32901,3.3366800000000003,3.34416,3.3515,3.3587,3.36579,3.37278,3.3796800000000005,3.3865,3.39324,3.39992,3.4065300000000005,3.41309,3.4195900000000004,3.42604,3.43244,3.4388,3.4451199999999997,3.4514,3.45765,3.4638699999999996,3.47005,3.4762199999999996,3.48236,3.48849,3.49462,3.50074,3.5104599999999997,3.51654,3.5226300000000004,3.52875,3.5349199999999996,3.5411599999999996,3.54751,3.5540199999999995,3.56074,3.56777,3.5752599999999997,3.66565,3.7156,3.72454,3.73524,3.7485800000000005,3.7550800000000004,3.76151,3.7679300000000002,3.77437,3.7808800000000002,3.7875099999999997,3.7943,3.8013199999999996,3.80864,3.81636,3.82461,3.8313900000000003,3.8374300000000003,3.8442800000000004,3.85275,3.87192,3.89325,3.9172,3.92982,3.93537,3.9407900000000002
2M19360227+4252507,3.17913,3.18859,3.19781,3.20681,3.21561,3.22424,3.23271,3.24103,3.24923,3.2573,3.26526,3.27311,3.2808599999999997,3.28851,3.29607,3.30355,3.31094,3.31825,3.3256300000000003,3.3336300000000003,3.3414300000000003,3.34902,3.3564599999999998,3.3637699999999997,3.37095,3.37802,3.385,3.3918800000000005,3.39868,3.40541,3.4120699999999995,3.41866,3.4252,3.4316699999999996,3.4381,3.4444800000000004,3.4508099999999997,3.4571,3.4633599999999998,3.46958,3.4757800000000003,3.48195,3.48811,3.4942599999999997,3.50946,3.5155,3.5215400000000003,3.5276199999999998,3.5337300000000003,3.53991,3.54619,3.55261,3.5592300000000003,3.5661400000000003,3.5734800000000004,3.6465099999999997,3.68594,3.69481,3.7054,3.71895,3.73789,3.7669900000000003,3.7802300000000004,3.7875300000000003,3.79495,3.8025800000000003,3.81048,3.8154199999999996,3.81989,3.82435,3.82878,3.83321,3.83762,3.8420099999999997,3.8463800000000004,3.8587599999999997,3.8783199999999995,3.90099,3.9069300000000005,3.9132599999999997,3.91939
2M19285614+4134307,3.14437,3.16961,3.17957,3.18931,3.19885,3.20821,3.21738,3.22638,3.23522,3.24391,3.25245,3.2608599999999996,3.26914,3.2773,3.28534,3.2932699999999997,3.3010900000000003,3.30881,3.31644,3.3239699999999996,3.3317900000000003,3.3400800000000004,3.34807,3.35587,3.3635,3.3709800000000003,3.3783300000000005,3.38555,3.39266,3.3996800000000005,3.4066,3.4134300000000004,3.4201900000000003,3.4268699999999996,3.43349,3.44004,3.44654,3.45298,3.4593800000000003,3.4657400000000003,3.47206,3.47835,3.4846199999999996,3.50235,3.5153,3.5213699999999997,3.52746,3.5335699999999997,3.53974,3.54599,3.55235,3.5588800000000003,3.56566,3.5727800000000003,3.5804,3.6341300000000003,3.64285,3.653,3.66546,3.6819,3.70529,3.74044,3.78369,3.80752,3.81205,3.81656,3.82105,3.82553,3.82999,3.8344400000000003,3.8388699999999996,3.8432800000000005,3.8476800000000004,3.85206,3.8564300000000005,3.86206,3.88215,3.88982,3.8940900000000003,3.90065,3.9119300000000004
2M19045932+5014326,3.1931599999999998,3.20215,3.2108,3.21928,3.22761,3.23581,3.24388,3.25185,3.2597,3.26746,3.27513,3.28271,3.2902099999999996,3.2976400000000003,3.3049800000000005,3.31365,3.32209,3.3302,3.33806,3.34571,3.35319,3.3605199999999997,3.36772,3.3748099999999996,3.38179,3.38869,3.39551,3.40226,3.4089300000000002,3.41555,3.42211,3.4286199999999996,3.43508,3.44149,3.44786,3.4542,3.4605,3.4667800000000004,3.4730300000000005,3.47926,3.48547,3.49168,3.4979,3.50412,3.51491,3.5211,3.5273199999999996,3.53358,3.5399199999999995,3.5463699999999996,3.5529699999999997,3.55977,3.5668800000000003,3.5744,3.5825199999999997,3.6699699999999997,3.7097800000000003,3.72004,3.73255,3.74767,3.75474,3.7617,3.76865,3.7756300000000005,3.78269,3.78991,3.79734,3.8050599999999997,3.81316,3.8217800000000004,3.8309800000000003,3.83541,3.83983,3.8455800000000004,3.85474,3.8743800000000004,3.8961900000000003,4.0261,3.92741,3.93336,3.93915
2M19542140+4045024,3.16735,3.17713,3.18715,3.19706,3.20667,3.21601,3.22513,3.2340400000000002,3.24277,3.25133,3.2597400000000003,3.26801,3.27615,3.2841699999999996,3.29207,3.29986,3.30755,3.31514,3.32345,3.3319,3.3400800000000004,3.34805,3.3558199999999996,3.3634199999999996,3.37088,3.3782,3.38541,3.3925,3.3995,3.40642,3.41325,3.42,3.4266900000000002,3.4333099999999996,3.4398800000000005,3.44639,3.45285,3.4592699999999996,3.4656599999999997,3.47201,3.47834,3.48464,3.49094,3.49724,3.51013,3.5238199999999997,3.52999,3.53621,3.54251,3.5489300000000004,3.55551,3.5623,3.56941,3.5769599999999997,3.58512,3.64521,3.6747900000000002,3.6855900000000004,3.6987900000000002,3.7158300000000004,3.73915,3.7725699999999995,3.79941,3.80396,3.8085,3.81301,3.81751,3.822,3.8264699999999996,3.83092,3.8353599999999997,3.83978,3.84419,3.84858,3.85295,3.8624,3.88214,3.89785,3.9021,3.90633,3.91056
2M19220642+3808347,3.15508,3.1722099999999998,3.18206,3.19171,3.2011700000000003,3.21044,3.21953,3.2284599999999997,3.23723,3.24585,3.25432,3.26267,3.27088,3.2789800000000002,3.2869599999999997,3.29483,3.3025900000000004,3.31026,3.3178300000000003,3.3253,3.33269,3.3403400000000003,3.3483099999999997,3.35604,3.36361,3.37103,3.3783300000000005,3.3855,3.39256,3.3995300000000004,3.4064099999999997,3.4132,3.41991,3.42655,3.4331300000000002,3.4396400000000003,3.4461,3.4525,3.45886,3.4651699999999996,3.47145,3.47769,3.48391,3.4944900000000003,3.5133699999999997,3.51937,3.5253699999999997,3.5314,3.53747,3.5436,3.5498199999999995,3.55619,3.56276,3.5696199999999996,3.5769,3.6393199999999997,3.65055,3.6597800000000005,3.6709400000000003,3.6854400000000003,3.70601,3.7374300000000003,3.77947,3.80484,3.80946,3.81397,3.8184699999999996,3.82295,3.82741,3.83186,3.83629,3.84071,3.84511,3.8495,3.8538699999999997,3.86056,3.88056,3.8926,3.8968599999999998,3.90222,3.9134300000000004
2M19351595+4212449,3.13558,3.1682900000000003,3.17855,3.18857,3.19837,3.20796,3.21735,3.2265599999999997,3.2356,3.24448,3.2532,3.2617700000000003,3.27021,3.27852,3.28671,3.2947800000000003,3.30345,3.3132800000000002,3.3226199999999997,3.3315699999999997,3.3402,3.34855,3.35667,3.36458,3.3723199999999998,3.3799,3.38735,3.3946699999999996,3.4018699999999997,3.40898,3.416,3.4229300000000005,3.42979,3.4365699999999997,3.4433,3.4499699999999995,3.4565900000000003,3.4631800000000004,3.4697199999999997,3.47624,3.48275,3.48925,3.4957599999999998,3.51445,3.52819,3.5345800000000005,3.54104,3.5475800000000004,3.5542599999999998,3.5611099999999998,3.5682199999999997,3.57566,3.58356,3.5921,3.6015,3.63875,3.65045,3.6644400000000004,3.6817800000000003,3.70416,3.7341,3.77518,3.80501,3.81426,3.8187800000000003,3.82329,3.82778,3.8322599999999998,3.8367199999999997,3.84116,3.84559,3.85,3.8544,3.8587800000000003,3.86315,3.86936,3.8840800000000004,3.88838,3.89267,3.8969400000000003,3.90771
2M19330298+4121544,3.14703,3.16557,3.1758,3.18581,3.1956,3.20518,3.21457,3.22376,3.23279,3.24165,3.25035,3.2589099999999998,3.26733,3.27561,3.2837699999999996,3.2918199999999995,3.2997400000000003,3.30756,3.3152800000000004,3.32289,3.3304099999999996,3.3378400000000004,3.3451800000000005,3.3530800000000003,3.36085,3.36845,3.3759099999999997,3.38323,3.3904300000000003,3.39753,3.4045199999999998,3.41141,3.4182300000000003,3.42496,3.43161,3.4382,3.4447300000000003,3.45119,3.45761,3.4639699999999998,3.4702900000000003,3.4765800000000002,3.4828300000000003,3.49399,3.51514,3.52115,3.52716,3.5332,3.53926,3.5453900000000003,3.5516199999999998,3.55798,3.56454,3.5714,3.57869,3.6222,3.6305,3.6400900000000003,3.6518300000000004,3.66731,3.68946,3.72285,3.7726599999999997,3.8076,3.8149599999999997,3.81947,3.8239699999999996,3.82845,3.8329199999999997,3.8373699999999995,3.8418,3.8462199999999998,3.8506199999999997,3.85501,3.8593800000000003,3.8638800000000004,3.8839699999999997,3.8883900000000002,3.89267,3.90295,3.91439
2M19063321+3929164,3.1640900000000003,3.17963,3.1891700000000003,3.1985,3.20764,3.2166,3.22539,3.2340299999999997,3.24253,3.25089,3.2591200000000002,3.26723,3.27523,3.2831099999999998,3.2909,3.2985900000000004,3.3061800000000003,3.31368,3.3211,3.3284300000000004,3.3356800000000004,3.3435900000000003,3.3512800000000005,3.35881,3.36619,3.37345,3.38059,3.3876199999999996,3.39456,3.40141,3.40818,3.4148699999999996,3.4215,3.42806,3.43456,3.441,3.44739,3.4537400000000003,3.4600400000000002,3.4663,3.47252,3.4787199999999996,3.48489,3.49824,3.5108099999999998,3.51681,3.5228099999999998,3.52883,3.5348699999999997,3.5409699999999997,3.54715,3.55346,3.55994,3.5666800000000003,3.5738,3.64385,3.6623699999999997,3.6711,3.68157,3.69518,3.71481,3.7460699999999996,3.796,3.80248,3.80701,3.81152,3.8160199999999995,3.8205,3.8249699999999995,3.82942,3.83385,3.8382699999999996,3.84268,3.84706,3.85144,3.86131,3.88118,3.89696,3.9012,3.9054300000000004,3.90965
2M19310830+4312575,3.16118,3.17331,3.1831,3.19267,3.2020299999999997,3.21119,3.22018,3.229,3.23767,3.24618,3.2545599999999997,3.26281,3.27094,3.27895,3.28685,3.2946400000000002,3.30234,3.3099300000000005,3.31744,3.3248599999999997,3.33219,3.33944,3.3466099999999996,3.35371,3.3608300000000004,3.3682300000000005,3.3754800000000005,3.3826099999999997,3.38964,3.3965699999999996,3.40341,3.41016,3.41684,3.42345,3.4299800000000005,3.43646,3.44288,3.44924,3.45555,3.46181,3.46803,3.47421,3.48035,3.49206,3.5081900000000004,3.5141199999999997,3.5200400000000003,3.52596,3.53189,3.53784,3.5438400000000003,3.5499199999999997,3.5561199999999995,3.5625,3.5691599999999997,3.63711,3.64415,3.652,3.66125,3.6731300000000005,3.69046,3.7193099999999997,3.76833,3.80355,3.8080800000000004,3.8126,3.8170900000000003,3.8215800000000004,3.8260400000000003,3.83049,3.8349300000000004,3.83934,3.84375,3.8481400000000003,3.8525099999999997,3.8590800000000005,3.8788199999999997,3.8925699999999996,3.8968199999999995,3.90107,3.9058599999999997
2M19384178+4204321,3.14165,3.15971,3.17001,3.1800900000000003,3.1899599999999997,3.19963,3.20911,3.21841,3.22755,3.23652,3.24534,3.25402,3.2625599999999997,3.2709599999999996,3.27924,3.2873900000000003,3.2954199999999996,3.30334,3.31115,3.31885,3.32646,3.33396,3.3413699999999995,3.34869,3.3559300000000003,3.36323,3.3708199999999997,3.3782300000000003,3.38551,3.39267,3.39972,3.40666,3.4135199999999997,3.42029,3.42697,3.43359,3.4401300000000004,3.4466,3.4530199999999995,3.4593800000000003,3.46569,3.47195,3.4781800000000005,3.49464,3.51387,3.51977,3.5256800000000004,3.5315800000000004,3.5375099999999997,3.54348,3.5495099999999997,3.5556400000000004,3.5619099999999997,3.5684099999999996,3.57524,3.6090800000000005,3.61677,3.62554,3.63616,3.65014,3.6704199999999996,3.7018199999999997,3.74346,3.76764,3.7975,3.8193699999999997,3.82387,3.8283400000000003,3.8328,3.83724,3.8416699999999997,3.84608,3.85048,3.85486,3.85923,3.8635800000000002,3.87981,3.89304,3.9059199999999996,3.9182300000000003,3.9299699999999995
2M18473976+4246318,3.18435,3.19309,3.2016400000000003,3.21005,3.2183,3.22643,3.23444,3.24234,3.25014,3.2578400000000003,3.26546,3.27299,3.28044,3.2878199999999995,3.29512,3.30235,3.3095199999999996,3.31662,3.32366,3.3306400000000003,3.33756,3.3444199999999995,3.3512199999999996,3.35805,3.36499,3.37185,3.3786199999999997,3.3853199999999997,3.39194,3.3985,3.40501,3.41145,3.41784,3.4241800000000002,3.43048,3.4367199999999998,3.4429199999999995,3.4490800000000004,3.4552,3.46129,3.4673300000000005,3.4733400000000003,3.4793300000000005,3.49134,3.4972800000000004,3.5031800000000004,3.50906,3.51491,3.5207599999999997,3.5266,3.5324400000000002,3.53831,3.5442199999999997,3.5502,3.55631,3.6371300000000004,3.68261,3.68888,3.69579,3.7039699999999995,3.71516,3.73536,3.76364,3.77103,3.77828,3.7855199999999996,3.79284,3.8003400000000003,3.8081,3.81625,3.82155,3.82597,3.8303800000000003,3.83477,3.83914,3.85048,3.87011,3.8940699999999997,3.91069,3.9165099999999997,3.92219
2M19344300+4651099,3.1833400000000003,3.19231,3.20108,3.20968,3.21813,3.22643,3.23461,3.24266,3.25061,3.25845,3.26619,3.27383,3.28139,3.2888699999999997,3.2962599999999997,3.30358,3.3108199999999997,3.318,3.32559,3.3333,3.3408,3.34815,3.3553699999999997,3.36248,3.3694800000000003,3.37638,3.38321,3.38995,3.3966300000000005,3.4032400000000003,3.4097800000000005,3.41627,3.4227,3.42909,3.43543,3.4417199999999997,3.4479699999999998,3.4541800000000005,3.4603599999999997,3.46651,3.47263,3.4787199999999996,3.4848,3.4947699999999995,3.50397,3.5099400000000003,3.51591,3.5219,3.52791,3.53396,3.54008,3.54631,3.55269,3.55928,3.56621,3.6395,3.6951,3.70305,3.7123699999999995,3.7240900000000003,3.7404800000000002,3.76651,3.77581,3.78265,3.78957,3.7966300000000004,3.8039099999999997,3.80904,3.81351,3.81796,3.82239,3.82681,3.8312199999999996,3.8356,3.83998,3.85181,3.8712699999999995,3.8937199999999996,3.9075699999999998,3.91321,3.91894
2M18495813+4358487,3.16818,3.18234,3.1916,3.20066,3.20954,3.21826,3.22682,3.23524,3.24353,3.2517,3.2597400000000003,3.26768,3.27552,3.28325,3.29089,3.2984400000000003,3.30591,3.3132900000000003,3.32059,3.3278199999999996,3.3351300000000004,3.3428699999999996,3.35039,3.35777,3.36502,3.37215,3.37917,3.3861,3.39295,3.39971,3.4064,3.4130199999999995,3.4195699999999998,3.4260699999999997,3.4325099999999997,3.4388900000000002,3.4452300000000005,3.45152,3.4577699999999996,3.4639900000000003,3.47016,3.47631,3.48244,3.4981,3.5059699999999996,3.5119599999999997,3.5179400000000003,3.5239300000000005,3.5299400000000003,3.53599,3.5421099999999996,3.5483300000000004,3.5546900000000003,3.5612800000000004,3.5682,3.6372,3.66751,3.6756800000000003,3.6853599999999997,3.6977599999999997,3.71559,3.74473,3.78511,3.79302,3.8010099999999998,3.80641,3.81091,3.8153900000000003,3.81986,3.8243,3.8287400000000003,3.83315,3.83755,3.84194,3.84631,3.85529,3.87485,3.89684,3.90107,3.90529,3.9094900000000004
2M19004979+4523036,3.1714599999999997,3.1811599999999998,3.19064,3.19991,3.20899,3.21789,3.22663,3.23521,3.24365,3.25196,3.2601400000000003,3.2682,3.27615,3.28399,3.2917300000000003,3.2993699999999997,3.30692,3.3143800000000003,3.32176,3.32905,3.33627,3.3441099999999997,3.35178,3.3592699999999995,3.3666099999999997,3.3738300000000003,3.38093,3.3879300000000003,3.3948400000000003,3.4016699999999997,3.40841,3.41508,3.4216800000000003,3.4282199999999996,3.4347,3.4411300000000002,3.4475,3.4538300000000004,3.46011,3.46636,3.4725699999999997,3.47875,3.4849099999999997,3.4938,3.5098,3.5157800000000003,3.52178,3.5277800000000004,3.5338199999999995,3.5399,3.54607,3.5523599999999997,3.55881,3.5655300000000003,3.57261,3.6423699999999997,3.6675400000000002,3.6760900000000003,3.6862800000000004,3.6993699999999996,3.71801,3.7474199999999995,3.79169,3.7995099999999997,3.80514,3.80966,3.8141599999999998,3.8186400000000003,3.82311,3.82756,3.832,3.8364199999999995,3.84082,3.84521,3.8495800000000004,3.8595800000000002,3.8793300000000004,3.89796,3.9022,3.9064300000000003,3.9106400000000003
2M19253263+4159249,3.17184,3.183,3.19232,3.2014400000000003,3.21038,3.21915,3.22776,3.23623,3.24457,3.25278,3.2608599999999996,3.26884,3.2767,3.28447,3.2921400000000003,3.2997099999999997,3.3072,3.3146,3.3219199999999995,3.32971,3.33765,3.34536,3.3529,3.3603,3.3675599999999997,3.3747,3.38174,3.3886800000000004,3.39554,3.40231,3.40901,3.4156400000000002,3.4222099999999998,3.4287099999999997,3.43517,3.4415699999999996,3.44792,3.4542300000000004,3.4605,3.46673,3.4729400000000004,3.4791199999999995,3.4852800000000004,3.49585,3.50912,3.51513,3.52115,3.52719,3.53327,3.5394099999999997,3.54564,3.5520099999999997,3.5585699999999996,3.56541,3.57265,3.63945,3.67535,3.6841699999999995,3.69472,3.7082699999999997,3.72739,3.7571,3.79019,3.79774,3.8022699999999996,3.8067800000000003,3.8112800000000004,3.81576,3.8202199999999995,3.82467,3.82911,3.8335199999999996,3.8379300000000005,3.84231,3.84668,3.8564300000000005,3.8761099999999997,3.8983,3.9025300000000005,3.90674,3.91095
2M19240775+4902249,3.17128,3.1819599999999997,3.19137,3.20056,3.20958,3.21841,3.22709,3.23561,3.244,3.25225,3.26038,3.2684,3.2763,3.2841,3.29181,3.2994199999999996,3.3069300000000004,3.31437,3.3217199999999996,3.3291,3.33713,3.3449,3.3525,3.35994,3.3672400000000002,3.3744300000000003,3.38151,3.3884800000000004,3.3953699999999998,3.40217,3.4089,3.41555,3.42214,3.42867,3.43514,3.44156,3.4479300000000004,3.45425,3.4605300000000003,3.4667800000000004,3.473,3.47919,3.48536,3.4958,3.50961,3.5156300000000003,3.52166,3.52771,3.53379,3.53994,3.54618,3.55255,3.55911,3.56596,3.57321,3.6411599999999997,3.6701900000000003,3.67907,3.68971,3.7034300000000004,3.7228800000000004,3.75319,3.78882,3.7966599999999997,3.80401,3.8085199999999997,3.81302,3.81751,3.82197,3.8264199999999997,3.83086,3.8352800000000005,3.8396800000000004,3.84407,3.84844,3.85814,3.8778099999999998,3.89756,3.9018,3.90602,3.9102300000000003
2M19322256+4253471,3.16342,3.17691,3.1865,3.1958900000000003,3.20509,3.2141,3.22295,3.23164,3.24019,3.24859,3.2568599999999996,3.2650099999999997,3.27305,3.2809699999999995,3.28879,3.2965,3.3041199999999997,3.31165,3.31909,3.3264400000000003,3.33371,3.34091,3.3480199999999996,3.3555300000000003,3.3629800000000003,3.37026,3.3774300000000004,3.38449,3.39145,3.3983199999999996,3.4051,3.4118,3.4184400000000004,3.425,3.4315,3.43794,3.4443300000000003,3.4506699999999997,3.45695,3.4632,3.4694,3.47557,3.4817099999999996,3.49375,3.50832,3.5142599999999997,3.52019,3.52613,3.53208,3.5380599999999998,3.5441,3.5502300000000004,3.5565,3.56296,3.56972,3.63781,3.65619,3.66417,3.6735800000000003,3.6856199999999997,3.70296,3.7313199999999997,3.77949,3.8012099999999998,3.80574,3.81026,3.81475,3.81923,3.8237,3.82815,3.83258,3.837,3.8414,3.84579,3.85016,3.85816,3.87795,3.89514,3.8993900000000004,3.9036199999999996,3.90784
2M19310175+4325368,3.182,3.19178,3.20057,3.20919,3.21765,3.2259700000000002,3.2341599999999997,3.24222,3.25018,3.2580299999999998,3.26578,3.2734400000000003,3.2810099999999998,3.2885,3.2959099999999997,3.30324,3.3105,3.3176900000000002,3.32482,3.33187,3.3391900000000003,3.34663,3.3538900000000003,3.36104,3.36807,3.37501,3.3818599999999996,3.38864,3.3953300000000004,3.40196,3.4085300000000003,3.4150400000000003,3.4214900000000004,3.4278800000000005,3.4342300000000003,3.4405300000000003,3.44679,3.45301,3.45919,3.4653300000000002,3.4714400000000003,3.4775199999999997,3.4835800000000003,3.4969300000000003,3.5029199999999996,3.50889,3.51485,3.52081,3.5267800000000005,3.5327699999999997,3.53881,3.5449300000000004,3.55116,3.55756,3.5642199999999997,3.6449800000000003,3.6823599999999996,3.6898400000000002,3.6985099999999997,3.7094099999999997,3.7250400000000004,3.75165,3.7698099999999997,3.77728,3.7847199999999996,3.79224,3.7999099999999997,3.80784,3.8161400000000003,3.82131,3.82575,3.83017,3.8345800000000003,3.8389699999999998,3.84334,3.85578,3.87517,3.8983,3.90942,3.9155300000000004,3.92145
2M19294569+4312339,3.19115,3.20012,3.20886,3.2174099999999997,3.2258,3.2340400000000002,3.2421599999999997,3.25015,3.2580400000000003,3.26583,3.27352,3.28113,3.28865,3.2960800000000003,3.30345,3.3107300000000004,3.31889,3.32706,3.33494,3.3426199999999997,3.3501199999999995,3.3574699999999997,3.36469,3.3718,3.3788099999999996,3.3857199999999996,3.39255,3.39931,3.406,3.4126199999999995,3.41919,3.4257,3.4321599999999997,3.43857,3.4449400000000003,3.4512699999999996,3.45756,3.4638199999999997,3.47005,3.47626,3.48245,3.48863,3.4948,3.5009699999999997,3.51232,3.51844,3.5245699999999998,3.53075,3.5369800000000002,3.5433,3.5497400000000003,3.5563599999999997,3.5632300000000003,3.57045,3.57819,3.6635400000000002,3.7071300000000003,3.7166300000000003,3.7280900000000003,3.74286,3.75711,3.7639400000000003,3.77075,3.77759,3.78453,3.7916199999999995,3.79892,3.8065,3.81445,3.8229,3.8291699999999995,3.8336,3.8380099999999997,3.8424099999999997,3.8500400000000004,3.8696,3.89132,3.91572,3.92469,3.93057,3.93629
2M19262685+4206574,3.18883,3.19773,3.20641,3.2149,3.22324,3.23144,3.2395099999999997,3.24747,3.25532,3.26307,3.27073,3.2783,3.2857800000000004,3.29319,3.3005199999999997,3.30778,3.3149699999999998,3.32209,3.32915,3.33667,3.3441699999999996,3.35149,3.35868,3.36576,3.3727400000000003,3.37963,3.3864300000000003,3.39316,3.3998199999999996,3.40642,3.41295,3.41943,3.42585,3.43223,3.43856,3.44484,3.45108,3.45729,3.46346,3.4696,3.47571,3.48179,3.48786,3.4956300000000002,3.5053900000000002,3.5113800000000004,3.51736,3.52334,3.52935,3.5354,3.5415,3.5477,3.55404,3.5605800000000003,3.5674300000000003,3.6401199999999996,3.69729,3.7050400000000003,3.7140699999999995,3.72545,3.7414699999999996,3.7601699999999996,3.76701,3.7738199999999997,3.78065,3.78758,3.79466,3.80197,3.8096,3.8176400000000004,3.8258199999999998,3.83025,3.83466,3.83905,3.8453699999999995,3.8632400000000002,3.88469,3.90881,3.92142,3.9271800000000003,3.9328
2M19352029+4237298,3.20002,3.2135700000000003,3.2213700000000003,3.2290799999999997,3.23672,3.24427,3.25176,3.2591799999999997,3.26653,3.27382,3.28105,3.28822,3.29575,3.30418,3.3121199999999997,3.31984,3.3273699999999997,3.33474,3.34196,3.3490699999999998,3.35606,3.36297,3.36979,3.3765400000000003,3.38321,3.3898300000000003,3.39638,3.40289,3.4093400000000003,3.41574,3.4221,3.4284199999999996,3.4347,3.44095,3.44716,3.4533400000000003,3.45949,3.46561,3.47171,3.47778,3.48383,3.48987,3.49589,3.5019,3.50791,3.5139099999999996,3.51991,3.5259099999999997,3.5319199999999995,3.5379400000000003,3.5439599999999998,3.55,3.5560400000000003,3.56209,3.57125,3.66561,3.72422,3.72971,3.7352,3.74071,3.7462400000000002,3.75179,3.75737,3.7629900000000003,3.7686599999999997,3.7744199999999997,3.78027,3.78625,3.7924,3.7987699999999998,3.80545,3.82939,3.8444800000000003,3.8504300000000002,3.8598199999999996,3.8782,3.89869,3.9217199999999997,3.94106,3.9461,3.95105
2M19510878+4753100,3.16431,3.1789,3.18843,3.19775,3.20689,3.21585,3.22464,3.23327,3.2417599999999998,3.25012,3.25835,3.26646,3.27445,3.2823300000000004,3.2901199999999995,3.2978,3.30539,3.3128900000000003,3.3203,3.32763,3.3348800000000005,3.34205,3.3496300000000003,3.35719,3.36458,3.37183,3.37897,3.386,3.3929400000000003,3.3997900000000003,3.40655,3.41324,3.41986,3.42642,3.4329099999999997,3.43934,3.4457199999999997,3.45206,3.45834,3.46458,3.47079,3.47696,3.48311,3.49635,3.5090800000000004,3.51504,3.521,3.52696,3.53295,3.5389699999999995,3.54506,3.55125,3.5575900000000003,3.56415,3.5710300000000004,3.6410199999999997,3.6599199999999996,3.66813,3.67789,3.69046,3.70864,3.73826,3.78795,3.80155,3.80608,3.8106,3.8151,3.81958,3.82404,3.82849,3.83293,3.83735,3.84175,3.84614,3.85051,3.85969,3.87951,3.8964199999999996,3.90067,3.9049,3.9091199999999997
2M19180152+4522155,3.1803,3.18972,3.1989099999999997,3.2078900000000004,3.2166900000000003,3.22532,3.23379,3.24212,3.25033,3.25841,3.26637,3.2742299999999998,3.28199,3.28966,3.2972300000000003,3.30471,3.3121199999999997,3.31944,3.32669,3.3342699999999996,3.34211,3.3497199999999996,3.3571800000000005,3.3645,3.37169,3.37877,3.38576,3.39265,3.39946,3.40619,3.41285,3.41945,3.42599,3.43246,3.4388900000000002,3.44527,3.4516,3.4578900000000004,3.46414,3.47036,3.47655,3.48271,3.48886,3.49606,3.51044,3.5164699999999995,3.5225,3.52855,3.5346300000000004,3.5407699999999998,3.547,3.55336,3.5599,3.5667199999999997,3.5739400000000003,3.653,3.683,3.6916599999999997,3.70201,3.7153400000000003,3.7343,3.7642800000000003,3.78139,3.7888800000000002,3.79647,3.80424,3.8122800000000003,3.8181800000000004,3.82265,3.82711,3.83155,3.8359699999999997,3.84038,3.84478,3.84916,3.86334,3.88305,3.9035800000000003,3.9079599999999997,3.91437,3.9205699999999997
2M19254047+3907387,3.19342,3.20214,3.21063,3.21895,3.22712,3.23517,3.2431,3.2509200000000003,3.25865,3.26629,3.2738400000000003,3.2813199999999996,3.28871,3.2960300000000005,3.3032800000000004,3.3104699999999996,3.31759,3.32555,3.3332699999999997,3.34078,3.3481300000000003,3.35535,3.36245,3.36945,3.37636,3.3831800000000003,3.38993,3.39661,3.40323,3.40979,3.41629,3.42274,3.4291400000000003,3.43549,3.4418,3.4480800000000005,3.45431,3.46052,3.4666900000000003,3.47283,3.47896,3.48506,3.49116,3.49725,3.50711,3.51314,3.51919,3.52525,3.53135,3.5375099999999997,3.54375,3.5501199999999997,3.5566800000000005,3.5635,3.5707,3.6579,3.7097599999999997,3.71814,3.72805,3.7406300000000003,3.75167,3.75814,3.7645699999999995,3.77101,3.77751,3.7841,3.79085,3.7978,3.80504,3.81265,3.8207699999999996,3.8291800000000005,3.8359400000000003,3.84277,3.84934,3.8683099999999997,3.8894699999999998,3.9132599999999997,3.92803,3.9335699999999996,3.9389800000000004
2M19052120+4844387,3.15993,3.17651,3.18609,3.19548,3.2046799999999998,3.21371,3.22258,3.23128,3.23984,3.24827,3.25656,3.26473,3.27278,3.2807199999999996,3.28855,3.2962800000000003,3.3039099999999997,3.31146,3.31891,3.3262699999999996,3.33356,3.3412900000000003,3.3490699999999998,3.35664,3.36407,3.3713599999999997,3.3785300000000005,3.38559,3.39255,3.39943,3.4062099999999997,3.4129300000000002,3.4195699999999998,3.42614,3.43265,3.4391,3.4455,3.45186,3.45816,3.4644199999999996,3.47065,3.47685,3.48302,3.49611,3.5100800000000003,3.51606,3.52204,3.52803,3.5340599999999998,3.54014,3.54629,3.55257,3.5590300000000004,3.5657300000000003,3.5728199999999997,3.63699,3.65961,3.66828,3.67865,3.6920300000000004,3.7111199999999998,3.74116,3.7847699999999995,3.80095,3.80548,3.80999,3.81449,3.8189699999999998,3.82343,3.8278800000000004,3.8323099999999997,3.8367199999999997,3.8411199999999996,3.84551,3.84988,3.8575,3.87736,3.89465,3.8989,3.9031300000000004,3.90913
2M19102533+4931237,3.18665,3.19572,3.20455,3.21319,3.22166,3.22998,3.23817,3.2462299999999997,3.25418,3.26202,3.2697700000000003,3.2774199999999998,3.2849800000000005,3.2924599999999997,3.29985,3.3071800000000002,3.3144199999999997,3.3216,3.32871,3.33595,3.3435099999999998,3.35094,3.3582099999999997,3.36535,3.37239,3.3793300000000004,3.38619,3.39296,3.39966,3.4063,3.41287,3.41937,3.4258300000000004,3.43223,3.4385800000000004,3.44489,3.45116,3.45738,3.46357,3.4697199999999997,3.47585,3.48195,3.48803,3.4954099999999997,3.5066800000000002,3.51266,3.51864,3.52463,3.53064,3.53669,3.5428,3.549,3.55535,3.5619099999999997,3.5687900000000004,3.6537599999999997,3.6931,3.7009300000000005,3.7101,3.7217,3.73812,3.76416,3.7711699999999997,3.7781599999999997,3.78519,3.7923400000000003,3.79967,3.80726,3.8152,3.82323,3.82767,3.8321,3.8365099999999996,3.84091,3.8452900000000003,3.86193,3.90205,3.9081300000000003,3.91822,3.92415,3.92991
2M19283288+4225459,3.20285,3.21219,3.2198700000000002,3.22748,3.23502,3.2425,3.24992,3.2572799999999997,3.26458,3.27182,3.279,3.2861300000000004,3.2932,3.3002300000000004,3.30764,3.31534,3.3228400000000002,3.33019,3.3374,3.3445099999999996,3.3515099999999998,3.3584099999999997,3.36524,3.37198,3.37866,3.38527,3.3918199999999996,3.39831,3.40475,3.41114,3.4174900000000004,3.4237800000000003,3.43004,3.43625,3.4424300000000003,3.4485699999999997,3.4546699999999997,3.46074,3.46677,3.4727699999999997,3.47875,3.48469,3.4906099999999998,3.4965,3.5023699999999995,3.50821,3.51404,3.5198400000000003,3.5256300000000005,3.5314,3.53715,3.5428900000000003,3.5486199999999997,3.5543400000000003,3.56006,3.65176,3.72514,3.73023,3.7353300000000003,3.74044,3.74556,3.7507099999999998,3.75589,3.7611,3.7663599999999997,3.7716800000000004,3.7770699999999997,3.7825599999999997,3.78818,3.79397,3.81457,3.8360199999999995,3.84164,3.8471300000000004,3.85344,3.87135,3.8913699999999998,3.9139199999999996,3.93949,3.9450199999999995,3.94971
2M19481670+4031304,3.18077,3.1901,3.1992,3.20808,3.21678,3.22531,3.23369,3.24193,3.2500400000000003,3.2580299999999998,3.26592,3.2737,3.28139,3.2889800000000005,3.2964800000000003,3.3039,3.31124,3.31851,3.3257,3.33282,3.33987,3.34725,3.3546300000000002,3.3619,3.3690300000000004,3.37606,3.38299,3.3898300000000003,3.3966,3.40329,3.40991,3.41647,3.42296,3.4294,3.4357900000000003,3.44213,3.4484199999999996,3.45466,3.46087,3.4670400000000003,3.47318,3.47929,3.4853699999999996,3.4914400000000003,3.5059699999999996,3.51192,3.5178599999999998,3.5238099999999997,3.52978,3.5357800000000004,3.5418300000000005,3.54797,3.55424,3.5607,3.56744,3.64755,3.68442,3.69205,3.70094,3.7120699999999998,3.7277199999999997,3.75314,3.7772900000000003,3.78442,3.7916300000000005,3.799,3.8065900000000004,3.8142,3.8186699999999996,3.82312,3.82756,3.8319900000000002,3.8364,3.84079,3.8451699999999995,3.8581300000000005,3.8776900000000003,3.9003,3.90974,3.9158800000000005,3.9218300000000004
2M19571668+4123047,3.19503,3.2036700000000002,3.2121,3.22037,3.2285,3.2365,3.24439,3.25218,3.25988,3.26749,3.27501,3.28246,3.2898300000000003,3.29713,3.30436,3.3115300000000003,3.3190199999999996,3.32692,3.3345800000000003,3.34206,3.34939,3.35658,3.36366,3.37065,3.37754,3.38435,3.39108,3.39775,3.40436,3.4109,3.41739,3.42383,3.4302300000000003,3.4365699999999997,3.44288,3.44915,3.4553800000000003,3.46158,3.46775,3.4739,3.4800199999999997,3.48613,3.49223,3.4983199999999997,3.50777,3.5138199999999995,3.51988,3.52596,3.5320699999999996,3.53825,3.54451,3.55091,3.55749,3.56435,3.5716099999999997,3.66114,3.71191,3.7203800000000005,3.73043,3.74321,3.7509,3.7573300000000005,3.7637199999999997,3.77012,3.7765699999999995,3.78312,3.7898099999999997,3.7967,3.80387,3.8113900000000003,3.81941,3.8290800000000003,3.8380099999999997,3.84478,3.8521199999999998,3.8711,3.89224,3.916,3.93033,3.93583,3.94121
2M19294013+4125007,3.17916,3.18858,3.1977599999999997,3.20673,3.2155099999999996,3.2241299999999997,3.23259,3.24091,3.2491,3.25717,3.26512,3.27297,3.2807199999999996,3.28838,3.2959400000000003,3.3034199999999996,3.3108199999999997,3.31814,3.3256099999999997,3.33368,3.3414800000000002,3.3491,3.35656,3.3638800000000004,3.37108,3.37816,3.38515,3.39204,3.39885,3.40559,3.41225,3.41885,3.42539,3.4318800000000005,3.43831,3.44469,3.4510300000000003,3.4573300000000002,3.46359,3.46982,3.47603,3.48221,3.4883800000000003,3.4955199999999995,3.50969,3.51575,3.5218199999999995,3.5279199999999995,3.5340599999999998,3.54026,3.5465699999999996,3.5530199999999996,3.55968,3.56665,3.57405,3.64869,3.68151,3.69054,3.7013800000000003,3.7153400000000003,3.7350199999999996,3.7654300000000003,3.7766800000000003,3.78424,3.7919,3.7997300000000003,3.8078300000000005,3.81629,3.82122,3.82568,3.8301199999999995,3.83454,3.83895,3.84334,3.84772,3.86024,3.8797599999999997,3.9013699999999996,3.90805,3.9145,3.9207400000000003
2M19295476+4208322,3.17005,3.18423,3.19339,3.20234,3.21113,3.21975,3.22823,3.23657,3.24478,3.25287,3.26085,3.26872,3.2764900000000003,3.2841699999999996,3.29176,3.29926,3.3066800000000005,3.3140199999999997,3.3212800000000002,3.32847,3.33558,3.3429800000000003,3.35048,3.3578,3.365,3.37209,3.3790699999999996,3.38597,3.39278,3.39951,3.40617,3.41276,3.41929,3.42576,3.4321800000000002,3.43854,3.44485,3.4511199999999995,3.45735,3.46354,3.4697,3.4758199999999997,3.4819199999999997,3.4986,3.5045800000000003,3.51055,3.51651,3.5224699999999998,3.5284400000000002,3.53445,3.5405,3.5466300000000004,3.5529,3.55935,3.5660800000000004,3.63846,3.66888,3.6766400000000004,3.6857300000000004,3.6973,3.7140199999999997,3.7422199999999997,3.7819,3.78979,3.7977,3.80576,3.81035,3.81483,3.8193,3.8237400000000004,3.82818,3.8326,3.837,3.8413800000000005,3.84576,3.8555300000000003,3.87506,3.8978,3.90224,3.90645,3.91066
2M19405434+5033323,
