2M19542140+4045024,3.0521700000000003,3.06344,3.075,3.08695,3.35477,3.4664599999999997,3.51364,3.5274,3.5429,3.55513,3.5661099999999997,3.5763199999999995,3.63266,3.63913,3.6455,3.65179,3.6580199999999996,3.66419,3.6703099999999997,3.6764,3.68246,3.6885,3.6945099999999997,3.70051,3.70649,3.7124699999999997,3.71843,3.7244,3.7303699999999997,3.73634,3.74232,3.7483199999999997,3.7543300000000004,3.76036,3.7664199999999997,3.77251,3.98215,3.98823,3.9943800000000005,4.00061,4.00692,4.013319999999999,4.019830000000001,4.02646,4.0332099999999995,4.04015,4.04545,4.05015,4.05484,4.0595099999999995,4.06416,4.06879,4.0734,4.078,4.08259,4.08716,4.09171,4.09624,4.10076,4.10527,4.10975,4.11423,4.11869,4.123130000000001,4.12756,4.13197,4.136369999999999,4.14075,4.1451199999999995,4.1494800000000005,4.15382,4.15815,4.16246,4.16676,4.17105,4.17532,4.1795800000000005,4.18383,4.18807,4.19229,4.19851
2M19342430+4222471,3.00143,3.01275,3.03792,3.10937,3.35426,3.41414,3.4763,3.49035,3.5063,3.51969,3.5318300000000002,3.543,3.58144,3.58945,3.5970400000000002,3.60428,3.6112699999999998,3.61804,3.62465,3.63113,3.6375,3.64379,3.65001,3.65617,3.6622800000000004,3.66835,3.67438,3.68039,3.6863699999999997,3.69233,3.6982699999999995,3.70421,3.71014,3.7160599999999997,3.7219900000000004,3.7279199999999997,3.8530699999999998,3.8589300000000004,3.86481,3.8707199999999995,3.87667,3.88265,3.8886800000000004,3.8947599999999998,3.9009,3.90712,3.91341,3.9197800000000003,3.9262599999999996,3.93285,3.9395599999999997,3.9464,3.95341,3.96058,3.9679300000000004,3.9755,3.98329,3.9913300000000005,3.9996400000000003,4.00824,4.01714,4.0263599999999995,4.0359,4.04576,4.0559199999999995,4.0663599999999995,4.07204,4.07645,4.08084,4.08521,4.08957,4.09392,4.09825,4.10257,4.10688,4.1111699999999995,4.11545,4.12681,4.13844,4.149430000000001,4.15983
2M19144528+4109042,3.00685,3.01797,3.02926,3.04829,3.33774,3.39701,3.4346,3.44889,3.46631,3.4803,3.4929,3.5045,3.55766,3.56532,3.57266,3.57973,3.58659,3.59329,3.59985,3.6063099999999997,3.61268,3.61898,3.62521,3.6314,3.63754,3.64364,3.64971,3.65576,3.6617800000000003,3.66779,3.6737800000000003,3.6797699999999995,3.68575,3.69173,3.69771,3.70369,3.8931400000000003,3.8990099999999996,3.9049099999999997,3.91085,3.9168199999999995,3.9228300000000003,3.9289,3.9350199999999997,3.9412199999999995,3.94749,3.95384,3.96029,3.96685,3.9735199999999997,3.9803300000000004,3.98728,3.99439,4.00168,4.00916,4.01685,4.024769999999999,4.03293,4.04135,4.05005,4.059019999999999,4.068280000000001,4.0778099999999995,4.08761,4.09765,4.10715,4.11153,4.1159,4.12026,4.1246,4.12893,4.13325,4.13755,4.14184,4.14611,4.15037,4.15742,4.169169999999999,4.180280000000001,4.1908199999999995,4.200819999999999
2M19340476+4116386,2.93432,2.9454,2.9565200000000003,2.99308,3.20241,3.23964,3.3577199999999996,3.39762,3.4166,3.4313599999999997,3.44475,3.4572,3.51971,3.5284699999999996,3.5367900000000003,3.54472,3.55231,3.5596,3.56665,3.5735099999999997,3.5802099999999997,3.58679,3.5932699999999995,3.5996599999999996,3.60598,3.6122400000000003,3.61845,3.6246099999999997,3.6307400000000003,3.6368400000000003,3.6429099999999996,3.6489599999999998,3.655,3.6610099999999997,3.6670199999999995,3.6730199999999997,3.8807300000000002,3.9290199999999995,3.9357300000000004,3.94235,3.9489,3.9554,3.9618599999999997,3.96829,3.9747,3.9811,3.9875,3.99391,4.0003400000000005,4.0067900000000005,4.01328,4.0198,4.02637,4.03116,4.03885,4.04328,4.0477,4.0521,4.05649,4.0608699999999995,4.065230000000001,4.06958,4.07391,4.0782300000000005,4.08253,4.0868199999999995,4.0911,4.0953599999999994,4.09961,4.10385,4.10807,4.11228,4.11647,4.12066,4.12483,4.12899,4.13313,4.13727,4.14139,4.1455,4.14959
2M19481670+4031304,3.12291,3.14301,3.17374,3.33894,3.52315,3.5561,3.5676699999999997,3.5777699999999997,3.5887599999999997,3.59844,3.60755,3.61626,3.6385699999999996,3.6458699999999995,3.6530099999999996,3.6600300000000003,3.66695,3.6737699999999998,3.6805199999999996,3.68721,3.69385,3.70044,3.7069900000000002,3.7135199999999995,3.72002,3.7265,3.73297,3.7394300000000005,3.74588,3.7523400000000002,3.75881,3.7652900000000002,3.77179,3.77831,3.7848599999999997,3.79144,3.8561400000000003,3.86279,3.8694900000000003,3.87625,3.88308,3.89,3.897,3.9041,3.9113,3.9186300000000003,3.9260800000000002,3.9336900000000004,3.94144,3.94938,3.9575,3.96584,3.9744099999999998,3.9832300000000003,3.99232,4.00171,4.011430000000001,4.02149,4.0319199999999995,4.04272,4.05392,4.0654900000000005,4.0774300000000006,4.08968,4.102180000000001,4.11485,4.127619999999999,4.13834,4.14463,4.15089,4.157109999999999,4.16328,4.174869999999999,4.1916,4.20695,4.22104,4.23398,4.24593,4.257,4.2771,4.29622
2M19010446+4833360,3.1144,3.13505,3.16672,3.3008300000000004,3.47455,3.53001,3.5420599999999998,3.55255,3.56371,3.57347,3.5826599999999997,3.59145,3.61531,3.6226,3.62975,3.6367800000000003,3.64371,3.6505400000000003,3.65731,3.6640099999999998,3.67066,3.6772699999999996,3.68384,3.6903699999999997,3.6968900000000002,3.70338,3.70986,3.71633,3.7227900000000003,3.72926,3.73573,3.74221,3.74871,3.7552300000000005,3.7617800000000003,3.76835,3.83925,3.8458699999999997,3.85255,3.8592800000000005,3.86608,3.87296,3.8799099999999997,3.88695,3.89408,3.90133,3.90869,3.91618,3.92381,3.9316,3.9395599999999997,3.94772,3.9560800000000005,3.96467,3.9735199999999997,3.98264,3.99206,4.00181,4.011909999999999,4.02238,4.03324,4.0445,4.05614,4.06816,4.08052,4.09339,4.10653,4.119759999999999,4.13305,4.14509,4.15123,4.1573400000000005,4.17315,4.18981,4.2052,4.21939,4.23245,4.24451,4.25569,4.27603,4.29462
2M19092707+3838585,3.0781400000000003,3.08912,3.11428,3.3386099999999996,3.53369,3.56466,3.5756900000000003,3.58681,3.59875,3.6090699999999996,3.6186199999999995,3.62761,3.6512599999999997,3.65856,3.66566,3.6725800000000004,3.6793699999999996,3.68605,3.6926400000000004,3.69915,3.7056,3.712,3.7183599999999997,3.72468,3.7309699999999997,3.7372400000000003,3.74349,3.7497300000000005,3.75596,3.7621800000000003,3.76841,3.77464,3.7808900000000003,3.78715,3.7934300000000003,3.7997400000000003,3.86902,3.8753699999999998,3.88176,3.88821,3.8947300000000005,3.90131,3.9079699999999997,3.9147300000000005,3.9215800000000005,3.9285400000000004,3.93563,3.94285,3.95022,3.95775,3.96547,3.97339,3.9815300000000002,3.98991,3.99855,4.00747,4.01671,4.026269999999999,4.03619,4.04648,4.05714,4.06815,4.0795,4.09111,4.09894,4.10347,4.10798,4.112480000000001,4.11696,4.12143,4.12589,4.130319999999999,4.13556,4.141830000000001,4.148,4.15971,4.1738,4.186730000000001,4.19867,4.20976,4.22014
2M19322962+4056051,3.0072099999999997,3.01848,3.02998,3.0417799999999997,3.34375,3.39151,3.45064,3.492,3.5095,3.52366,3.53608,3.5473800000000004,3.6013599999999997,3.6085599999999998,3.61544,3.6220800000000004,3.62855,3.6348800000000003,3.6411,3.64725,3.6533300000000004,3.65936,3.66535,3.6713,3.67723,3.6831199999999997,3.689,3.69486,3.70071,3.70655,3.71239,3.7182199999999996,3.72405,3.72989,3.7357400000000003,3.7416,3.93629,3.9420300000000004,3.9478,3.95361,3.9594699999999996,3.96538,3.97134,3.97738,3.98349,3.9896800000000003,3.9959599999999997,4.00234,4.00884,4.01546,4.02221,4.02911,4.03616,4.0433900000000005,4.0507800000000005,4.05695,4.06148,4.06599,4.07048,4.07496,4.07943,4.083880000000001,4.08831,4.09273,4.09713,4.10152,4.1059,4.11026,4.1146,4.11894,4.12326,4.12756,4.13185,4.1361300000000005,4.14039,4.14464,4.14888,4.15311,4.1573199999999995,4.161519999999999,4.1657
2M18473976+4246318,3.04718,3.06855,3.09876,3.19123,3.3472199999999996,3.3848199999999995,3.4636400000000003,3.47306,3.48233,3.49095,3.4992199999999998,3.50722,3.52334,3.53044,3.53743,3.54432,3.55113,3.55786,3.56452,3.57113,3.57769,3.5842099999999997,3.59069,3.59714,3.60356,3.60996,3.61635,3.6227300000000002,3.62911,3.6354900000000003,3.64189,3.6483,3.65475,3.66123,3.66776,3.67434,3.7156300000000004,3.7223300000000004,3.7291199999999995,3.736,3.74298,3.75006,3.7572400000000004,3.7645,3.77185,3.77927,3.78675,3.79429,3.80186,3.80948,3.81713,3.8248300000000004,3.83256,3.84035,3.8492599999999997,3.85816,3.86706,3.8759699999999997,3.8849,3.8938699999999997,3.90289,3.9119900000000003,3.92118,3.9305,3.9399800000000003,3.94964,3.95954,3.9697199999999997,3.98025,3.9911800000000004,4.00258,4.014480000000001,4.0354,4.05946,4.08104,4.10061,4.1186300000000005,4.1355,4.15158,4.17415,4.19952
2M19443187+4858386,3.0173,3.02913,3.06009,3.0882,3.35302,3.4027300000000005,3.4497400000000003,3.46156,3.47724,3.48982,3.5013699999999996,3.51217,3.5506800000000003,3.55864,3.56627,3.57363,3.58077,3.5877199999999996,3.5945199999999997,3.6012,3.60777,3.61425,3.62065,3.62699,3.6332699999999996,3.63951,3.6457,3.6518699999999997,3.658,3.66411,3.6702,3.6762699999999997,3.68234,3.68839,3.69445,3.70051,3.8268199999999997,3.8328,3.83881,3.84484,3.8509,3.857,3.86315,3.8693400000000002,3.8755900000000003,3.88191,3.8883099999999997,3.89479,3.9013699999999996,3.9080699999999995,3.91488,3.9218300000000004,3.9289400000000003,3.93621,3.94368,3.95135,3.95926,3.9674099999999997,3.97585,3.9845800000000002,3.99364,4.00305,4.01281,4.022959999999999,4.03348,4.04437,4.05561,4.06719,4.07906,4.09121,4.10363,4.11238,4.1167300000000004,4.12107,4.13173,4.14456,4.15669,4.168769999999999,4.181109999999999,4.19258,4.206119999999999
2M19244068+4238269,2.94823,2.95931,2.9704099999999998,3.04113,3.20772,3.24034,3.3223199999999995,3.40079,3.4198800000000005,3.43471,3.4480199999999996,3.46032,3.5292199999999996,3.53723,3.54484,3.5521199999999995,3.55914,3.5659300000000003,3.5725599999999997,3.5790599999999997,3.58545,3.59176,3.598,3.60419,3.6103300000000003,3.6164300000000003,3.6225,3.6285300000000005,3.63455,3.64054,3.6465099999999997,3.6524699999999997,3.6584199999999996,3.66436,3.6703,3.6762300000000003,3.9081699999999997,3.9571,3.9634199999999997,3.96969,3.9759300000000004,3.98215,3.98835,3.99454,4.00074,4.00699,4.01158,4.01614,4.0207,4.0252300000000005,4.02975,4.03426,4.03875,4.04322,4.05889,4.06329,4.06768,4.07205,4.07641,4.08075,4.0850800000000005,4.08939,4.0936900000000005,4.097980000000001,4.10225,4.10651,4.11075,4.11498,4.1192,4.12341,4.1276,4.13178,4.13595,4.1401,4.14424,4.14837,4.15249,4.1565900000000005,4.16069,4.16477,4.16884
2M19283906+4101236,3.0173799999999997,3.02925,3.05662,3.07671,3.35261,3.4023800000000004,3.4493400000000003,3.46147,3.4776300000000004,3.49054,3.5023699999999995,3.5133900000000002,3.5536800000000004,3.5616800000000004,3.56934,3.57671,3.58385,3.59079,3.5975800000000002,3.6042400000000003,3.61078,3.6172400000000002,3.62362,3.62994,3.6362,3.6424199999999995,3.64859,3.6547300000000003,3.6608400000000003,3.6669300000000002,3.673,3.6790599999999998,3.6851,3.6911400000000003,3.69717,3.70321,3.83658,3.84254,3.8485199999999997,3.8545199999999995,3.86056,3.8666300000000002,3.87275,3.87892,3.88515,3.89145,3.89782,3.9042800000000004,3.9108400000000003,3.91751,3.9243,3.9312400000000003,3.9383199999999996,3.94558,3.9530300000000005,3.9606800000000004,3.9685699999999997,3.9767099999999997,3.9851300000000003,3.99385,4.00289,4.01227,4.02201,4.032109999999999,4.04258,4.0534,4.06455,4.07601,4.08775,4.09976,4.10942,4.11378,4.118119999999999,4.12245,4.1304099999999995,4.1433599999999995,4.1555800000000005,4.16714,4.1788300000000005,4.19029,4.20293
2M19134816+4014431,3.18657,3.2803699999999996,3.4109300000000005,3.50012,3.5314099999999997,3.54209,3.5527599999999997,3.56357,3.57471,3.5864199999999995,3.5989699999999996,3.6125599999999998,3.62716,3.6423,3.66375,3.6880900000000003,3.70972,3.7259599999999997,3.7347300000000003,3.74315,3.75129,3.7592199999999996,3.7669900000000003,3.7746199999999996,3.78214,3.78956,3.7969,3.80418,3.8113900000000003,3.8185599999999997,3.8256699999999997,3.83198,3.8380099999999997,3.8440300000000005,3.8500300000000003,3.8560300000000005,3.86202,3.86801,3.874,3.88,3.88602,3.89205,3.8981,3.9041900000000003,3.91031,3.91647,3.92268,3.92895,3.93529,3.94171,3.94872,3.9570199999999995,3.9653099999999997,3.97361,3.9819,3.9902,3.99853,4.006880000000001,4.015280000000001,4.02375,4.0323,4.04096,4.04976,4.058730000000001,4.06792,4.07735,4.08709,4.097180000000001,4.10769,4.11868,4.130240000000001,4.13842,4.14723,4.16132,4.1748400000000006,4.18786,4.200419999999999,4.21255,4.22427,4.23559,4.246519999999999
2M18444674+4729496,3.01588,3.02752,3.05072,3.12514,3.37774,3.4251,3.4738800000000003,3.48582,3.50074,3.5129,3.52405,3.53445,3.57064,3.57836,3.5857699999999997,3.59294,3.5999199999999996,3.60673,3.6134,3.61997,3.62644,3.6328400000000003,3.6391699999999996,3.64545,3.6516800000000003,3.6578699999999995,3.66402,3.67015,3.67625,3.68234,3.6884099999999997,3.69447,3.70053,3.70658,3.71264,3.7187,3.83647,3.84248,3.8485199999999997,3.8545800000000003,3.86069,3.86683,3.87302,3.8792699999999996,3.88559,3.8919699999999997,3.8984400000000003,3.90501,3.9116699999999995,3.91845,3.92536,3.9324,3.93961,3.9469800000000004,3.95454,3.9623199999999996,3.97031,3.97856,3.9870699999999997,3.99586,4.00496,4.01438,4.02413,4.03421,4.04462,4.05535,4.0663800000000005,4.0776900000000005,4.08927,4.10111,4.10554,4.10991,4.11426,4.1186,4.12292,4.127280000000001,4.14,4.15245,4.16517,4.17692,4.18783
2M19095484+3813438,3.01333,3.02481,3.03647,3.0552200000000003,3.31504,3.3799900000000003,3.42711,3.4376300000000004,3.4544,3.4668400000000004,3.47819,3.48881,3.53594,3.54334,3.55053,3.55754,3.5644099999999996,3.57116,3.5778,3.5843599999999998,3.59084,3.59726,3.60362,3.60994,3.6162199999999998,3.62246,3.6286699999999996,3.63485,3.6410199999999997,3.6471699999999996,3.65331,3.65944,3.6655699999999998,3.6717,3.67783,3.6839699999999995,3.84922,3.8552800000000005,3.86136,3.8674800000000005,3.87364,3.87985,3.8861,3.8924199999999995,3.8988,3.9052599999999997,3.9117900000000003,3.91842,3.92515,3.9319900000000003,3.93895,3.94604,3.95327,3.96067,3.96823,3.9759800000000003,3.9839300000000004,3.9921,4.0005,4.00915,4.01807,4.02725,4.03673,4.04649,4.05654,4.06688,4.07749,4.08838,4.099530000000001,4.11094,4.12263,4.1346300000000005,4.14355,4.14786,4.15216,4.1584699999999994,4.1717900000000006,4.18481,4.19693,4.21169,4.22736
2M19180152+4522155,3.04874,3.06029,3.09183,3.18046,3.43135,3.4825800000000005,3.50211,3.51396,3.52812,3.53988,3.5507,3.56081,3.5935,3.6012,3.6086199999999997,3.6158099999999997,3.62281,3.62966,3.6363800000000004,3.643,3.6495300000000004,3.65599,3.66238,3.6687199999999995,3.6750199999999995,3.6812699999999996,3.6875,3.6937,3.6998800000000003,3.70605,3.7122,3.71835,3.7244900000000003,3.73064,3.73679,3.74296,3.8466099999999996,3.85275,3.85892,3.86513,3.8713800000000003,3.8776800000000002,3.88404,3.8904699999999997,3.89698,3.9035699999999998,3.9102699999999997,3.91707,3.9239900000000003,3.9310400000000003,3.93825,3.9456300000000004,3.95319,3.96096,3.96895,3.97718,3.98569,3.9944900000000003,4.00361,4.01307,4.02289,4.0330699999999995,4.04363,4.0545599999999995,4.06583,4.0774,4.089230000000001,4.10128,4.1109800000000005,4.11541,4.11983,4.124230000000001,4.12861,4.13298,4.14475,4.16006,4.17413,4.18708,4.19906,4.21018,4.225219999999999
2M19310830+4312575,3.03892,3.0575799999999997,3.08968,3.1261200000000002,3.33181,3.42774,3.45644,3.4664699999999997,3.48065,3.49179,3.5021199999999997,3.51188,3.5461199999999997,3.5535900000000002,3.5608699999999995,3.5679800000000004,3.57495,3.58181,3.5885599999999998,3.5952300000000004,3.6018199999999996,3.60835,3.61482,3.6212400000000002,3.62762,3.6339699999999997,3.64028,3.6465699999999996,3.65285,3.6591,3.66534,3.6715800000000005,3.6778199999999996,3.68405,3.6903,3.69655,3.80796,3.81419,3.82044,3.8267300000000004,3.8330599999999997,3.83943,3.8458699999999997,3.85236,3.85892,3.86556,3.8722800000000004,3.8791,3.88602,3.8930599999999997,3.9002199999999996,3.90751,3.9149599999999998,3.9225800000000004,3.9303800000000004,3.9383800000000004,3.9466,3.95506,3.96379,3.97281,3.98215,3.9918099999999996,4.0018400000000005,4.012230000000001,4.023,4.03415,4.045669999999999,4.05754,4.069719999999999,4.08219,4.094930000000001,4.10794,4.1212800000000005,4.142869999999999,4.160830000000001,4.17518,4.18866,4.20129,4.2159,4.233709999999999,4.24894
2M19331205+4131240,2.96627,2.9775400000000003,2.98888,3.0474900000000003,3.26285,3.3032,3.33791,3.43656,3.45495,3.4685099999999998,3.48083,3.49231,3.54664,3.55493,3.5628699999999998,3.5705199999999997,3.5779,3.5850699999999995,3.59206,3.59891,3.60564,3.61226,3.61879,3.62525,3.63164,3.63798,3.6442699999999997,3.6505099999999997,3.6567199999999995,3.66289,3.6690400000000003,3.67516,3.68126,3.6873400000000003,3.6934099999999996,3.6994800000000003,3.90414,3.92135,3.92834,3.9352199999999997,3.9419699999999995,3.9476199999999997,3.95327,3.9589300000000005,3.9645900000000003,3.9702699999999997,3.9759599999999997,3.98169,3.98745,3.99325,3.9991199999999996,4.00505,4.01105,4.01715,4.02335,4.02966,4.0361,4.042680000000001,4.0494,4.0563,4.06338,4.07064,4.07536,4.07972,4.08406,4.08839,4.09271,4.09702,4.10131,4.105580000000001,4.10985,4.11409,4.11833,4.12255,4.12676,4.13096,4.13514,4.13931,4.14347,4.14762,4.15175
2M19052120+4844387,3.04391,3.05646,3.06745,3.08034,3.40306,3.44809,3.48106,3.49211,3.50746,3.5194,3.53031,3.54051,3.58141,3.5887599999999997,3.5959,3.6028599999999997,3.6096800000000004,3.61637,3.6229699999999996,3.6294800000000005,3.6359199999999996,3.6423099999999997,3.6486400000000003,3.6549300000000002,3.66119,3.66741,3.67361,3.67979,3.68595,3.6921,3.69825,3.70439,3.71054,3.7166900000000003,3.72285,3.72902,3.86816,3.8742900000000002,3.88046,3.88666,3.8929199999999997,3.89923,3.9056,3.91204,3.91856,3.92516,3.93186,3.93866,3.94558,3.9526199999999996,3.95981,3.96714,3.97465,3.98233,3.9902,3.9982900000000003,4.00661,4.01516,4.02398,4.03305,4.04241,4.05204,4.06195,4.07212,4.08255,4.09322,4.1041,4.11521,4.12553,4.12993,4.13431,4.13868,4.14303,4.14737,4.15169,4.15683,4.16744,4.18067,4.1929,4.20423,4.21822
2M19253372+4210501,2.98684,2.99858,3.0104900000000003,3.02263,3.3172900000000003,3.36439,3.4198699999999995,3.45957,3.47706,3.49135,3.50431,3.5163300000000004,3.5754699999999997,3.58351,3.59064,3.5974699999999995,3.6040699999999997,3.6105,3.6168099999999996,3.6230300000000004,3.6291599999999997,3.63524,3.6412699999999996,3.64725,3.6532,3.65913,3.6650300000000002,3.6709099999999997,3.67677,3.6826199999999996,3.68846,3.69429,3.70013,3.7059599999999997,3.71179,3.71763,3.93318,3.93885,3.94456,3.9502900000000003,3.95606,3.9618800000000003,3.96774,3.97365,3.9796300000000002,3.9856599999999998,3.9917800000000003,3.9979699999999996,4.00425,4.01063,4.017119999999999,4.0237099999999995,4.03043,4.03728,4.0442599999999995,4.0513900000000005,4.058680000000001,4.06612,4.07373,4.081519999999999,4.08835,4.09277,4.097180000000001,4.10157,4.10595,4.11032,4.114669999999999,4.119,4.12332,4.12763,4.13192,4.13621,4.14047,4.14473,4.148969999999999,4.15319,4.15741,4.16161,4.16579,4.169969999999999,4.17413
2M19165219+4753040,3.0493900000000003,3.0686,3.0981799999999997,3.2591,3.42214,3.48425,3.5085800000000003,3.5196699999999996,3.53211,3.54282,3.5527900000000003,3.56221,3.58892,3.59648,3.6038099999999997,3.6109400000000003,3.61792,3.62477,3.63151,3.63815,3.6447199999999995,3.65121,3.65765,3.66404,3.6703900000000003,3.6767,3.68298,3.6892400000000003,3.6954800000000003,3.70171,3.7079199999999997,3.71414,3.72035,3.7265599999999997,3.7327800000000004,3.7390199999999996,3.8194800000000004,3.82571,3.83198,3.83828,3.8446300000000004,3.85103,3.8574800000000002,3.86401,3.8706099999999997,3.8773,3.8840800000000004,3.89097,3.8979699999999995,3.9051,3.91238,3.9198199999999996,3.92743,3.9352300000000002,3.9432400000000003,3.95148,3.9599800000000003,3.96874,3.97781,3.9872,3.9969300000000003,4.00702,4.0174900000000004,4.02833,4.039540000000001,4.0511,4.06299,4.0751599999999994,4.08758,4.10024,4.11311,4.119680000000001,4.12408,4.1292,4.14539,4.16081,4.175009999999999,4.18811,4.20021,4.2114400000000005,4.22749
2M19174175+4643342,3.10786,3.12711,3.15655,3.39172,3.55568,3.5712800000000002,3.58169,3.5922699999999996,3.6031400000000002,3.61286,3.62198,3.63065,3.6500199999999996,3.6573800000000003,3.66455,3.67156,3.67845,3.6852400000000003,3.69193,3.69856,3.7051199999999995,3.7116300000000004,3.7181,3.72454,3.7309400000000004,3.7373199999999995,3.74369,3.7500400000000003,3.75639,3.76274,3.7690900000000003,3.77544,3.7818099999999997,3.7882,3.79461,3.8010599999999997,3.8535,3.86,3.86655,3.87316,3.87983,3.88659,3.89342,3.90036,3.9073900000000004,3.91455,3.9218300000000004,3.9292599999999998,3.93685,3.94461,3.9525699999999997,3.9607300000000003,3.9691300000000003,3.97779,3.9867199999999996,3.9959599999999997,4.00553,4.01545,4.02575,4.03646,4.04758,4.05912,4.07105,4.08334,4.0959,4.108630000000001,4.1145,4.11903,4.12354,4.12857,4.13503,4.14141,4.14773,4.15982,4.17606,4.1908199999999995,4.2043099999999995,4.21671,4.22816,4.23883,4.2551
2M19492496+4118001,3.0502,3.0645599999999997,3.09655,3.2143599999999997,3.44193,3.49376,3.50941,3.52104,3.53451,3.54586,3.5563300000000004,3.56615,3.5962199999999998,3.60385,3.61122,3.6183699999999996,3.62535,3.6321800000000004,3.6389,3.64551,3.65204,3.6585,3.6649,3.67125,3.6775599999999997,3.6838300000000004,3.6900800000000005,3.6962900000000003,3.70249,3.70868,3.71485,3.7210199999999998,3.7271900000000002,3.73336,3.7395400000000003,3.7457300000000004,3.8391800000000003,3.84536,3.8515800000000002,3.8578300000000003,3.8641199999999998,3.87048,3.87689,3.8833699999999998,3.88993,3.8965699999999996,3.90332,3.9101800000000004,3.91716,3.92427,3.93154,3.9389800000000004,3.9466099999999997,3.95444,3.9624900000000003,3.9708,3.9793800000000004,3.98825,3.99745,4.00699,4.0169,4.02718,4.03786,4.04891,4.06033,4.07207,4.08408,4.09631,4.10709,4.11152,4.11594,4.12035,4.12474,4.1291199999999995,4.14185,4.15742,4.17168,4.184769999999999,4.19684,4.20803,4.21957
2M19284793+4202459,3.00297,3.01418,3.02562,3.03735,3.344,3.3967199999999997,3.46096,3.48884,3.50561,3.51955,3.5320300000000002,3.54346,3.59041,3.5981199999999998,3.60541,3.61239,3.61913,3.6256800000000005,3.6320900000000003,3.6383900000000002,3.6446,3.6507400000000003,3.6568300000000002,3.66287,3.6688699999999996,3.67484,3.6807800000000004,3.68669,3.69259,3.6984800000000004,3.70435,3.7102199999999996,3.7160800000000003,3.72195,3.72782,3.73369,3.89586,3.9016300000000004,3.90743,3.91325,3.9191199999999995,3.9250300000000005,3.93099,3.937,3.94308,3.9492199999999995,3.95545,3.96176,3.9681699999999998,3.9746900000000003,3.9813300000000003,3.9881,3.995,4.00207,4.0093,4.0167,4.0243,4.0321,4.040109999999999,4.04833,4.056780000000001,4.06544,4.0724599999999995,4.076890000000001,4.08131,4.08571,4.0901,4.09448,4.09884,4.103190000000001,4.10752,4.11184,4.11615,4.12044,4.12472,4.12898,4.13323,4.1374699999999995,4.1417,4.14591,4.155469999999999
2M19310175+4325368,3.02185,3.04155,3.07123,3.25011,3.3061800000000003,3.4113900000000004,3.4626,3.47358,3.4853199999999998,3.4956699999999996,3.50538,3.5146,3.5396099999999997,3.54713,3.55445,3.5616,3.56859,3.57545,3.5822,3.58886,3.59544,3.60195,3.60839,3.61479,3.6211300000000004,3.62744,3.63372,3.63997,3.6461900000000003,3.65239,3.65858,3.66476,3.6709400000000003,3.67711,3.68329,3.6894699999999996,3.7633900000000002,3.76955,3.77575,3.78197,3.7882300000000004,3.7945300000000004,3.8008800000000003,3.80729,3.81376,3.8203,3.82692,3.83362,3.84041,3.84731,3.8543199999999995,3.86145,3.8687199999999997,3.8761300000000003,3.8837,3.89145,3.8994,3.90755,3.91594,3.9245900000000002,3.93353,3.94277,3.95235,3.9623,3.9726199999999996,3.98336,3.99451,4.006069999999999,4.01805,4.0304199999999994,4.043159999999999,4.05626,4.0697,4.08476,4.10732,4.12841,4.14696,4.1605300000000005,4.17317,4.18495,4.200019999999999
2M19325217+4243145,2.93977,2.95083,2.9618900000000004,3.02852,3.17772,3.23204,3.3510699999999995,3.39129,3.40985,3.42427,3.4373099999999996,3.4494300000000004,3.5138199999999995,3.52209,3.5299699999999996,3.5375099999999997,3.5447599999999997,3.55177,3.55859,3.56526,3.5718,3.57825,3.5846199999999997,3.5909199999999997,3.5971599999999997,3.60335,3.60949,3.6156,3.6216800000000005,3.62773,3.6337599999999997,3.6397699999999995,3.6457599999999997,3.65173,3.6577,3.6636699999999998,3.88426,3.92791,3.93451,3.94104,3.9475,3.9539199999999997,3.9603,3.96666,3.973,3.9793300000000005,3.98567,3.9920199999999997,3.99839,4.00478,4.0112,4.0174199999999995,4.0219,4.0263599999999995,4.03822,4.04263,4.04702,4.0514,4.05576,4.06011,4.06444,4.06876,4.07306,4.07735,4.0816300000000005,4.0859,4.09015,4.09438,4.09861,4.1028199999999995,4.10701,4.1112,4.1153699999999995,4.11953,4.12367,4.12781,4.1319300000000005,4.13604,4.14013,4.14422,4.14829
2M19274845+4304289,3.0604400000000003,3.082,3.11301,3.23077,3.3418699999999997,3.4158699999999995,3.47488,3.48501,3.49459,3.5034,3.5118199999999997,3.5199599999999998,3.53764,3.5447699999999998,3.55179,3.55871,3.56555,3.57231,3.579,3.58564,3.5922300000000003,3.59878,3.6053,3.6117800000000004,3.61824,3.62469,3.6311199999999997,3.63754,3.6439699999999995,3.6504,3.65685,3.6633199999999997,3.6698199999999996,3.67635,3.6829300000000003,3.6895599999999997,3.73686,3.74359,3.7503900000000003,3.75728,3.76424,3.77129,3.7784199999999997,3.7856199999999998,3.7929,3.80024,3.80763,3.81509,3.82259,3.83015,3.83776,3.8454300000000003,3.8531699999999995,3.86099,3.86891,3.8774300000000004,3.8865800000000004,3.8957699999999997,3.905,3.91431,3.9237,3.93321,3.9428400000000003,3.95263,3.96262,3.97284,3.9833300000000005,3.9941400000000002,4.00531,4.01689,4.02891,4.04138,4.0644,4.08784,4.10902,4.12841,4.14644,4.16348,4.18064,4.20796,4.23398
2M19102533+4931237,3.08805,3.10792,3.13832,3.31965,3.4698,3.52819,3.53842,3.5489900000000003,3.5603,3.5702800000000003,3.57965,3.5885599999999998,3.61141,3.61881,3.62603,3.6331,3.6400300000000003,3.6468599999999998,3.6536,3.66026,3.66685,3.67339,3.6798900000000003,3.68634,3.69276,3.69915,3.7055300000000004,3.7118800000000003,3.71823,3.72456,3.7309,3.7372400000000003,3.74359,3.74994,3.7563199999999997,3.76272,3.8288,3.83523,3.8417,3.8482300000000005,3.85481,3.8614599999999997,3.8681699999999997,3.87497,3.8818599999999996,3.88885,3.89595,3.90317,3.9105199999999996,3.9180300000000003,3.9256900000000003,3.9335400000000003,3.94159,3.94985,3.95835,3.96711,3.9761599999999997,3.9855099999999997,3.9952,4.00525,4.01567,4.02648,4.0376900000000004,4.04929,4.06125,4.07354,4.08609,4.09885,4.111759999999999,4.123530000000001,4.12887,4.13512,4.14131,4.1573400000000005,4.17358,4.18849,4.20218,4.21477,4.22642,4.23799,4.25698
2M18561467+4530246,3.09639,3.1162099999999997,3.14675,3.31063,3.4967900000000003,3.5375699999999997,3.54786,3.55845,3.57,3.58009,3.58954,3.5985199999999997,3.62235,3.62974,3.63695,3.644,3.6509300000000002,3.6577599999999997,3.6644900000000002,3.67115,3.67774,3.68428,3.6907699999999997,3.6972300000000002,3.70365,3.71005,3.7164300000000003,3.7228,3.72915,3.7355,3.74185,3.74821,3.7545699999999997,3.76095,3.76735,3.77377,3.84378,3.8502400000000003,3.8567400000000003,3.8633,3.8699199999999996,3.87661,3.8833800000000003,3.8902400000000004,3.89719,3.90424,3.9114199999999997,3.9187300000000005,3.9261800000000004,3.93379,3.94158,3.94956,3.95775,3.9661800000000005,3.97486,3.9838199999999997,3.9930800000000004,4.002669999999999,4.01261,4.02292,4.0336099999999995,4.04469,4.05617,4.068,4.08016,4.09258,4.10519,4.11793,4.12694,4.13155,4.13781,4.144019999999999,4.1502,4.166919999999999,4.182869999999999,4.19749,4.21092,4.22329,4.23473,4.2487,4.26774
2M19104752+4220194,3.15062,3.19374,3.27429,3.57091,3.58293,3.5950599999999997,3.60741,3.62011,3.6332199999999997,3.64675,3.66057,3.67443,3.68801,3.7010300000000003,3.71328,3.72471,3.73286,3.74019,3.74844,3.7564699999999998,3.76435,3.77211,3.7797699999999996,3.78735,3.79485,3.8023,3.8096900000000002,3.8170300000000004,3.8243300000000002,3.83158,3.8388,3.84599,3.85275,3.85879,3.86485,3.87091,3.87698,3.88306,3.8891699999999996,3.89531,3.9014800000000003,3.90769,3.91395,3.92026,3.9266400000000004,3.9330800000000004,3.94099,3.94944,3.9578900000000004,3.96631,3.97473,3.9831199999999995,3.99149,3.99985,4.0082,4.01655,4.02419,4.03179,4.03965,4.04779,4.05624,4.06501,4.07412,4.08357,4.09335,4.10343,4.11034,4.11488,4.1194,4.1239,4.1284,4.13287,4.13734,4.14179,4.14628,4.15907,4.17186,4.1849099999999995,4.19756,4.2098,4.22162
2M19254047+3907387,3.08561,3.1047599999999997,3.13479,3.3178,3.5216,3.5508599999999997,3.5622,3.5737300000000003,3.58605,3.59672,3.60659,3.61585,3.64022,3.6477,3.6549300000000002,3.6619800000000002,3.6688699999999996,3.67564,3.6823099999999998,3.6888900000000002,3.6954,3.70185,3.70825,3.71461,3.72094,3.72724,3.7335199999999995,3.73978,3.74603,3.7522699999999998,3.75851,3.76476,3.77101,3.7772699999999997,3.78356,3.78986,3.8612300000000004,3.8675699999999997,3.87395,3.8803900000000002,3.88688,3.89345,3.90009,3.9068199999999997,3.91365,3.9205900000000002,3.92765,3.93485,3.9422099999999998,3.94973,3.95744,3.96536,3.9735099999999997,3.98191,3.99059,3.99957,4.00888,4.01855,4.0286,4.03906,4.04995,4.06126,4.07297,4.08504,4.09739,4.10386,4.10838,4.1128800000000005,4.11736,4.12184,4.12629,4.130730000000001,4.13655,4.14406,4.16055,4.17555,4.18926,4.20186,4.213509999999999,4.22436,4.2375300000000005
2M19004979+4523036,3.05707,3.06897,3.09195,3.13925,3.43209,3.48211,3.4954099999999997,3.50682,3.52135,3.53309,3.5438699999999996,3.5539699999999996,3.5895699999999997,3.59712,3.6044300000000002,3.61154,3.6184800000000004,3.6252800000000005,3.63197,3.6385699999999996,3.64509,3.6515400000000002,3.65794,3.66428,3.6705900000000002,3.67686,3.6831099999999997,3.6893300000000004,3.69553,3.70172,3.7079,3.7140800000000005,3.72025,3.72644,3.7326300000000003,3.73883,3.8551699999999998,3.86135,3.8675599999999997,3.87382,3.88012,3.88648,3.8929,3.8993900000000004,3.9059699999999995,3.9126300000000005,3.9194,3.92628,3.9332800000000003,3.9404199999999996,3.94772,3.95519,3.96285,3.97071,3.9788,3.98714,3.99574,4.00464,4.01385,4.0234,4.03329,4.04354,4.05414,4.0651,4.07637,4.0879199999999996,4.09969,4.11166,4.11934,4.12376,4.12817,4.13256,4.13694,4.14131,4.15263,4.16784,4.18181,4.19468,4.206580000000001,4.217630000000001,4.23375
2M19040872+4936522,2.9919700000000002,3.00399,3.01625,3.02886,3.23673,3.34754,3.40806,3.41781,3.43474,3.44697,3.4580800000000003,3.4685,3.5204800000000005,3.5274699999999997,3.53433,3.5410800000000004,3.5477300000000005,3.5543099999999996,3.56081,3.5672599999999997,3.57365,3.58,3.5863199999999997,3.5926,3.59885,3.6050800000000005,3.6112800000000003,3.6174800000000005,3.6236599999999997,3.62983,3.636,3.64218,3.64835,3.6545400000000003,3.6607300000000005,3.66695,3.8494599999999997,3.86107,3.8672400000000002,3.8734599999999997,3.87972,3.8860300000000003,3.8924,3.8988300000000002,3.90533,3.9119,3.91855,3.92529,3.9321099999999998,3.9390199999999997,3.9460300000000004,3.95315,3.9603800000000002,3.96772,3.9752,3.9828,3.99055,3.9984599999999997,4.00652,4.01475,4.0231699999999995,4.03177,4.04057,4.049580000000001,4.05881,4.06825,4.07793,4.08785,4.0980300000000005,4.10848,4.11923,4.1303,4.14173,4.153569999999999,4.16587,4.17109,4.1768,4.1824699999999995,4.19024,4.207269999999999,4.221430000000001
2M19295476+4208322,2.99831,3.0180599999999997,3.04909,3.15597,3.29035,3.37709,3.44179,3.4526199999999996,3.4662900000000003,3.4775300000000002,3.4879599999999997,3.49781,3.52956,3.5372,3.54461,3.5518199999999998,3.55885,3.5657400000000004,3.57251,3.5791699999999995,3.58574,3.5922300000000003,3.5986599999999997,3.6050199999999997,3.61134,3.61761,3.62385,3.63005,3.6362300000000003,3.64238,3.6485199999999995,3.65464,3.66075,3.66686,3.67296,3.67907,3.7793300000000003,3.78539,3.79147,3.79757,3.8037,3.8098699999999996,3.8160800000000004,3.82234,3.8286599999999997,3.8350400000000002,3.8415,3.8480300000000005,3.85465,3.8613699999999995,3.8682,3.87515,3.8822300000000003,3.88945,3.8968300000000005,3.9043900000000002,3.91214,3.9201099999999998,3.9283,3.9367400000000004,3.9454599999999997,3.9544699999999997,3.96381,3.97349,3.9835300000000005,3.99395,4.00476,4.01595,4.02752,4.03947,4.051769999999999,4.06442,4.0774300000000006,4.09082,4.108630000000001,4.12933,4.14176,4.1553,4.16795,4.1797699999999995,4.1958
2M19282524+4222491,2.98196,2.9931,3.00972,3.08756,3.34533,3.4007300000000003,3.4685,3.50406,3.51956,3.5329,3.5451900000000003,3.5566800000000005,3.5938800000000004,3.6019400000000004,3.6095,3.6166699999999996,3.62354,3.6301900000000002,3.6366699999999996,3.64302,3.64926,3.65542,3.66151,3.66755,3.67355,3.67951,3.68543,3.6913400000000003,3.6972199999999997,3.7030800000000004,3.7089300000000005,3.7147699999999997,3.7206099999999998,3.72644,3.7322800000000003,3.73812,3.85691,3.86268,3.8684800000000004,3.8743,3.88015,3.88604,3.89198,3.89796,3.90401,3.9101199999999996,3.9163,3.92257,3.9289300000000003,3.93539,3.9419699999999995,3.9486800000000004,3.9555300000000004,3.96254,3.96971,3.9770800000000004,3.98465,3.99244,4.0004599999999995,4.00873,4.01725,4.02605,4.0351,4.04352,4.04796,4.05238,4.056780000000001,4.06118,4.06556,4.06992,4.074269999999999,4.07861,4.08293,4.08724,4.0915300000000006,4.09581,4.10008,4.1043400000000005,4.10858,4.11586,4.12638
2M19004559+4601406,3.01993,3.0311,3.04242,3.06758,3.35543,3.40213,3.44489,3.457,3.47349,3.48645,3.4982699999999998,3.50925,3.55404,3.56178,3.5692199999999996,3.5764199999999997,3.5834099999999998,3.59024,3.59694,3.6035199999999996,3.61001,3.6164300000000003,3.6227699999999996,3.62906,3.6353,3.6415,3.6476699999999997,3.6538,3.6599199999999996,3.66601,3.6720800000000002,3.67815,3.6842099999999998,3.69026,3.6963199999999996,3.7023800000000002,3.85584,3.86182,3.8678199999999996,3.87385,3.87992,3.8860300000000003,3.8921900000000003,3.8984,3.9046800000000004,3.9110400000000003,3.91747,3.924,3.9306300000000003,3.93738,3.94425,3.9512699999999996,3.95844,3.96579,3.9733300000000003,3.98107,3.98905,3.99727,4.0057599999999995,4.01454,4.023619999999999,4.03301,4.04272,4.05276,4.06312,4.07377,4.08471,4.09591,4.10735,4.11831,4.122669999999999,4.12701,4.13134,4.13566,4.13997,4.15013,4.16234,4.17397,4.18621,4.19757,4.2115599999999995
2M18585736+4935542,3.0883599999999998,3.1082400000000003,3.13868,3.2420299999999997,3.434,3.5107699999999995,3.5207300000000004,3.5308599999999997,3.54302,3.55326,3.56284,3.57195,3.59975,3.6070699999999998,3.6142300000000005,3.62126,3.6281800000000004,3.63501,3.64175,3.6484199999999998,3.65504,3.66161,3.66813,3.6746199999999996,3.68108,3.6875199999999997,3.69394,3.70034,3.70674,3.7131300000000005,3.7195300000000002,3.72592,3.73234,3.7387599999999996,3.7452099999999997,3.7516800000000003,3.8379800000000004,3.8444800000000003,3.85103,3.85762,3.8642800000000004,3.871,3.87779,3.88467,3.89163,3.8987,3.9058699999999997,3.91316,3.92058,3.92814,3.9358699999999995,3.9437699999999998,3.95185,3.96015,3.9686800000000004,3.97745,3.9865,3.9958400000000003,4.0055,4.0155,4.02585,4.03656,4.047630000000001,4.05906,4.07081,4.08286,4.09515,4.10795,4.1208599999999995,4.13387,4.14675,4.15276,4.1615400000000005,4.17799,4.19334,4.20759,4.22079,4.23302,4.24719,4.266859999999999,4.28469
2M19284107+4054587,2.90615,2.91713,2.92809,2.99005,3.11063,3.1707400000000003,3.3110800000000005,3.3536900000000003,3.37324,3.38786,3.4011099999999996,3.41347,3.47821,3.48688,3.49517,3.5031199999999996,3.51073,3.5180599999999997,3.52516,3.53206,3.53879,3.5454,3.5519,3.5583099999999996,3.56465,3.5709199999999996,3.5771300000000004,3.5832900000000003,3.5894199999999996,3.5955,3.6015599999999997,3.60759,3.6135900000000003,3.6195800000000005,3.62555,3.63151,3.82916,3.90089,3.9076800000000005,3.91437,3.92096,3.92748,3.93395,3.9403699999999997,3.94676,3.9531300000000003,3.95949,3.96585,3.97221,3.97859,3.9849900000000003,3.9914199999999997,3.99789,4.0044,4.0109699999999995,4.0282,4.03256,4.0369,4.04122,4.04554,4.04983,4.054119999999999,4.05839,4.06265,4.06689,4.07112,4.07533,4.07954,4.08373,4.08791,4.09207,4.09622,4.10036,4.10449,4.1086,4.11271,4.1168,4.12087,4.1249400000000005,4.12899,4.13304
2M19254039+3840204,3.06624,3.0777099999999997,3.1057200000000003,3.23141,3.4745,3.51855,3.5297199999999997,3.54106,3.5543,3.56538,3.5756099999999997,3.5852199999999996,3.6149199999999997,3.6224,3.62965,3.63671,3.64361,3.6503900000000002,3.65706,3.66364,3.67015,3.6766,3.683,3.68935,3.6956599999999997,3.70195,3.70821,3.71445,3.7206699999999997,3.72689,3.7331,3.7393099999999997,3.7455300000000005,3.75175,3.75799,3.76424,3.8569400000000003,3.8632,3.8695,3.87585,3.88225,3.8887099999999997,3.8952400000000003,3.90185,3.90855,3.91534,3.92225,3.92927,3.93644,3.94375,3.9512300000000002,3.9588900000000002,3.96675,3.9748300000000003,3.98315,3.9917300000000004,4.0006,4.00978,4.01928,4.02913,4.03934,4.04991,4.06084,4.0721099999999995,4.08366,4.09545,4.107419999999999,4.11426,4.11872,4.1231599999999995,4.1275900000000005,4.13201,4.13641,4.14201,4.1531400000000005,4.1683900000000005,4.18237,4.195209999999999,4.20707,4.21809,4.2327699999999995
2M19294569+4312339,3.04947,3.06055,3.09078,3.2077400000000003,3.43549,3.49375,3.52506,3.53851,3.5532,3.56554,3.57672,3.58699,3.61891,3.6266,3.6339599999999996,3.64105,3.64794,3.65466,3.66126,3.66775,3.6741599999999996,3.6804900000000003,3.6867699999999997,3.69299,3.69918,3.7053300000000005,3.7114599999999998,3.7175599999999998,3.72364,3.72971,3.73578,3.7418400000000003,3.7479,3.7539599999999997,3.7600300000000004,3.76612,3.8662199999999998,3.87229,3.87839,3.8845300000000003,3.8907300000000005,3.8969699999999996,3.90328,3.9096599999999997,3.9161300000000003,3.92268,3.9293400000000003,3.93612,3.9430199999999997,3.9500699999999997,3.95729,3.96469,3.97229,3.98011,3.9881900000000003,3.99654,4.00519,4.0141800000000005,4.02353,4.03327,4.043419999999999,4.05399,4.06497,4.076309999999999,4.08134,4.0858300000000005,4.0903,4.09475,4.0992,4.103619999999999,4.10803,4.112430000000001,4.11681,4.121180000000001,4.1258099999999995,4.13974,4.152819999999999,4.16514,4.1771199999999995,4.18844,4.1990099999999995
2M19262685+4206574,3.0868599999999997,3.10665,3.1367599999999998,3.33125,3.46832,3.5294,3.5396199999999998,3.55019,3.56138,3.57131,3.5806199999999997,3.5895,3.61165,3.6190599999999997,3.6262800000000004,3.63334,3.64028,3.64711,3.65384,3.6605,3.6671,3.67363,3.6801199999999996,3.6865699999999997,3.69299,3.69938,3.70575,3.7121,3.71844,3.72477,3.7311,3.7374400000000003,3.74378,3.7501300000000004,3.7565,3.76289,3.82619,3.83261,3.8390800000000005,3.8456,3.8521699999999996,3.85881,3.86551,3.8723,3.8791800000000003,3.88616,3.89324,3.90045,3.9077900000000003,3.9152699999999996,3.9229199999999995,3.93075,3.93877,3.9470099999999997,3.95548,3.96421,3.9732199999999995,3.98254,3.9921900000000003,4.002190000000001,4.012569999999999,4.0233300000000005,4.0345,4.04605,4.05797,4.0702300000000005,4.08275,4.09548,4.10839,4.12144,4.1268199999999995,4.13307,4.13928,4.15452,4.17084,4.18582,4.19957,4.212219999999999,4.2239,4.2348099999999995,4.2538599999999995
2M19290865+4054489,3.15162,3.18482,3.19958,3.56218,3.5749,3.5878300000000003,3.60111,3.6148300000000004,3.62903,3.64321,3.65315,3.66234,3.6709,3.67896,3.68663,3.6939900000000003,3.7011,3.7080300000000004,3.7148,3.72145,3.728,3.7344699999999995,3.7408699999999997,3.7472,3.75349,3.75975,3.7671300000000003,3.7748800000000005,3.7825599999999997,3.79019,3.7966300000000004,3.8027800000000003,3.80893,3.81509,3.82125,3.82743,3.83362,3.83984,3.8460900000000002,3.85238,3.85871,3.8650900000000004,3.87295,3.88118,3.88942,3.89627,3.90286,3.90956,3.91638,3.9233300000000004,3.93044,3.93773,3.9452199999999995,3.9529300000000003,3.96089,3.96915,3.9777199999999997,3.9866699999999997,3.99601,4.005809999999999,4.0161,4.02693,4.03834,4.05031,4.062819999999999,4.0757900000000005,4.08448,4.08902,4.09354,4.09806,4.10255,4.1070400000000005,4.11333,4.12918,4.1457,4.16069,4.17433,4.18684,4.19841,4.20919,4.21929
2M19293325+4213597,3.12394,3.1438,3.17464,3.29984,3.54871,3.56134,3.57185,3.58249,3.5945400000000003,3.6048400000000003,3.6144199999999995,3.62351,3.6491300000000004,3.6564900000000002,3.6636699999999998,3.6707,3.67761,3.6844099999999997,3.6911400000000003,3.6977900000000004,3.70439,3.7109400000000003,3.7174400000000003,3.7239199999999997,3.7303699999999997,3.7368,3.74321,3.7496199999999997,3.75602,3.7624199999999997,3.76882,3.77524,3.78168,3.78813,3.7946199999999997,3.80114,3.8785199999999995,3.8851,3.89174,3.8984400000000003,3.90522,3.91209,3.91905,3.9261199999999996,3.9333099999999996,3.94063,3.9481,3.95574,3.96355,3.97157,3.9798,3.9882699999999995,3.99701,4.00603,4.01537,4.02505,4.03509,4.04552,4.05635,4.06761,4.07929,4.09135,4.10376,4.11643,4.1263,4.13085,4.13539,4.1399099999999995,4.14518,4.15146,4.1577,4.16389,4.17403,4.19067,4.20589,4.2198199999999995,4.23263,4.24447,4.25547,4.27401,4.29336
2M19505021+4804508,3.02026,3.03178,3.0617,3.1192,3.37895,3.43001,3.47074,3.4832300000000003,3.4984,3.5109199999999996,3.5224,3.5330800000000004,3.56955,3.57745,3.5850199999999997,3.59231,3.5993699999999995,3.60625,3.61299,3.6196,3.6261099999999997,3.6325300000000005,3.6388800000000003,3.6451800000000003,3.65142,3.6576199999999996,3.6637800000000005,3.66991,3.6760099999999998,3.6821,3.6881699999999995,3.6942199999999996,3.7002699999999997,3.7063099999999998,3.71236,3.71841,3.8364199999999995,3.8424099999999997,3.8484300000000005,3.85448,3.86056,3.86668,3.87285,3.8790699999999996,3.88536,3.89172,3.89816,3.9047,3.9113300000000004,3.9180900000000003,3.9249699999999996,3.932,3.93919,3.94656,3.95413,3.9619199999999997,3.96995,3.97824,3.98682,3.99571,4.00494,4.01452,4.0244599999999995,4.0347800000000005,4.04546,4.05649,4.06784,4.07948,4.0913699999999995,4.0991,4.10348,4.10785,4.11221,4.11655,4.12087,4.13382,4.1464300000000005,4.15833,4.17077,4.18236,4.19313
2M19322256+4253471,3.0583400000000003,3.0705,3.09765,3.14724,3.39175,3.47235,3.4852199999999995,3.4952300000000003,3.5093199999999998,3.5203699999999998,3.53059,3.54025,3.5740800000000004,3.58146,3.5886699999999996,3.5957199999999996,3.6026300000000004,3.60944,3.61615,3.62279,3.62935,3.6358599999999996,3.64232,3.6487300000000005,3.6551099999999996,3.66146,3.66779,3.67409,3.6803800000000004,3.68667,3.69294,3.69921,3.70549,3.71178,3.7180699999999995,3.72439,3.83452,3.8408300000000004,3.8471699999999998,3.85355,3.85998,3.8664699999999996,3.8730300000000004,3.87965,3.88636,3.89315,3.90004,3.9070400000000003,3.91416,3.92141,3.9288,3.93635,3.9440699999999995,3.9519800000000003,3.96009,3.96843,3.9770199999999996,3.9858800000000003,3.99502,4.0044699999999995,4.01424,4.02436,4.03483,4.045640000000001,4.0568,4.068280000000001,4.08005,4.09208,4.1043199999999995,4.11678,4.12946,4.13721,4.14206,4.14965,4.16563,4.18049,4.1942699999999995,4.2070300000000005,4.21887,4.23435,4.25207
2M19394766+4626191,3.05956,3.07077,3.09918,3.2564,3.4791300000000005,3.52538,3.5368,3.54846,3.56152,3.57261,3.58282,3.5923800000000004,3.62057,3.62806,3.63531,3.64235,3.64923,3.6559800000000005,3.6626199999999995,3.66917,3.67565,3.68206,3.68842,3.6947400000000004,3.7010199999999998,3.70727,3.71349,3.71969,3.72588,3.7320599999999997,3.7382400000000002,3.74441,3.7505900000000003,3.7567699999999995,3.7629699999999997,3.7691800000000004,3.8556,3.8618300000000003,3.86809,3.87439,3.88075,3.88717,3.89365,3.9002199999999996,3.9068699999999996,3.91361,3.92047,3.9274400000000003,3.93455,3.94181,3.9492300000000005,3.95683,3.96463,3.97265,3.9809099999999997,3.98944,3.99825,4.00737,4.01682,4.02663,4.0368,4.04734,4.05825,4.0695,4.08104,4.09281,4.1013,4.10577,4.1102300000000005,4.11468,4.11911,4.12352,4.12792,4.1323099999999995,4.1384099999999995,4.15407,4.16834,4.181430000000001,4.19349,4.20467,4.21511
2M19283288+4225459,3.16472,3.1985200000000003,3.21297,3.5677800000000004,3.58051,3.59352,3.6069199999999997,3.6208199999999997,3.6352599999999997,3.64928,3.65925,3.66845,3.6770199999999997,3.68508,3.69275,3.70011,3.7072300000000005,3.7141699999999997,3.72095,3.72761,3.7341699999999998,3.74064,3.74705,3.7534,3.7597,3.76692,3.7748,3.78261,3.7903599999999997,3.7980400000000003,3.8045199999999997,3.81069,3.8168599999999997,3.82304,3.82922,3.8354199999999996,3.84164,3.84789,3.85417,3.8604800000000004,3.8668400000000003,3.8738699999999997,3.8821199999999996,3.89036,3.8986,3.9058300000000004,3.91241,3.9191,3.92591,3.93286,3.9399599999999997,3.9472400000000003,3.9547199999999996,3.9624300000000003,3.97039,3.97865,3.9872400000000003,3.9961900000000004,4.00556,4.01538,4.02572,4.03659,4.04805,4.06008,4.07266,4.0856699999999995,4.09248,4.09703,4.10156,4.10607,4.110580000000001,4.11506,4.12352,4.1391800000000005,4.15543,4.1702,4.183669999999999,4.19603,4.20748,4.21815,4.2281699999999995
2M19214099+3751064,3.1126400000000003,3.1310599999999997,3.15745,3.53917,3.58859,3.59954,3.60996,3.6198300000000003,3.6291599999999997,3.638,3.6463900000000002,3.6544199999999996,3.66212,3.6695699999999998,3.6768099999999997,3.6838699999999998,3.6907900000000002,3.6976,3.7043,3.7109199999999998,3.71748,3.7239699999999996,3.7304199999999996,3.7368300000000003,3.7432,3.74955,3.75587,3.7621800000000003,3.7684800000000003,3.7747699999999997,3.7810599999999996,3.78816,3.79461,3.80094,3.8072800000000004,3.81377,3.82093,3.82734,3.83379,3.84029,3.84685,3.8534699999999997,3.8601699999999997,3.86695,3.87382,3.88079,3.8878800000000004,3.8951,3.90246,3.9099699999999995,3.9176599999999997,3.9255400000000003,3.9336300000000004,3.94196,3.95054,3.9594099999999997,3.9685900000000003,3.9781,3.9879800000000003,3.9982599999999997,4.00896,4.0201,4.03169,4.04371,4.0561300000000005,4.0688699999999995,4.08186,4.095,4.09967,4.10418,4.1108400000000005,4.11742,4.1239,4.133719999999999,4.15068,4.166,4.17992,4.19266,4.2043800000000005,4.21526,4.22542
2M19240775+4902249,3.04875,3.06391,3.08188,3.10695,3.14973,3.26766,3.2809699999999995,3.29839,3.31299,3.32568,3.3373199999999996,3.34824,3.40015,3.4076800000000005,3.4150199999999997,3.42222,3.42929,3.43625,3.4431300000000005,3.4499199999999997,3.45665,3.46331,3.4699199999999997,3.47649,3.4830099999999997,3.4895,3.4959599999999997,3.50239,3.50881,3.51522,3.5216199999999995,3.54145,3.5478099999999997,3.5541400000000003,3.5604699999999996,3.5668,3.75815,3.7644699999999998,3.7708199999999996,3.7772300000000003,3.7837099999999997,3.79029,3.7969800000000005,3.8038300000000005,3.8108699999999995,3.81815,3.82573,3.8336900000000003,3.8421,3.8510699999999995,3.86069,3.8710699999999996,3.8823,3.89446,3.9076,3.92181,3.93719,3.94869,3.95756,3.9666099999999997,3.9759300000000004,3.98558,3.9956699999999996,4.00646,4.02076,4.03528,4.05017,4.06093,4.06987,4.0784199999999995,4.08662,4.09449,4.10206,4.10934,4.11637,4.12629,4.13992,4.152,4.16284,4.17267,4.18165
2M19383520+4153027,2.8846,2.90468,2.9279599999999997,2.95559,3.10753,3.1527700000000003,3.21707,3.30137,3.3196199999999996,3.33415,3.34763,3.36044,3.41416,3.42455,3.43453,3.4433199999999995,3.45168,3.45965,3.46726,3.4745699999999995,3.4816199999999995,3.48846,3.4951199999999996,3.5016300000000005,3.50801,3.5142900000000004,3.52049,3.5266,3.53265,3.53864,3.5445900000000004,3.55049,3.55635,3.56218,3.56797,3.57375,3.69383,3.77012,3.7756800000000004,3.7812300000000003,3.7867699999999997,3.79231,3.79785,3.8033900000000003,3.80894,3.81451,3.82009,3.8257,3.83134,3.83702,3.8427300000000004,3.8485,3.8543300000000005,3.8602300000000005,3.8662099999999997,3.8722800000000004,3.87846,3.88476,3.8912,3.89779,3.9045699999999997,3.91155,3.91876,3.92624,3.934,3.9420900000000003,3.95053,3.95937,3.96863,3.97834,3.9885300000000004,3.9992,4.0103800000000005,4.022069999999999,4.034269999999999,4.0531,4.07231,4.09072,4.10864,4.12204,4.13131
2M19092683+3842505,3.05571,3.06725,3.0953,3.15216,3.43445,3.4926699999999995,3.5049699999999997,3.51765,3.53251,3.5448,3.55599,3.5663699999999996,3.60146,3.6091599999999997,3.6165599999999998,3.62371,3.6306599999999998,3.63746,3.64413,3.65069,3.65717,3.6635699999999995,3.66992,3.6762099999999998,3.68246,3.68868,3.69487,3.7010300000000003,3.7071699999999996,3.7133,3.7194199999999995,3.7255300000000005,3.73165,3.7377599999999997,3.74389,3.75003,3.8632800000000005,3.86939,3.87554,3.8817199999999996,3.88795,3.8942300000000003,3.90058,3.907,3.9135,3.92009,3.92679,3.9336,3.94054,3.94763,3.9548699999999997,3.9622900000000003,3.9699199999999997,3.97776,3.98585,3.9942,4.00285,4.01181,4.02112,4.03081,4.04087,4.05134,4.0622,4.07342,4.08496,4.09676,4.1016,4.10605,4.11049,4.11491,4.11932,4.12371,4.12809,4.13245,4.14323,4.1567099999999995,4.17065,4.1836,4.19555,4.20666,4.2173300000000005
2M19300081+4304593,3.09251,3.11163,3.14086,3.3895,3.5239300000000005,3.5568699999999995,3.56737,3.57806,3.58894,3.5987199999999997,3.6079,3.6166300000000002,3.6356599999999997,3.64307,3.6502800000000004,3.6573300000000004,3.66424,3.67104,3.67774,3.68437,3.6909300000000003,3.69743,3.7038800000000003,3.7103,3.71668,3.72304,3.72937,3.73569,3.742,3.74831,3.75461,3.76091,3.76723,3.77356,3.7799099999999997,3.78628,3.83702,3.84344,3.8499,3.85641,3.86299,3.8696300000000003,3.8763400000000003,3.88314,3.89004,3.89704,3.90416,3.91141,3.9188,3.92635,3.9340800000000002,3.942,3.95013,3.9585,3.9671199999999995,3.9760199999999997,3.9852300000000005,3.99476,4.004659999999999,4.0149300000000006,4.0256,4.0366800000000005,4.04817,4.06006,4.07228,4.08478,4.09748,4.10856,4.11306,4.11755,4.12258,4.12927,4.1353599999999995,4.14543,4.16211,4.1772800000000005,4.19111,4.203790000000001,4.21549,4.22635,4.2392199999999995
2M19510878+4753100,3.0365,3.04854,3.07479,3.12655,3.36645,3.43725,3.4696,3.47992,3.4944599999999997,3.50584,3.51634,3.5262300000000004,3.56125,3.5687300000000004,3.576,3.5830900000000003,3.59004,3.59685,3.60356,3.61018,3.6167300000000004,3.62321,3.62963,3.636,3.6423400000000004,3.6486300000000003,3.6549,3.66115,3.6673699999999996,3.6735800000000003,3.6797800000000005,3.6859800000000003,3.6921699999999995,3.6983599999999996,3.70456,3.71078,3.82519,3.8313699999999997,3.8375800000000004,3.8438199999999996,3.85011,3.85645,3.86285,3.86931,3.87584,3.88245,3.88915,3.89594,3.90285,3.9098699999999997,3.9170300000000005,3.92434,3.9318,3.9394400000000003,3.94726,3.9553,3.96357,3.97209,3.98087,3.98995,3.9993300000000005,4.00904,4.01909,4.02949,4.04024,4.05132,4.06272,4.07443,4.0864,4.09863,4.11111,4.12387,4.13008,4.13443,4.14351,4.1588400000000005,4.1730599999999995,4.18623,4.19844,4.20979,4.22729
2M19140739+4056322,3.04507,3.06351,3.09438,3.1869400000000003,3.38881,3.4619400000000002,3.48656,3.4972199999999996,3.51062,3.5216199999999995,3.5318400000000003,3.5414800000000004,3.57248,3.58,3.58731,3.59444,3.6014199999999996,3.6082699999999996,3.61501,3.62166,3.6282400000000004,3.63475,3.6412,3.6476,3.6539699999999997,3.6602900000000003,3.6665900000000002,3.6728699999999996,3.6791199999999997,3.6853599999999997,3.69159,3.69781,3.70404,3.71026,3.7165,3.72274,3.82065,3.8268800000000005,3.83314,3.83944,3.8457800000000004,3.85218,3.8586300000000002,3.86515,3.87174,3.8784099999999997,3.88518,3.89205,3.89903,3.90614,3.91339,3.92079,3.92836,3.9361099999999998,3.9440699999999995,3.95225,3.96067,3.96935,3.97833,3.9876099999999997,3.9972300000000005,4.0072,4.017530000000001,4.028230000000001,4.03929,4.05071,4.06246,4.07451,4.08683,4.09938,4.11216,4.1252,4.13061,4.1380099999999995,4.15413,4.16915,4.18308,4.196,4.207990000000001,4.22216,4.2397800000000005
2M18523616+4508233,3.0467299999999997,3.05798,3.0693799999999998,3.10345,3.3772800000000003,3.4333,3.4487699999999997,3.45991,3.4754,3.48755,3.4986900000000003,3.50914,3.55115,3.55871,3.56604,3.5731800000000002,3.58017,3.58702,3.59376,3.6004099999999997,3.60698,3.6134699999999995,3.61991,3.6263,3.6326400000000003,3.63895,3.64523,3.6514800000000003,3.65771,3.6639199999999996,3.67012,3.67631,3.6825,3.6886900000000002,3.69489,3.7011,3.84424,3.85039,3.8565699999999996,3.86279,3.86904,3.87535,3.8817199999999996,3.88814,3.89465,3.9012300000000004,3.9079099999999998,3.9146900000000002,3.92159,3.92861,3.9357800000000003,3.94311,3.9506099999999997,3.9583,3.9662,3.97434,3.98273,3.9914,4.00036,4.00966,4.01929,4.0292900000000005,4.03966,4.0504,4.06151,4.07295,4.08471,4.09673,4.10896,4.1214,4.13398,4.13835,4.14271,4.15388,4.16884,4.1833599999999995,4.19686,4.20941,4.22106,4.237419999999999,4.2542800000000005
2M19162065+4133465,3.05281,3.06504,3.07828,3.09634,3.4299800000000005,3.48854,3.5076699999999996,3.5204199999999997,3.5357300000000005,3.5481,3.5593,3.56966,3.61036,3.61774,3.62486,3.6317699999999995,3.6385199999999998,3.64514,3.65165,3.6580699999999995,3.6644300000000003,3.6707199999999998,3.67697,3.6831699999999996,3.68934,3.6954800000000003,3.7016,3.7077,3.7137800000000003,3.7198599999999997,3.7259300000000004,3.73199,3.7380699999999996,3.74415,3.7502400000000002,3.7563400000000002,3.8942699999999997,3.9003400000000004,3.9064400000000004,3.9125900000000002,3.9188,3.9250599999999998,3.93139,3.93779,3.9442800000000005,3.95086,3.95755,3.96435,3.97128,3.97835,3.98558,3.9929900000000003,4.00058,4.008380000000001,4.0164,4.02466,4.033180000000001,4.041980000000001,4.051069999999999,4.06044,4.07011,4.08005,4.0902400000000005,4.09966,4.10414,4.10859,4.11304,4.1174599999999995,4.12188,4.12628,4.13066,4.13503,4.139390000000001,4.143730000000001,4.14806,4.1523699999999995,4.1584699999999994,4.17077,4.18297,4.1943,4.2049
2M18575579+4423529,3.0108200000000003,3.0225299999999997,3.0344900000000004,3.04677,3.36619,3.40425,3.4538,3.4707800000000004,3.4872,3.50032,3.5121599999999997,3.52311,3.57573,3.58295,3.5899400000000004,3.59674,3.6033800000000005,3.6099099999999997,3.61634,3.62269,3.6289800000000003,3.6352,3.6413900000000003,3.64753,3.65364,3.6597199999999996,3.6657800000000003,3.67182,3.67784,3.68385,3.68985,3.69585,3.70185,3.7078599999999997,3.7138699999999996,3.7198900000000004,3.90922,3.91514,3.92109,3.92708,3.9331099999999997,3.93919,3.9453300000000002,3.95152,3.95779,3.96414,3.9705699999999995,3.97709,3.98372,3.9904599999999997,3.9973199999999998,4.00431,4.01144,4.018730000000001,4.02618,4.03379,4.04159,4.049580000000001,4.05776,4.06614,4.07471,4.08349,4.09247,4.10165,4.11103,4.12063,4.1265,4.13088,4.13523,4.1395800000000005,4.14391,4.148219999999999,4.15252,4.15681,4.16109,4.16535,4.16959,4.173830000000001,4.17805,4.18508,4.19581
2M19045932+5014326,2.99855,3.00968,3.0415200000000002,3.10562,3.33983,3.39739,3.46717,3.48388,3.50045,3.51444,3.52713,3.53875,3.57747,3.5857900000000003,3.59361,3.6010400000000002,3.60815,3.6150300000000004,3.6217099999999998,3.62825,3.63467,3.64099,3.6472300000000004,3.6534,3.6595199999999997,3.6656,3.6716300000000004,3.67763,3.68361,3.6895599999999997,3.6955,3.7014199999999997,3.7073400000000003,3.7132400000000003,3.71915,3.72506,3.84984,3.85567,3.8615199999999996,3.8674,3.87331,3.87926,3.88525,3.89129,3.8973800000000005,3.90355,3.9097800000000005,3.9161099999999998,3.9225199999999996,3.92905,3.9357,3.94248,3.94941,3.9565099999999997,3.9638,3.97131,3.9790400000000004,3.98702,3.9952900000000002,4.00385,4.01274,4.02197,4.03155,4.04148,4.05173,4.06231,4.0676,4.07201,4.0764,4.080769999999999,4.08514,4.08948,4.09382,4.09814,4.1024400000000005,4.10674,4.11655,4.1287400000000005,4.14021,4.15105,4.16132
2M19011470+4750549,2.9897299999999998,3.0012,3.01287,3.02484,3.3161400000000003,3.3561,3.4121599999999996,3.44268,3.45961,3.47274,3.48466,3.4957199999999995,3.5447,3.55223,3.5594900000000003,3.56651,3.57335,3.5800400000000003,3.5866,3.59306,3.59944,3.60575,3.612,3.6182,3.62435,3.63047,3.63656,3.64261,3.64865,3.65467,3.6606699999999996,3.66666,3.67265,3.6786300000000005,3.6846099999999997,3.6905900000000003,3.8626099999999997,3.8684800000000004,3.8743800000000004,3.8803,3.88626,3.89226,3.8983,3.9043900000000002,3.9105300000000005,3.91675,3.9230300000000002,3.9294,3.93585,3.9424,3.94906,3.9558400000000002,3.96276,3.96981,3.97701,3.9843900000000003,3.99194,3.99968,4.007630000000001,4.0158,4.02419,4.03282,4.04169,4.05081,4.06018,4.0698099999999995,4.0797099999999995,4.0898699999999995,4.10032,4.11107,4.12214,4.126869999999999,4.13117,4.13546,4.13973,4.1439900000000005,4.14824,4.15247,4.1605099999999995,4.1711,4.1818
2M19562938+4152003,3.0398099999999997,3.0579,3.08933,3.16878,3.40012,3.45252,3.48187,3.4930800000000004,3.507,3.5184699999999998,3.52909,3.5390699999999997,3.5715,3.57919,3.58662,3.59384,3.60088,3.60777,3.6145400000000003,3.62121,3.6277800000000004,3.63429,3.6407300000000005,3.64711,3.65345,3.65974,3.66601,3.67224,3.67846,3.68465,3.6908300000000005,3.697,3.7031699999999996,3.7093300000000005,3.7155,3.72168,3.82456,3.8307,3.8368800000000003,3.84309,3.84933,3.85563,3.8619800000000004,3.86839,3.8748699999999996,3.8814300000000004,3.8880800000000004,3.8948300000000002,3.9016900000000003,3.90867,3.9158,3.92308,3.93053,3.93816,3.94601,3.9540800000000003,3.9624,3.97099,3.97988,3.98909,3.99864,4.00855,4.01884,4.02951,4.04055,4.05196,4.0637,4.07575,4.08805,4.10058,4.11335,4.1222,4.126580000000001,4.133830000000001,4.14838,4.16346,4.17744,4.19039,4.20239,4.2150099999999995,4.23259
2M19441136+4244348,3.0101,3.02123,3.03254,3.0501099999999997,3.34669,3.4014300000000004,3.44489,3.4586900000000003,3.47583,3.48958,3.502,3.51344,3.5636900000000002,3.5714,3.57876,3.58586,3.59275,3.5994699999999997,3.60606,3.6125300000000005,3.61891,3.6252199999999997,3.6314699999999998,3.63766,3.6438099999999998,3.64992,3.65599,3.66205,3.6680800000000002,3.67409,3.6800900000000003,3.6860800000000005,3.6920599999999997,3.69804,3.7040300000000004,3.7100199999999997,3.8867,3.89259,3.8985,3.90445,3.9104300000000003,3.91645,3.92253,3.92867,3.9348699999999996,3.9411400000000003,3.9475,3.95396,3.9605099999999998,3.96719,3.97399,3.9809300000000003,3.98803,3.99531,4.00277,4.01044,4.01832,4.02645,4.03483,4.04347,4.05239,4.06158,4.07105,4.08079,4.0907800000000005,4.101,4.10895,4.11333,4.1177,4.12205,4.12639,4.13071,4.13502,4.13932,4.1436,4.147869999999999,4.15367,4.16549,4.17668,4.18728,4.19735
2M19364610+3937084,3.0099099999999996,3.02088,3.03202,3.0564299999999998,3.3399400000000004,3.4022699999999997,3.4493199999999997,3.4632699999999996,3.4803800000000003,3.49425,3.50679,3.51833,3.56512,3.57304,3.5805800000000003,3.5878,3.59478,3.6015699999999997,3.6082,3.6147099999999996,3.62112,3.62744,3.6337,3.6398900000000003,3.64604,3.65214,3.65821,3.66425,3.67027,3.6762699999999997,3.68225,3.68822,3.6941800000000002,3.70014,3.7061,3.7120699999999998,3.87276,3.8786199999999997,3.8845099999999997,3.8904300000000003,3.89638,3.9023800000000004,3.9084199999999996,3.9145199999999996,3.9206800000000004,3.92691,3.9332199999999995,3.9396199999999997,3.9461199999999996,3.9527300000000003,3.9594699999999996,3.96635,3.97339,3.9806,3.988,3.9956,4.00344,4.01152,4.0198599999999995,4.028490000000001,4.0374099999999995,4.04664,4.05618,4.0660099999999995,4.07613,4.08652,4.09524,4.09963,4.104,4.10836,4.11271,4.11704,4.12136,4.12566,4.12995,4.1342300000000005,4.1432,4.15511,4.16636,4.17702,4.187130000000001
2M18472048+4409213,3.06882,3.07987,3.0911299999999997,3.10982,3.43963,3.49053,3.50271,3.5152900000000002,3.53094,3.54345,3.5547800000000005,3.5652699999999995,3.6068599999999997,3.6143099999999997,3.62151,3.6285,3.63533,3.6420199999999996,3.6486099999999997,3.6551099999999996,3.6615300000000004,3.6679,3.67421,3.68048,3.6867099999999997,3.6929199999999995,3.6991,3.70526,3.71141,3.71755,3.7236800000000003,3.7298199999999997,3.73595,3.7421,3.7482599999999997,3.75443,3.8958,3.90194,3.90812,3.91436,3.92064,3.92699,3.93342,3.93992,3.94651,3.95321,3.9600199999999997,3.96696,3.9740300000000004,3.98127,3.9886699999999995,3.9962699999999995,4.00408,4.01211,4.0204,4.02896,4.0378099999999995,4.0469800000000005,4.0564800000000005,4.066319999999999,4.07651,4.08702,4.09782,4.10887,4.11381,4.11828,4.122730000000001,4.12717,4.1316,4.13601,4.1404,4.14478,4.14915,4.1535,4.15784,4.1712,4.184880000000001,4.19751,4.20921,4.22013,4.23646
2M19253263+4159249,3.04238,3.0544599999999997,3.06744,3.10508,3.41802,3.4643599999999997,3.4939400000000003,3.5059400000000003,3.52106,3.5332199999999996,3.5443,3.55461,3.59361,3.60109,3.6083199999999995,3.61533,3.6221699999999997,3.62888,3.6354699999999998,3.6419699999999997,3.6484,3.65475,3.66106,3.6673199999999997,3.6735300000000004,3.6797199999999997,3.6858800000000005,3.69202,3.69814,3.70424,3.71034,3.71644,3.7225300000000003,3.7286300000000003,3.73474,3.74086,3.8713,3.8773800000000005,3.8835,3.88965,3.89585,3.9021,3.90841,3.91479,3.92125,3.9278,3.93444,3.94119,3.94806,3.95505,3.9622,3.9695,3.97698,3.98465,3.99252,4.00062,4.00897,4.017580000000001,4.02646,4.03564,4.04511,4.054880000000001,4.06494,4.07529,4.08588,4.0967,4.10772,4.11275,4.11716,4.12156,4.12595,4.130319999999999,4.13468,4.1390199999999995,4.14335,4.14767,4.15837,4.17168,4.18395,4.19533,4.20594
2M19255247+4020378,3.08974,3.10722,3.1334,3.4234400000000003,3.55525,3.59155,3.60296,3.61424,3.6255699999999997,3.6355699999999995,3.6448199999999997,3.65351,3.67224,3.67953,3.6866,3.6935,3.7002599999999997,3.7069199999999998,3.71348,3.7199699999999996,3.7264,3.7327800000000004,3.7391199999999998,3.7454199999999997,3.7517,3.7579599999999997,3.7642,3.77043,3.77665,3.7828800000000005,3.7891,3.79534,3.80159,3.80785,3.81414,3.8204599999999997,3.87026,3.87664,3.8830699999999996,3.88955,3.8961099999999997,3.90274,3.9094599999999997,3.91627,3.92319,3.9302300000000003,3.93741,3.9447300000000003,3.95221,3.9598800000000005,3.96774,3.97583,3.9841699999999998,3.9927699999999997,4.00168,4.01091,4.0205,4.030480000000001,4.0408800000000005,4.051740000000001,4.06306,4.07484,4.08344,4.088019999999999,4.09258,4.09713,4.10166,4.10618,4.11068,4.11517,4.11964,4.12409,4.12978,4.136080000000001,4.14314,4.158440000000001,4.17239,4.1852,4.19706,4.20811,4.21849
2M19330298+4121544,3.00165,3.0127599999999997,3.024,3.05625,3.3174699999999997,3.3656699999999997,3.41773,3.43036,3.4474400000000003,3.461,3.4733699999999996,3.4848800000000004,3.53219,3.54023,3.5479199999999995,3.5553199999999996,3.56247,3.56943,3.5762199999999997,3.5828800000000003,3.58943,3.59588,3.60225,3.6085599999999998,3.61481,3.6210199999999997,3.62718,3.6333,3.63939,3.64546,3.65151,3.65754,3.66356,3.6695699999999998,3.6755699999999996,3.6815800000000003,3.84438,3.85028,3.8561900000000002,3.8621199999999996,3.8680800000000004,3.87408,3.8801099999999997,3.88619,3.8923300000000003,3.8985300000000005,3.9048,3.91115,3.9176,3.92414,3.9308099999999997,3.9376,3.94454,3.9516400000000003,3.9589199999999996,3.9664,3.9740900000000003,3.9820300000000004,3.99022,3.99871,4.00749,4.0166,4.02605,4.03585,4.046,4.0565,4.06733,4.078469999999999,4.0899,4.10161,4.11359,4.11991,4.124219999999999,4.1285300000000005,4.13624,4.14885,4.160769999999999,4.17206,4.18277,4.19338,4.20674
2M18455585+4712289,3.11904,3.13826,3.16763,3.38825,3.5668,3.57954,3.5896,3.5997800000000004,3.6105300000000002,3.6200699999999997,3.62905,3.6376199999999996,3.65749,3.66477,3.6718900000000003,3.67887,3.68575,3.69253,3.69924,3.7058800000000005,3.7124699999999997,3.71901,3.7255199999999995,3.732,3.73845,3.74488,3.7513099999999997,3.7577199999999995,3.7641400000000003,3.77055,3.7769800000000004,3.7834199999999996,3.7898699999999996,3.79635,3.80286,3.8094099999999997,3.8643,3.87092,3.87759,3.8843300000000003,3.89115,3.89804,3.9050300000000004,3.91212,3.9193300000000004,3.92666,3.93413,3.94175,3.9495400000000003,3.9575099999999996,3.96569,3.9740800000000003,3.9827199999999996,3.9916199999999997,4.0008099999999995,4.01032,4.02015,4.03035,4.04093,4.0519099999999995,4.063280000000001,4.07506,4.08718,4.0996,4.11221,4.12151,4.12606,4.1306,4.13618,4.14264,4.14905,4.15538,4.16165,4.17472,4.19059,4.20505,4.21828,4.23046,4.24174,4.2529699999999995,4.27323
2M19233947+4217116,3.0721700000000003,3.08366,3.09534,3.1135099999999998,3.41422,3.45205,3.4625,3.4739400000000002,3.48946,3.5016300000000005,3.51275,3.5232099999999997,3.5723599999999998,3.57957,3.58662,3.59355,3.60037,3.6071,3.6137599999999996,3.62035,3.62689,3.6333800000000003,3.6398300000000003,3.64625,3.6526400000000003,3.65901,3.6653599999999997,3.6717,3.67803,3.68436,3.69069,3.6970199999999998,3.7033699999999996,3.7097300000000004,3.7161,3.7225099999999998,3.8980900000000003,3.90446,3.91088,3.91736,3.9239,3.93051,3.9372,3.9439800000000003,3.95085,3.9578300000000004,3.9649199999999998,3.97215,3.97951,3.9870300000000003,3.9947199999999996,4.0025900000000005,4.01066,4.01896,4.027480000000001,4.03627,4.045319999999999,4.05467,4.06431,4.07426,4.0845199999999995,4.09508,4.105919999999999,4.117,4.12827,4.13969,4.1512199999999995,4.15981,4.16423,4.16863,4.1739,4.179790000000001,4.18564,4.19516,4.20988,4.22355,4.236219999999999,4.24798,4.2647,4.28356,4.29799
2M19324327+4137039,3.09742,3.11773,3.14836,3.29526,3.4406199999999996,3.52017,3.5302800000000003,3.54048,3.55174,3.56158,3.57084,3.57968,3.60384,3.61115,3.6183099999999997,3.62535,3.6322699999999997,3.6391,3.64585,3.65254,3.6591699999999996,3.66575,3.6722900000000003,3.6788,3.6852699999999996,3.69173,3.6981699999999997,3.70459,3.71101,3.7174300000000002,3.72385,3.7302699999999995,3.73671,3.7431699999999997,3.7496400000000003,3.75615,3.8280300000000005,3.83457,3.84116,3.8478,3.8545,3.8612699999999998,3.8681099999999997,3.87503,3.88204,3.88915,3.8963699999999997,3.9037,3.91117,3.9187800000000004,3.92654,3.93448,3.9426,3.95094,3.9595,3.96832,3.97741,3.9868,3.99651,4.0065599999999995,4.01698,4.027769999999999,4.03894,4.05049,4.06239,4.07482,4.087619999999999,4.100569999999999,4.11364,4.1268199999999995,4.1401,4.14889,4.16024,4.1769,4.19241,4.20677,4.22005,4.23234,4.24432,4.26438,4.28252
2M19360227+4252507,3.0724400000000003,3.08403,3.1067,3.17066,3.4587,3.51421,3.5266699999999997,3.5394,3.55415,3.56629,3.5773,3.5874800000000002,3.6221300000000003,3.62969,3.6369599999999997,3.644,3.65087,3.6575900000000003,3.6642,3.6707199999999998,3.6771599999999998,3.6835400000000003,3.68986,3.69614,3.7023800000000002,3.70859,3.71478,3.72095,3.7271,3.73325,3.73938,3.7455199999999995,3.7516599999999998,3.7578199999999997,3.76398,3.7701599999999997,3.8823199999999995,3.88849,3.8947,3.90096,3.90728,3.9136599999999997,3.9201099999999998,3.9266400000000004,3.93327,3.94,3.9468400000000003,3.95382,3.9609400000000003,3.9682199999999996,3.97569,3.98335,3.9912300000000003,3.99936,4.00775,4.01644,4.02545,4.0348,4.04453,4.05464,4.06516,4.07606,4.087330000000001,4.09783,4.10234,4.10683,4.11131,4.1157699999999995,4.12022,4.1246599999999995,4.12907,4.1334800000000005,4.1378699999999995,4.14224,4.15214,4.16634,4.1801,4.1927900000000005,4.20455,4.21551,4.22954
2M19263381+4114277,3.00946,3.02715,3.05507,3.31026,3.3929400000000003,3.44425,3.5005,3.5121300000000004,3.52437,3.53519,3.54526,3.55475,3.5781199999999997,3.58583,3.5932699999999995,3.6004699999999996,3.6074800000000002,3.6143300000000003,3.62105,3.6276599999999997,3.6341699999999997,3.6406099999999997,3.64698,3.65329,3.65956,3.6657800000000003,3.6719699999999995,3.6781300000000003,3.6842699999999997,3.69038,3.69648,3.7025699999999997,3.70866,3.71474,3.72082,3.7269099999999997,3.7929800000000005,3.79905,3.80515,3.8112699999999995,3.8174300000000003,3.82364,3.82988,3.83619,3.84255,3.84899,3.8555,3.86211,3.86881,3.8756199999999996,3.88256,3.8896300000000004,3.8968599999999998,3.90425,3.9118199999999996,3.9196,3.9276,3.93585,3.9443599999999996,3.95316,3.9622800000000002,3.9717300000000004,3.9815400000000003,3.9917300000000004,4.00229,4.013240000000001,4.02456,4.03624,4.04825,4.060569999999999,4.0732099999999996,4.08617,4.0919099999999995,4.09628,4.10064,4.10844,4.123130000000001,4.13737,4.15039,4.1624,4.17352
2M19571668+4123047,3.07701,3.09593,3.1256,3.31777,3.5106699999999997,3.54636,3.5577900000000002,3.56943,3.5818199999999996,3.5925800000000003,3.6025199999999997,3.61184,3.63617,3.6436900000000003,3.65095,3.6580199999999996,3.6649300000000005,3.6717,3.6783699999999997,3.68495,3.69145,3.69789,3.7042800000000002,3.71063,3.71694,3.7232199999999995,3.72948,3.7357199999999997,3.74195,3.7481699999999996,3.7543800000000003,3.7606,3.7668199999999996,3.77305,3.7793,3.78557,3.8565199999999997,3.8628099999999996,3.8691400000000002,3.8755300000000004,3.88197,3.88847,3.89506,3.9017199999999996,3.9084800000000004,3.91534,3.9223199999999996,3.9294300000000004,3.93669,3.94411,3.95171,3.9595,3.9675199999999995,3.9757800000000003,3.9843,3.9931099999999997,4.0022400000000005,4.01171,4.02156,4.03179,4.04243,4.05348,4.06494,4.07675,4.0888599999999995,4.09976,4.10427,4.10877,4.11325,4.117719999999999,4.12217,4.1266099999999994,4.13138,4.13761,4.15302,4.1682,4.1820699999999995,4.1948,4.20657,4.21751,4.2294599999999996
2M19220642+3808347,3.04385,3.05511,3.06658,3.0803700000000003,3.4094800000000003,3.4542900000000003,3.4783800000000005,3.49059,3.5062599999999997,3.5187199999999996,3.53004,3.5405800000000003,3.58492,3.59231,3.5994699999999997,3.6064300000000005,3.61323,3.61991,3.6264800000000004,3.63297,3.6393800000000005,3.6457300000000004,3.6520300000000003,3.65829,3.66451,3.6707,3.6768699999999996,3.68301,3.68914,3.6952599999999998,3.70137,3.7074800000000003,3.71359,3.7197,3.7258199999999997,3.73196,3.8853400000000002,3.8914199999999997,3.8975400000000002,3.9037,3.90991,3.91618,3.92251,3.9289,3.9353800000000003,3.94195,3.9486199999999996,3.95539,3.9622900000000003,3.9693199999999997,3.9765,3.9838400000000003,3.99135,3.99906,4.00698,4.01512,4.0235,4.03214,4.04106,4.05025,4.05973,4.06949,4.07952,4.08981,4.10032,4.11104,4.1197,4.12412,4.12852,4.13291,4.1372800000000005,4.14164,4.145980000000001,4.15031,4.15463,4.158930000000001,4.16969,4.18276,4.19484,4.20605,4.21888
2M19384178+4204321,3.03708,3.04858,3.06027,3.0765700000000002,3.35362,3.42069,3.44205,3.4531400000000003,3.4691199999999998,3.48141,3.49261,3.5031199999999996,3.5512599999999996,3.55853,3.56563,3.57259,3.5794099999999998,3.5861400000000003,3.59277,3.59933,3.6058199999999996,3.61226,3.61865,3.62501,3.6313199999999997,3.63761,3.6438800000000002,3.6501300000000003,3.65636,3.66258,3.66879,3.67501,3.6812199999999997,3.68744,3.6936699999999996,3.6999199999999997,3.8703300000000005,3.8765099999999997,3.88274,3.889,3.89532,3.9016900000000003,3.90812,3.9146199999999998,3.9212,3.92786,3.93462,3.94149,3.94846,3.9555599999999997,3.9628,3.97019,3.9777400000000003,3.98547,3.99339,4.001519999999999,4.009869999999999,4.01846,4.0273,4.03642,4.0458099999999995,4.05549,4.06546,4.0757,4.08622,4.09698,4.10799,4.1192,4.1306199999999995,4.14226,4.15139,4.15574,4.160080000000001,4.164619999999999,4.17046,4.1847199999999996,4.19822,4.21076,4.22242,4.2406,4.25634
2M19370743+4217274,3.07417,3.09616,3.12878,3.26716,3.29504,3.4370800000000004,3.47212,3.4831300000000005,3.49422,3.5038300000000002,3.51265,3.52114,3.54365,3.55081,3.55786,3.56481,3.5716699999999997,3.5784599999999998,3.5851900000000003,3.59186,3.59849,3.6050800000000005,3.6116300000000003,3.61816,3.6246699999999996,3.63116,3.63765,3.64413,3.65061,3.65711,3.66362,3.67015,3.67671,3.6833099999999996,3.68995,3.69664,3.7630800000000004,3.76985,3.7766800000000003,3.7835699999999997,3.79054,3.79757,3.8046599999999997,3.8118199999999995,3.81904,3.8263199999999995,3.83365,3.84105,3.8485,3.8560199999999996,3.86361,3.8712800000000005,3.8790400000000003,3.88691,3.89491,3.9030400000000003,3.91189,3.9213199999999997,3.9308400000000003,3.94045,3.9501800000000005,3.96006,3.9701,3.98034,3.9908099999999997,4.00156,4.012630000000001,4.02405,4.03585,4.04805,4.0606599999999995,4.07747,4.1024,4.12489,4.14539,4.16435,4.18215,4.19911,4.22381,4.24854,4.2644400000000005
2M19352029+4237298,3.08523,3.11482,3.18825,3.46423,3.5377099999999997,3.54914,3.5613099999999998,3.57354,3.5859300000000003,3.5985,3.6112699999999998,3.6241800000000004,3.6370699999999996,3.6497699999999997,3.6592599999999997,3.66705,3.67449,3.6816400000000002,3.68857,3.6953199999999997,3.7019300000000004,3.70842,3.71481,3.7211199999999995,3.7273699999999996,3.7343900000000003,3.7417,3.74895,3.75615,3.76329,3.7704,3.7774699999999997,3.7835300000000003,3.7895300000000005,3.7955300000000003,3.8015199999999996,3.8075300000000003,3.81354,3.8195699999999997,3.8256300000000003,3.8317,3.8378099999999997,3.84396,3.85016,3.85641,3.8627199999999995,3.8691,3.87676,3.88496,3.89316,3.90136,3.9086300000000005,3.9154199999999997,3.92237,3.92949,3.93681,3.94435,3.95215,3.96023,3.9686199999999996,3.97736,3.9864800000000002,3.99601,4.00597,4.016380000000001,4.02723,4.0385,4.05015,4.06214,4.07295,4.0774099999999995,4.08186,4.0863,4.09072,4.09945,4.11333,4.12636,4.13859,4.150119999999999,4.16101,4.17139
2M19063321+3929164,3.02107,3.03307,3.05481,3.0945400000000003,3.36489,3.41275,3.4595800000000003,3.4704300000000003,3.48591,3.4979199999999997,3.50894,3.51926,3.5571900000000003,3.5648,3.57217,3.57931,3.5862800000000004,3.5931,3.5998,3.6064,3.61291,3.61935,3.62572,3.63204,3.6383099999999997,3.64455,3.65075,3.6569199999999995,3.66307,3.6692099999999996,3.6753199999999997,3.68143,3.68753,3.69363,3.6997400000000003,3.70585,3.83135,3.8374,3.8434800000000005,3.84959,3.85574,3.86193,3.8681699999999997,3.8744699999999996,3.8808300000000004,3.8872699999999996,3.89379,3.9004,3.90712,3.91395,3.9209,3.9279900000000003,3.9352400000000003,3.94265,3.95025,3.9580599999999997,3.9660800000000003,3.97435,3.9828699999999997,3.9916699999999996,4.000780000000001,4.010190000000001,4.01994,4.0300199999999995,4.040430000000001,4.05117,4.06222,4.07357,4.08519,4.097090000000001,4.10926,4.11835,4.12271,4.12704,4.1313699999999995,4.1408,4.1537,4.1672400000000005,4.17976,4.1913599999999995,4.20319
2M19275056+4225588,3.01076,3.0229,3.0359,3.07178,3.35909,3.403,3.4628400000000004,3.4744900000000003,3.4903,3.50275,3.51411,3.5246800000000005,3.56529,3.5729,3.5802300000000002,3.5873199999999996,3.5942199999999995,3.60097,3.60759,3.6141099999999997,3.62054,3.62689,3.6331900000000004,3.6394300000000004,3.64563,3.65179,3.65792,3.6640300000000003,3.6701,3.6761699999999995,3.6822199999999996,3.68825,3.69429,3.7003199999999996,3.70635,3.71239,3.8488300000000004,3.8548,3.8608,3.86683,3.87289,3.87899,3.88515,3.89135,3.8976300000000004,3.9039699999999997,3.91039,3.9169,3.92351,3.9302300000000003,3.93707,3.94405,3.95117,3.95845,3.9659,3.97355,3.9814,3.9894800000000004,3.99779,4.00636,4.0151900000000005,4.0243,4.03369,4.0433699999999995,4.05333,4.0635699999999995,4.07409,4.08488,4.095940000000001,4.10729,4.11372,4.11806,4.1224,4.12672,4.13103,4.13532,4.1396,4.15075,4.16271,4.174519999999999,4.1855
2M19331737+4252028,2.99372,3.01405,3.04491,3.17236,3.2073400000000003,3.3475099999999998,3.4165,3.42735,3.43911,3.44941,3.4590699999999996,3.46826,3.4949,3.5023400000000002,3.50959,3.5166699999999995,3.5236199999999998,3.53044,3.5371599999999996,3.54379,3.5503400000000003,3.5568199999999996,3.56325,3.56961,3.5759300000000005,3.58221,3.58846,3.59467,3.60086,3.6070300000000004,3.6131800000000003,3.61931,3.62544,3.6315699999999995,3.6377,3.6438300000000003,3.7247199999999996,3.7308199999999996,3.73695,3.7431099999999997,3.74931,3.75555,3.7618400000000003,3.76819,3.7746,3.78108,3.7876300000000005,3.7942699999999996,3.80099,3.8077900000000002,3.8147,3.8217,3.8288,3.8360199999999995,3.84335,3.85081,3.8584099999999997,3.86616,3.87408,3.88219,3.89051,3.8990699999999996,3.90789,3.917,3.9264900000000003,3.93667,3.9471,3.95782,3.96887,3.98029,3.99211,4.00435,4.01704,4.03487,4.05741,4.078119999999999,4.09741,4.11566,4.13325,4.15187,4.18228
2M19480452+5024323,3.00756,3.0194900000000002,3.05512,3.0748599999999997,3.3265800000000003,3.37659,3.43089,3.44235,3.4582,3.47075,3.4823199999999996,3.49315,3.5321599999999997,3.54017,3.54786,3.5552699999999997,3.56247,3.56947,3.5763199999999995,3.5830300000000004,3.58964,3.59615,3.60258,3.60894,3.61524,3.6215,3.62771,3.6338800000000004,3.64002,3.6461300000000003,3.65222,3.6583,3.66435,3.6704,3.67645,3.68249,3.8107599999999997,3.81673,3.8227,3.8287,3.8347300000000004,3.84078,3.84688,3.85302,3.85921,3.8654599999999997,3.8717900000000003,3.87819,3.88469,3.89128,3.89799,3.9048300000000005,3.91181,3.91895,3.9262599999999996,3.9337699999999995,3.9415,3.9494800000000003,3.95771,3.96624,3.97508,3.98426,3.9938,4.00373,4.01405,4.024769999999999,4.035880000000001,4.04737,4.05922,4.07139,4.08387,4.09664,4.10973,4.1165199999999995,4.12979,4.14233,4.1542,4.165430000000001,4.17781,4.189369999999999,4.20381
2M19432625+4756222,3.11006,3.12984,3.16032,3.3378699999999997,3.5320699999999996,3.55553,3.56575,3.5762,3.5874699999999997,3.5973699999999997,3.60665,3.6154900000000003,3.6379599999999996,3.64531,3.6524900000000002,3.6595199999999997,3.66643,3.6732400000000003,3.6799699999999995,3.68663,3.6932199999999997,3.6997699999999996,3.7062800000000005,3.71275,3.71919,3.7256099999999996,3.73201,3.7384,3.74479,3.7511699999999997,3.75756,3.76396,3.7703599999999997,3.77679,3.78324,3.7897300000000005,3.85459,3.86113,3.8677099999999998,3.87436,3.88107,3.88786,3.8947300000000005,3.9017,3.9087699999999996,3.9159599999999997,3.92328,3.93074,3.93835,3.94614,3.9541199999999996,3.96231,3.97073,3.9794,3.98834,3.99758,4.00714,4.01705,4.02733,4.038,4.04906,4.0605199999999995,4.07236,4.08453,4.09697,4.1096,4.12234,4.12801,4.1325199999999995,4.13879,4.1451,4.15135,4.15763,4.17489,4.19068,4.20512,4.21836,4.23055,4.24183,4.2560199999999995,4.27548
2M19394922+4408593,3.31201,3.4190199999999997,3.43379,3.55154,3.56241,3.57349,3.58505,3.59744,3.61119,3.6269099999999996,3.64485,3.6641199999999996,3.68289,3.7044099999999998,3.72911,3.7508800000000004,3.76433,3.7729199999999996,3.7812300000000003,3.78933,3.7972599999999996,3.8050599999999997,3.81275,3.8203400000000003,3.82785,3.83529,3.8426699999999996,3.8499800000000004,3.85725,3.86447,3.87164,3.87856,3.8846,3.8906300000000003,3.89665,3.90268,3.9087099999999997,3.91475,3.92081,3.92689,3.93299,3.9391199999999995,3.94529,3.9515,3.9577699999999996,3.96409,3.9704900000000003,3.9769699999999997,3.98354,3.99077,3.9996099999999997,4.0084599999999995,4.0173,4.02614,4.035,4.04386,4.05276,4.0617,4.07069,4.07977,4.08894,4.0982400000000005,4.10768,4.117290000000001,4.12475,4.12951,4.13426,4.139,4.14374,4.14846,4.15318,4.15789,4.165030000000001,4.17975,4.19404,4.20793,4.22144,4.23456,4.2473,4.25964,4.27158
2M19415676+5100486,2.98386,2.9994400000000003,3.0354400000000004,3.0992,3.3129699999999995,3.3648599999999997,3.4351599999999998,3.44809,3.46369,3.4768199999999996,3.48896,3.50029,3.5374,3.54585,3.55387,3.56152,3.5688800000000005,3.57599,3.5828900000000004,3.58964,3.5962400000000003,3.6027400000000003,3.60914,3.6154599999999997,3.6217099999999998,3.62791,3.63405,3.64016,3.64623,3.6522699999999997,3.6582800000000004,3.66428,3.67025,3.67622,3.6821699999999997,3.68813,3.8063,3.8121699999999996,3.81805,3.8239400000000003,3.82986,3.8358,3.84177,3.84778,3.85384,3.85995,3.8661300000000005,3.8723699999999996,3.87869,3.88511,3.89163,3.89826,3.9050300000000004,3.91195,3.9190300000000002,3.9262900000000003,3.93376,3.94145,3.9494,3.9576300000000004,3.96616,3.9750300000000003,3.98425,3.99384,4.00384,4.01423,4.02503,4.03622,4.04778,4.0597,4.07195,4.08455,4.09106,4.0953800000000005,4.1005,4.11367,4.12608,4.13779,4.14887,4.1593599999999995,4.16933
2M19315309+4102087,3.07615,3.09436,3.12695,3.1858,3.4379800000000005,3.49191,3.50244,3.5131,3.5263,3.5372,3.5473199999999996,3.55689,3.58808,3.59554,3.60281,3.6099099999999997,3.61688,3.62373,3.6304800000000004,3.63715,3.64374,3.6502800000000004,3.65677,3.66321,3.6696199999999997,3.676,3.68235,3.68868,3.695,3.70131,3.70761,3.71391,3.72021,3.7265300000000003,3.73285,3.7392,3.83837,3.8447199999999997,3.8511,3.85753,3.8640199999999996,3.87056,3.8771699999999996,3.88386,3.8906400000000003,3.89751,3.90449,3.9115900000000003,3.9188099999999997,3.92619,3.93373,3.94144,3.94935,3.95747,3.9658300000000004,3.9744599999999997,3.98336,3.9925699999999997,4.00212,4.01202,4.0223,4.03296,4.04403,4.05548,4.06729,4.07944,4.09185,4.1044599999999996,4.11724,4.13014,4.13476,4.13985,4.148280000000001,4.16519,4.1809199999999995,4.19548,4.20892,4.22135,4.23287,4.24926,4.2672300000000005
2M19294013+4125007,3.0263299999999997,3.03776,3.0701099999999997,3.1301900000000002,3.38706,3.4437900000000004,3.478,3.4908900000000003,3.50619,3.51893,3.53059,3.5414,3.57744,3.58544,3.5930699999999995,3.6004099999999997,3.60751,3.6144199999999995,3.6211699999999998,3.62779,3.6343099999999997,3.64074,3.64709,3.6533900000000004,3.6596300000000004,3.66583,3.67199,3.67812,3.68422,3.6903,3.6963699999999995,3.7024199999999996,3.7084699999999997,3.7145099999999998,3.72056,3.72661,3.84235,3.84835,3.85437,3.8604199999999995,3.8665,3.8726199999999995,3.8788,3.8850300000000004,3.8913300000000004,3.8977,3.90416,3.91071,3.9173699999999996,3.92415,3.93106,3.93813,3.94536,3.95278,3.96041,3.9682699999999995,3.9763900000000003,3.98478,3.9934800000000004,4.0025,4.011880000000001,4.0216199999999995,4.03175,4.042269999999999,4.05315,4.06438,4.07592,4.0877099999999995,4.09652,4.10093,4.10532,4.1096900000000005,4.11405,4.1184,4.12659,4.13995,4.15255,4.16443,4.1765099999999995,4.187930000000001,4.19857
2M19312961+4257580,2.98245,2.9939,3.00556,3.0175099999999997,3.31515,3.35831,3.40694,3.44615,3.4634699999999996,3.4774800000000003,3.4901400000000002,3.5018199999999995,3.5550800000000002,3.5627800000000005,3.5701099999999997,3.57715,3.58396,3.59059,3.59709,3.6034800000000002,3.6097699999999997,3.61599,3.62215,3.62826,3.6343300000000003,3.64036,3.64636,3.65234,3.65829,3.66422,3.67014,3.67605,3.68195,3.68785,3.69375,3.69965,3.88918,3.89495,3.9007300000000003,3.90655,3.9123900000000003,3.91828,3.9242,3.9301800000000005,3.93621,3.94231,3.94847,3.9547199999999996,3.96105,3.96748,3.97401,3.98066,3.9874400000000003,3.99435,4.0014199999999995,4.00864,4.01604,4.023619999999999,4.0314,4.03938,4.0475699999999994,4.05599,4.06462,4.0734900000000005,4.08261,4.09196,4.10157,4.10877,4.11311,4.117430000000001,4.12174,4.12604,4.130319999999999,4.13459,4.13885,4.14309,4.14732,4.15154,4.15574,4.16176,4.1719800000000005
2M18495813+4358487,2.9997,3.01147,3.04336,3.11215,3.32093,3.37969,3.4437699999999998,3.4546300000000003,3.46971,3.48161,3.4925900000000003,3.5029,3.5385,3.5462599999999997,3.55376,3.5610199999999996,3.56808,3.5749800000000005,3.58175,3.5884,3.59496,3.60143,3.6078300000000003,3.6141699999999997,3.62046,3.6267,3.6329,3.63907,3.64521,3.65133,3.65743,3.6635199999999997,3.6695900000000004,3.6756599999999997,3.6817300000000004,3.68779,3.8030800000000005,3.8090800000000002,3.8151,3.82115,3.8272199999999996,3.83333,3.83949,3.8456900000000003,3.85195,3.8582699999999996,3.8646599999999998,3.8711300000000004,3.8777,3.88436,3.89114,3.89804,3.9050800000000003,3.91227,3.9196400000000002,3.9271800000000003,3.9349300000000005,3.9429,3.9511199999999995,3.9596,3.9683699999999997,3.97744,3.98684,3.9965900000000003,4.00669,4.01715,4.02798,4.03916,4.050680000000001,4.06255,4.074730000000001,4.08724,4.1001,4.11334,4.11824,4.130319999999999,4.14237,4.15447,4.16719,4.17903,4.19183
2M19342073+4255440,2.93431,2.9455400000000003,2.9569099999999997,2.96962,3.2208799999999997,3.26914,3.3236,3.3859800000000004,3.4047,3.4197699999999998,3.43355,3.44644,3.5081,3.5175099999999997,3.5264699999999998,3.5350099999999998,3.5430699999999997,3.55004,3.5567599999999997,3.5632900000000003,3.5696800000000004,3.57595,3.5821300000000003,3.5882300000000003,3.59427,3.60026,3.60621,3.6121199999999996,3.61801,3.6238599999999996,3.6297,3.63551,3.64131,3.6471,3.65288,3.65866,3.8471900000000003,3.8950099999999996,3.9005900000000002,3.9061800000000004,3.9117800000000003,3.91742,3.92308,3.9287699999999997,3.93451,3.94029,3.9461199999999996,3.95201,3.9579699999999995,3.964,3.97011,3.97632,3.9826300000000003,3.98905,3.9956,4.002280000000001,4.009119999999999,4.01611,4.02327,4.03062,4.03817,4.04593,4.05392,4.06214,4.0706,4.07934,4.08835,4.09561,4.0999,4.10417,4.10842,4.11267,4.1169,4.1211199999999995,4.125319999999999,4.12951,4.1336900000000005,4.13786,4.14201,4.14615,4.15375
2M19343286+4249298,3.0596799999999997,3.07113,3.10328,3.18627,3.44919,3.50201,3.51411,3.52655,3.54089,3.5528699999999995,3.5638300000000003,3.57401,3.6067199999999997,3.6144199999999995,3.6218199999999996,3.6289800000000003,3.63595,3.6427699999999996,3.64946,3.65604,3.6625400000000004,3.66897,3.67533,3.68165,3.6879199999999996,3.6941599999999997,3.7003699999999995,3.7065599999999996,3.7127199999999996,3.7188800000000004,3.7250199999999998,3.73116,3.7373,3.74344,3.74959,3.75576,3.8593900000000003,3.86554,3.87172,3.87795,3.8842199999999996,3.89055,3.8969400000000003,3.9034,3.90995,3.9165900000000002,3.92334,3.9302,3.9372,3.94434,3.95165,3.95914,3.9668400000000004,3.97475,3.9829199999999996,3.99136,4.00009,4.00915,4.01856,4.02835,4.03852,4.0491,4.06008,4.07144,4.08311,4.09505,4.102609999999999,4.107069999999999,4.11152,4.11596,4.120369999999999,4.12478,4.129169999999999,4.13354,4.14711,4.16199,4.17595,4.18879,4.20066,4.21169,4.2244
2M19491018+4958538,3.06658,3.07781,3.10632,3.2246799999999998,3.46625,3.5249300000000003,3.5373699999999997,3.55009,3.5641800000000003,3.5760099999999997,3.58676,3.59672,3.6276,3.63516,3.64244,3.64949,3.65636,3.66309,3.66969,3.6762099999999998,3.68264,3.6890099999999997,3.6953300000000002,3.7016,3.70784,3.7140400000000002,3.72022,3.7263800000000002,3.7325199999999996,3.73866,3.74479,3.7509099999999997,3.75705,3.7631900000000003,3.76934,3.7755099999999997,3.8721900000000002,3.87836,3.8845699999999996,3.8908199999999997,3.89713,3.9035,3.90994,3.91646,3.9230699999999996,3.9297800000000005,3.93661,3.9435599999999997,3.95066,3.95791,3.9653400000000003,3.9729699999999997,3.98081,3.98889,3.99724,4.00588,4.01484,4.02415,4.03383,4.0439099999999994,4.0544,4.0653,4.0766,4.08823,4.09323,4.09773,4.1022099999999995,4.10668,4.11114,4.1155800000000005,4.12,4.12441,4.12881,4.13319,4.14163,4.15607,4.1700800000000005,4.18297,4.19488,4.20597,4.21636
2M19344300+4651099,3.07222,3.08372,3.10554,3.25595,3.49054,3.53185,3.54255,3.5533699999999997,3.56605,3.57669,3.5865400000000003,3.5958300000000003,3.6242199999999998,3.63155,3.63869,3.6456699999999995,3.65251,3.65924,3.6658800000000005,3.67245,3.67895,3.68539,3.6918,3.6981599999999997,3.7044900000000003,3.7108,3.71708,3.72336,3.7296199999999997,3.73587,3.7421300000000004,3.74839,3.75465,3.76093,3.76723,3.77355,3.8617800000000004,3.86812,3.8745,3.8809400000000003,3.8874400000000002,3.894,3.90064,3.9073599999999997,3.91417,3.92109,3.92812,3.9352699999999996,3.94256,3.95001,3.95762,3.9654199999999995,3.97341,3.9816199999999995,3.99007,3.9987699999999995,4.00776,4.01703,4.026619999999999,4.0365400000000005,4.0467900000000006,4.05738,4.068280000000001,4.07948,4.09092,4.10257,4.11437,4.12001,4.12447,4.12893,4.133369999999999,4.13779,4.14354,4.14973,4.15584,4.17082,4.184819999999999,4.19768,4.20955,4.22058,4.235530000000001
2M19071403+4918590,3.04376,3.05787,3.09012,3.18108,3.42191,3.47356,3.4962,3.50808,3.52216,3.5339300000000002,3.5447599999999997,3.5548900000000003,3.5872,3.5949400000000002,3.6024,3.60963,3.61666,3.62353,3.63027,3.63691,3.64345,3.6499099999999998,3.6563199999999996,3.66266,3.6689599999999998,3.6752199999999995,3.68145,3.68765,3.69383,3.69999,3.70614,3.7122800000000002,3.7184199999999996,3.72455,3.73069,3.73685,3.8387300000000004,3.8448599999999997,3.85101,3.8572,3.86343,3.86971,3.87604,3.8824400000000003,3.8889099999999996,3.8954699999999995,3.9021199999999996,3.9088800000000004,3.91575,3.92276,3.92991,3.9372300000000005,3.94472,3.9524199999999996,3.9603300000000004,3.96849,3.97692,3.9856300000000005,3.9946599999999997,4.00403,4.0137599999999996,4.02387,4.03435,4.04523,4.05647,4.06804,4.07991,4.09202,4.10433,4.111,4.11541,4.11981,4.1242,4.12857,4.14159,4.15653,4.17071,4.18377,4.195819999999999,4.2070099999999995,4.22078
2M19202447+4815040,
2M19421779+4248231,3.0983,3.10934,3.1349099999999996,3.35465,3.5585699999999996,3.5797800000000004,3.5907400000000003,3.60175,3.6134800000000005,3.6236300000000004,3.6330400000000003,3.6419,3.66488,3.67213,3.67918,3.6860800000000005,3.69286,3.69953,3.70611,3.7126300000000003,3.7191,3.72551,3.73189,3.7382400000000002,3.74456,3.75086,3.75715,3.7634199999999995,3.7697,3.7759699999999996,3.78225,3.7885400000000002,3.79485,3.8011800000000004,3.8075300000000003,3.81391,3.88093,3.8873699999999998,3.8938699999999997,3.9004300000000005,3.90706,3.9137699999999995,3.9205699999999997,3.9274699999999996,3.93448,3.94161,3.9488800000000004,3.9563099999999998,3.9639,3.9716699999999996,3.97965,3.98785,3.9963,4.0050099999999995,4.0140199999999995,4.02335,4.03302,4.04306,4.0535,4.06436,4.07562,4.087280000000001,4.0979,4.10248,4.10703,4.1115699999999995,4.1161,4.12061,4.12511,4.12959,4.13405,4.13934,4.1456599999999995,4.15188,4.15915,4.17419,4.18792,4.20055,4.21224,4.22315,4.2336
2M19155629+4003522,3.03586,3.0484400000000003,3.06203,3.17884,3.3846800000000004,3.47093,3.51556,3.52566,3.5389,3.5494800000000004,3.55925,3.56848,3.60269,3.6096699999999995,3.61651,3.62324,3.6298800000000004,3.6364300000000003,3.6429199999999997,3.6493599999999997,3.65574,3.6620800000000004,3.66839,3.6746800000000004,3.6809300000000005,3.6871699999999996,3.6934,3.69961,3.7058199999999997,3.7120300000000004,3.71824,3.7244599999999997,3.73069,3.73693,3.7432,3.74949,3.86294,3.8692300000000004,3.8755599999999997,3.88194,3.88838,3.89488,3.90145,3.9080800000000004,3.9148,3.92161,3.9285,3.9355,3.9426099999999997,3.9498300000000004,3.9571699999999996,3.96464,3.97225,3.9800199999999997,3.98794,3.99603,4.0043,4.01275,4.02139,4.03023,4.039280000000001,4.04853,4.05799,4.06766,4.07754,4.08764,4.09797,4.1085400000000005,4.11937,4.1305,4.136830000000001,4.14121,4.145580000000001,4.1506300000000005,4.1567300000000005,4.16274,4.16866,4.1744900000000005,4.18024,4.18939,4.20028
Sun,3.0601700000000003,3.0718,3.1010400000000002,3.17205,3.4488800000000004,3.49606,3.50768,3.51954,3.53375,3.5455,3.55628,3.56636,3.59973,3.60736,3.6147099999999996,3.62185,3.6288199999999997,3.63564,3.6423300000000003,3.6489300000000005,3.65545,3.6619,3.6682900000000003,3.6746300000000005,3.6809300000000005,3.68719,3.69343,3.69964,3.7058400000000002,3.71202,3.7181900000000003,3.72435,3.73052,3.7366900000000003,3.74287,3.7490699999999997,3.8559,3.8620699999999997,3.86829,3.87454,3.88084,3.8872,3.89362,3.90012,3.90669,3.9133699999999996,3.92014,3.9270300000000002,3.93405,3.9412199999999995,3.94855,3.95605,3.9637599999999997,3.97168,3.9798400000000003,3.98826,3.99696,4.00598,4.0153300000000005,4.02504,4.03512,4.04559,4.05644,4.06765,4.07918,4.090990000000001,4.103,4.111219999999999,4.11567,4.1201,4.12451,4.12892,4.13331,4.1376800000000005,4.1517599999999995,4.16695,4.18089,4.19371,4.20556,4.21657,4.23139
2M19342205+4105425,3.09695,3.17912,3.2358,3.4363699999999997,3.5060800000000003,3.5319599999999998,3.54526,3.55836,3.57099,3.5828900000000004,3.59389,3.6078,3.62342,3.6387300000000002,3.65328,3.6661900000000003,3.6738,3.68105,3.68802,3.6947699999999997,3.70135,3.70779,3.7141300000000004,3.7203800000000005,3.7269,3.73405,3.7411300000000005,3.7481400000000002,3.7551099999999997,3.76203,3.7689,3.77526,3.78117,3.7870699999999995,3.7929699999999995,3.79886,3.80475,3.81065,3.8165699999999996,3.8225,3.82845,3.8344300000000002,3.84044,3.84649,3.85259,3.85875,3.86496,3.87126,3.8776300000000004,3.8841099999999997,3.8907,3.8975400000000002,3.90635,3.9151599999999998,3.9239800000000002,3.93149,3.93895,3.9466699999999997,3.9546900000000003,3.9630699999999996,3.97185,3.98107,3.99079,4.00105,4.01189,4.02329,4.0338199999999995,4.03832,4.04281,4.04727,4.05173,4.05617,4.06059,4.07376,4.08815,4.10156,4.11407,4.125780000000001,4.1367400000000005,4.14882,4.16085
2M19285614+4134307,2.95886,2.9701400000000002,2.98159,2.99927,3.26435,3.30519,3.3588699999999996,3.41414,3.43189,3.4458900000000003,3.45868,3.47056,3.5211900000000003,3.5293,3.53701,3.5443800000000003,3.5514699999999997,3.5583400000000003,3.56503,3.5715800000000004,3.57801,3.58434,3.59059,3.5967800000000003,3.60291,3.6089900000000004,3.6150300000000004,3.6210400000000003,3.62702,3.6329599999999997,3.63889,3.6448,3.6507,3.6565800000000004,3.66246,3.66833,3.8384199999999997,3.85036,3.8561099999999997,3.8618699999999997,3.86765,3.87345,3.87929,3.8851699999999996,3.89109,3.8970599999999997,3.90308,3.9091699999999996,3.91534,3.9215800000000005,3.92792,3.93436,3.9409099999999997,3.9475800000000003,3.95439,3.96135,3.9684699999999995,3.97577,3.98326,3.99096,3.99888,4.00704,4.01545,4.02412,4.03306,4.04228,4.0518,4.06161,4.07175,4.08221,4.09302,4.10421,4.11022,4.11449,4.11874,4.12298,4.1272,4.13141,4.13785,4.14841,4.158440000000001
2M19351595+4212449,2.90813,2.91918,2.9302599999999996,2.9624200000000003,3.1661599999999996,3.20348,3.28081,3.38423,3.4021199999999996,3.41586,3.4284199999999996,3.44021,3.4916099999999997,3.50069,3.50944,3.5178599999999998,3.52595,3.53376,3.5413099999999997,3.54863,3.55575,3.5627199999999997,3.56954,3.57625,3.58285,3.5893699999999997,3.5958099999999997,3.60218,3.6085,3.6147699999999996,3.62099,3.62718,3.6333300000000004,3.6394599999999997,3.6455599999999997,3.65164,3.81475,3.8666099999999997,3.874,3.8812300000000004,3.8883199999999998,3.89531,3.9022,3.90901,3.9157699999999998,3.92248,3.92916,3.9358199999999997,3.94246,3.9491,3.95574,3.9624,3.96909,3.97581,3.9825699999999995,3.98958,3.99629,4.0031099999999995,4.01004,4.01711,4.0240599999999995,4.03078,4.03717,4.04349,4.04842,4.05272,4.057,4.0612699999999995,4.06553,4.069780000000001,4.0740099999999995,4.0782300000000005,4.0824300000000004,4.08662,4.0908,4.09497,4.09912,4.10326,4.1073900000000005,4.1115,4.11561
2M19322220+4121198,2.97218,2.98315,2.99424,3.01875,3.27133,3.32415,3.3873800000000003,3.414,3.43299,3.4485,3.46245,3.4752099999999997,3.53387,3.54209,3.5498300000000005,3.5571800000000002,3.5642300000000002,3.57105,3.5776800000000004,3.58417,3.5905400000000003,3.5968199999999997,3.60302,3.6091599999999997,3.61524,3.6212800000000005,3.6272800000000003,3.63325,3.6392,3.64512,3.6510199999999995,3.65691,3.66278,3.66865,3.67452,3.6803800000000004,3.86861,3.89669,3.9024099999999997,3.90815,3.9139199999999996,3.91972,3.9255699999999996,3.93146,3.9374,3.9434099999999996,3.9494800000000003,3.9556400000000003,3.9618800000000003,3.9682199999999996,3.9746699999999997,3.98124,3.98795,3.9948099999999998,4.0018400000000005,4.00905,4.01647,4.0241,4.03196,4.040080000000001,4.0484599999999995,4.05711,4.06604,4.07524,4.08471,4.09287,4.09722,4.10156,4.10588,4.11019,4.11449,4.11877,4.1230400000000005,4.12729,4.131530000000001,4.135759999999999,4.13998,4.1502099999999995,4.16109,4.17138,4.18115
2M19284485+4143373,3.00395,3.0152099999999997,3.02668,3.0384700000000002,3.3458300000000003,3.39909,3.4604199999999996,3.48461,3.50138,3.51516,3.52757,3.53895,3.5867199999999997,3.59438,3.60165,3.6086199999999997,3.61536,3.6219300000000003,3.62836,3.6346800000000004,3.6409199999999995,3.64709,3.6532,3.65927,3.66529,3.6712800000000003,3.67725,3.68319,3.68911,3.6950199999999995,3.7009199999999995,3.70681,3.7127,3.7185900000000003,3.7244800000000002,3.7303699999999997,3.8963300000000003,3.90213,3.90795,3.9138,3.91969,3.92562,3.9316,3.93764,3.94374,3.9499199999999997,3.9561699999999997,3.96251,3.96895,3.97549,3.98216,3.98896,3.9959,4.0029900000000005,4.01025,4.01769,4.02533,4.03316,4.0412,4.04946,4.05795,4.06665,4.07557,4.08259,4.08701,4.091419999999999,4.09581,4.10018,4.10455,4.10889,4.113230000000001,4.11755,4.12185,4.12614,4.13042,4.13469,4.13894,4.14318,4.1474,4.153169999999999,4.16352
