2M19542140+4045024,2.9227,2.95017,2.96482,2.9803,3.07536,3.1047,3.14617,3.21988,3.2852,3.35195,3.36069,3.37813,3.39598,3.5061699999999996,3.5122,3.5182,3.52417,3.5301,3.536,3.5418800000000004,3.5477199999999995,3.5535300000000003,3.55931,3.56506,3.57079,3.57648,3.58215,3.58779,3.59341,3.59899,3.60455,3.6100800000000004,3.61559,3.6210699999999996,3.6265300000000003,3.63196,3.6373699999999998,3.64276,3.6481199999999996,3.81506,4.05765,4.070930000000001,4.07561,4.08028,4.084919999999999,4.08955,4.09416,4.09875,4.10332,4.107880000000001,4.112430000000001,4.11695,4.12146,4.12596,4.1304300000000005,4.1349,4.13934,4.15383,4.1582099999999995,4.16257,4.166919999999999,4.17126,4.17558,4.179880000000001,4.1841800000000005,4.18846,4.19272,4.196969999999999,4.20121,4.20544,4.20965,4.21385,4.218030000000001,4.2222,4.22636,4.23051,4.23465,4.23877,4.24288,4.246980000000001,4.25106
2M19342430+4222471,2.9466,3.00107,3.0161700000000002,3.03189,3.17591,3.2776199999999998,3.30628,3.3336300000000003,3.36725,3.41517,3.4500300000000004,3.4658800000000003,3.4834,3.57029,3.57819,3.5859099999999997,3.59344,3.6008,3.608,3.61504,3.62194,3.6287199999999995,3.63539,3.6419599999999996,3.6484400000000003,3.65484,3.66117,3.66744,3.67366,3.6798300000000004,3.68595,3.69204,3.69809,3.7041199999999996,3.71012,3.7160900000000003,3.72205,3.72799,3.73391,3.88274,4.04758,4.05319,4.05879,4.0644,4.0700199999999995,4.07565,4.08129,4.08695,4.092630000000001,4.098330000000001,4.10405,4.1098099999999995,4.1156,4.12142,4.127269999999999,4.13316,4.13909,4.14506,4.15107,4.15712,4.1632,4.16932,4.17546,4.18163,4.18861,4.19789,4.2072,4.21654,4.2259400000000005,4.24418,4.256819999999999,4.26935,4.28182,4.29424,4.3066699999999996,4.31461,4.31944,4.32426,4.32905,4.33381,4.33854
2M19144528+4109042,2.90006,2.94765,2.9643,2.9802299999999997,3.09024,3.21069,3.2349900000000003,3.2592,3.28694,3.32861,3.3890599999999997,3.40645,3.4251099999999997,3.5217199999999997,3.53001,3.53816,3.54615,3.55399,3.56169,3.56924,3.57666,3.58395,3.59113,3.59821,3.6051800000000003,3.61208,3.61889,3.62551,3.632,3.63841,3.6447599999999998,3.65104,3.65726,3.6634300000000004,3.6695599999999997,3.67564,3.68169,3.6877,3.69368,3.8322800000000004,4.05716,4.062790000000001,4.0684,4.074,4.0795900000000005,4.08517,4.09075,4.09633,4.10192,4.10752,4.1131400000000005,4.11878,4.12445,4.13015,4.13589,4.1416699999999995,4.14751,4.15342,4.1593800000000005,4.16542,4.17155,4.17776,4.18406,4.1904699999999995,4.19698,4.2036,4.21033,4.21719,4.22415,4.2312199999999995,4.2384,4.24564,4.2564400000000004,4.26888,4.2744800000000005,4.27939,4.284269999999999,4.28914,4.29397,4.29876,4.30352
2M19340476+4116386,2.76611,2.80441,2.81718,2.86991,2.90596,2.9517900000000004,2.96506,2.97965,3.10995,3.18913,3.20032,3.2204,3.24072,3.3588,3.3671300000000004,3.3754,3.3835699999999997,3.39161,3.39949,3.4072199999999997,3.41479,3.42219,3.42945,3.43656,3.44355,3.4504099999999998,3.4571699999999996,3.46383,3.4704,3.4769,3.4833199999999995,3.4896800000000003,3.4959800000000003,3.5022300000000004,3.50843,3.5146,3.52072,3.52681,3.5328699999999995,3.64941,3.88329,4.011880000000001,4.01845,4.02493,4.03132,4.03763,4.043880000000001,4.05007,4.05621,4.06232,4.0684,4.07445,4.08049,4.08651,4.09253,4.09855,4.10458,4.13322,4.13912,4.14509,4.15111,4.1572,4.16336,4.1696,4.17593,4.18236,4.1889,4.1955599999999995,4.20234,4.20892,4.21296,4.21698,4.2209900000000005,4.22499,4.22898,4.23295,4.23692,4.24087,4.24481,4.24874,4.25266
2M19481670+4031304,3.11763,3.13462,3.20943,3.2401,3.3195099999999997,3.3789800000000003,3.43424,3.4579400000000002,3.5154900000000002,3.5887,3.66572,3.6751,3.68707,3.71474,3.72278,3.7306199999999996,3.7382800000000005,3.74579,3.75316,3.76042,3.7675699999999996,3.7746199999999996,3.78159,3.7884800000000003,3.7953,3.80205,3.8087400000000002,3.8153699999999997,3.82195,3.8284800000000003,3.8349599999999997,3.8414,3.85382,3.86005,3.86625,3.8724300000000005,3.8785800000000004,3.8847099999999997,3.8908099999999997,3.96478,3.97077,3.97674,4.03659,4.05181,4.05854,4.06534,4.07221,4.07916,4.08617,4.09326,4.10042,4.10765,4.11495,4.12231,4.12975,4.13724,4.14479,4.1523900000000005,4.16004,4.16774,4.17547,4.18325,4.19107,4.19891,4.20679,4.21471,4.22265,4.230630000000001,4.23864,4.30773,4.31883,4.32991,4.3409699999999996,4.35203,4.36307,4.37413,4.38521,4.39982,4.41467,4.4290400000000005,4.44306
2M19010446+4833360,3.08089,3.10533,3.2004599999999996,3.22059,3.2789099999999998,3.3481699999999996,3.39857,3.4494800000000003,3.5087300000000003,3.5848699999999996,3.62006,3.6307199999999997,3.6438,3.6868199999999995,3.69446,3.70192,3.7092300000000002,3.71642,3.72349,3.7304699999999995,3.73735,3.74416,3.7509,3.7575800000000004,3.7642,3.7707699999999997,3.77728,3.78376,3.79019,3.7965800000000005,3.80294,3.8092599999999996,3.8161099999999997,3.8251199999999996,3.8312800000000005,3.83742,3.8435300000000003,3.84962,3.8556800000000004,3.98755,3.99344,3.99931,4.02923,4.0465800000000005,4.05366,4.06081,4.06806,4.0753900000000005,4.08281,4.09031,4.0979,4.105569999999999,4.11331,4.1211199999999995,4.129,4.13694,4.1449300000000004,4.15297,4.16106,4.16918,4.17734,4.18553,4.19375,4.202,4.2102699999999995,4.21857,4.22689,4.23525,4.24364,4.30314,4.314780000000001,4.32637,4.33791,4.349419999999999,4.36091,4.3724,4.38391,4.39918,4.41395,4.42834,4.4425099999999995
2M19092707+3838585,3.07691,3.1023400000000003,3.19565,3.2157299999999998,3.29547,3.36562,3.4165099999999997,3.4684199999999996,3.52935,3.60799,3.62226,3.63312,3.64625,3.69173,3.6992199999999995,3.70654,3.71372,3.7207800000000004,3.7277400000000003,3.73461,3.7414099999999997,3.74813,3.7547900000000003,3.7614,3.76795,3.77445,3.7809199999999996,3.78734,3.7937300000000005,3.8000800000000003,3.8064,3.8127,3.8189599999999997,3.82743,3.8335800000000004,3.8397099999999997,3.8458099999999997,3.85189,3.85795,3.99957,4.00544,4.01129,4.03989,4.04714,4.05449,4.06193,4.06947,4.07711,4.08485,4.0926800000000005,4.10059,4.10859,4.1166599999999995,4.12481,4.13302,4.141290000000001,4.1496,4.15797,4.16637,4.1748,4.18326,4.19174,4.20025,4.20878,4.21732,4.22589,4.2344800000000005,4.2431,4.25176,4.3087,4.32069,4.33261,4.344469999999999,4.35628,4.3680699999999995,4.37986,4.3916699999999995,4.4068,4.42162,4.43614,4.45052
2M19322962+4056051,2.86347,2.89414,2.90823,2.92295,2.99617,3.1005599999999998,3.13021,3.1617599999999997,3.26456,3.29366,3.30645,3.32769,3.34792,3.45488,3.4645099999999998,3.47376,3.48265,3.4911800000000004,3.4994099999999997,3.50735,3.51506,3.52255,3.5298599999999998,3.537,3.5440099999999997,3.5509,3.55769,3.5643800000000003,3.57099,3.5775300000000003,3.5840099999999997,3.59044,3.5968199999999997,3.60315,3.60945,3.6157199999999996,3.6219699999999997,3.62819,3.6343900000000002,3.76908,4.01321,4.05616,4.06274,4.0692699999999995,4.07573,4.08216,4.08854,4.0949,4.10125,4.1075800000000005,4.11391,4.12024,4.126580000000001,4.13293,4.13932,4.14573,4.15218,4.16613,4.17266,4.17814,4.1824699999999995,4.186780000000001,4.19108,4.19537,4.1996400000000005,4.2039,4.20814,4.21237,4.21659,4.2208,4.22499,4.22916,4.2333300000000005,4.237480000000001,4.241619999999999,4.2457400000000005,4.24986,4.25396,4.25805,4.2621199999999995,4.26619
2M19443187+4858386,3.06597,3.09465,3.18226,3.20212,3.2728599999999997,3.34228,3.3923300000000003,3.4431,3.50251,3.57916,3.60426,3.6152300000000004,3.62875,3.67695,3.68444,3.69176,3.6989400000000003,3.706,3.71296,3.71984,3.72663,3.73336,3.74002,3.7466199999999996,3.7531800000000004,3.7596800000000004,3.76614,3.7725699999999995,3.77895,3.7853,3.7916300000000005,3.7979199999999995,3.80418,3.8128300000000004,3.8189800000000003,3.82511,3.83121,3.8372900000000003,3.84334,3.9824599999999997,4.001119999999999,4.006959999999999,4.02449,4.0446,4.05178,4.05905,4.066409999999999,4.07386,4.0814,4.08903,4.09675,4.10454,4.11241,4.12036,4.128369999999999,4.136430000000001,4.14455,4.1527199999999995,4.1609300000000005,4.16918,4.17745,4.18576,4.19409,4.20245,4.2108300000000005,4.21924,4.22767,4.23614,4.24463,4.30043,4.31219,4.3238900000000005,4.33555,4.34716,4.35875,4.37035,4.38197,4.39623,4.41101,4.42545,4.4397
2M19244068+4238269,2.7408099999999997,2.77352,2.78576,2.8273200000000003,2.85711,2.8991700000000002,2.91445,2.92481,3.13709,3.14899,3.1609599999999998,3.1835,3.20455,3.32668,3.33656,3.34625,3.3556199999999996,3.3646,3.37321,3.3814599999999997,3.3894,3.39707,3.40449,3.41171,3.41875,3.4256300000000004,3.4323900000000003,3.4390199999999997,3.44555,3.452,3.45836,3.46466,3.4708900000000003,3.47707,3.4832099999999997,3.4893,3.49535,3.5013699999999996,3.50736,3.6202400000000003,3.85149,4.00558,4.01185,4.01803,4.02414,4.03019,4.03619,4.04214,4.04805,4.05394,4.0598,4.06565,4.07148,4.07731,4.08315,4.08899,4.09485,4.13347,4.13924,4.14507,4.1509599999999995,4.15691,4.16294,4.16904,4.17523,4.17965,4.183669999999999,4.18769,4.19169,4.19568,4.19966,4.20363,4.20759,4.21154,4.21547,4.21939,4.22331,4.2272099999999995,4.2311,4.23498,4.23885
2M19283906+4101236,3.1011599999999997,3.1386,3.21035,3.24268,3.3409400000000002,3.41264,3.46351,3.51537,3.5765300000000004,3.65593,3.68033,3.69006,3.70224,3.73735,3.74491,3.75231,3.7595699999999996,3.7667,3.7737300000000005,3.7806599999999997,3.7875199999999998,3.79431,3.8010300000000004,3.8077,3.81431,3.8208900000000003,3.8274199999999996,3.83391,3.8403699999999996,3.8468,3.8532,3.8595699999999997,3.8659199999999996,3.87457,3.8811199999999997,3.8873300000000004,3.89351,3.8996800000000005,3.90582,4.0084,4.0144,4.02038,4.0525400000000005,4.05998,4.06752,4.07517,4.08292,4.09077,4.09872,4.10677,4.1149,4.12312,4.13141,4.1397699999999995,4.1482,4.156680000000001,4.1652,4.173769999999999,4.18237,4.1910099999999995,4.199669999999999,4.20835,4.21706,4.22579,4.23454,4.24331,4.25211,4.26095,4.269830000000001,4.32965,4.341819999999999,4.35393,4.36598,4.3779900000000005,4.39,4.402019999999999,4.4141,4.42628,4.4386,4.45315,4.4681
2M18444674+4729496,3.02814,3.07111,3.13499,3.154,3.24748,3.3178699999999997,3.3671900000000003,3.4177800000000005,3.4778599999999997,3.5512699999999997,3.5605900000000004,3.57234,3.58682,3.64704,3.65416,3.6611599999999997,3.66804,3.67484,3.68155,3.6882,3.6948,3.70134,3.70784,3.71429,3.72071,3.7271,3.73345,3.73978,3.74608,3.75236,3.7586199999999996,3.7648599999999997,3.7710800000000004,3.77728,3.78378,3.78989,3.79599,3.80206,3.8081099999999997,3.9593300000000005,4.01336,4.01914,4.0249,4.03458,4.04194,4.0494,4.05695,4.06461,4.07236,4.0802,4.0881300000000005,4.09614,4.10423,4.11239,4.12061,4.12889,4.13722,4.14559,4.154,4.16245,4.17091,4.17941,4.187930000000001,4.19646,4.205019999999999,4.2136,4.22221,4.23085,4.23952,4.28602,4.297969999999999,4.30985,4.32167,4.33345,4.3452,4.35695,4.36875,4.38166,4.39648,4.41101,4.42542
2M19095484+3813438,3.00998,3.0645700000000002,3.1179900000000003,3.13476,3.2616099999999997,3.3334,3.3795900000000003,3.4268699999999996,3.48372,3.5585400000000003,3.57815,3.58895,3.6040400000000004,3.66689,3.67366,3.68037,3.6870300000000005,3.6936400000000003,3.7002,3.7067099999999997,3.71319,3.7196300000000004,3.72603,3.7324,3.73874,3.74506,3.7513400000000003,3.7576099999999997,3.76385,3.7700699999999996,3.7762800000000003,3.78246,3.7886300000000004,3.7947800000000003,3.8009199999999996,3.80705,3.81316,3.81925,3.82534,3.9746699999999997,4.041180000000001,4.04703,4.05286,4.058680000000001,4.06449,4.07028,4.07606,4.08204,4.09007,4.09811,4.106240000000001,4.11445,4.122730000000001,4.13109,4.13949,4.147959999999999,4.15646,4.16501,4.17359,4.1822,4.19083,4.1995,4.2081800000000005,4.2169,4.22564,4.23442,4.2432300000000005,4.25209,4.261,4.3011099999999995,4.31304,4.32491,4.33674,4.34856,4.3604,4.3723,4.38429,4.39644,4.40567,4.41029,4.41487
2M19180152+4522155,3.18027,3.19123,3.20205,3.21748,3.4103,3.47736,3.5340599999999998,3.59685,3.68289,3.7608800000000002,3.7700699999999996,3.77883,3.78724,3.7953699999999997,3.8032800000000004,3.8109900000000003,3.81854,3.82595,3.83324,3.8404199999999995,3.8475099999999998,3.8545199999999995,3.86145,3.8683099999999997,3.87511,3.8928199999999995,3.89945,3.90604,3.9125900000000002,3.91909,3.9255699999999996,3.93201,3.93842,3.9491,3.9553599999999998,3.96161,3.96783,3.9740300000000004,3.9802199999999996,3.9863800000000005,3.99252,3.99865,4.04767,4.05478,4.06197,4.06925,4.07662,4.08407,4.0916,4.09922,4.10693,4.11471,4.12257,4.1305,4.1385,4.14656,4.154669999999999,4.16284,4.17106,4.17932,4.18762,4.19595,4.20432,4.21272,4.22115,4.22961,4.23811,4.24665,4.25523,4.32934,4.34124,4.35309,4.36492,4.37672,4.38852,4.40034,4.4122,4.42413,4.4379,4.453119999999999,4.4680800000000005
2M19310830+4312575,3.19772,3.2475,3.27163,3.28251,3.39089,3.47575,3.5799800000000004,3.64327,3.6928099999999997,3.77003,3.77854,3.7867,3.7945900000000004,3.80229,3.80976,3.8173199999999996,3.82436,3.83149,3.8385300000000004,3.8455,3.85239,3.85923,3.866,3.8727300000000002,3.87941,3.91687,3.9233,3.9297,3.93606,3.9424099999999997,3.94872,3.9550199999999998,3.9613,3.9675599999999998,3.97528,3.98145,3.9876099999999997,3.99375,3.99988,4.00599,4.01208,4.01816,4.03869,4.04575,4.0528900000000005,4.06011,4.06741,4.07479,4.08226,4.0898,4.09743,4.10513,4.11291,4.12076,4.12867,4.13665,4.14468,4.152769999999999,4.1609,4.16908,4.1773,4.18556,4.19385,4.20218,4.21053,4.21893,4.22735,4.23581,4.24431,4.32083,4.33266,4.34446,4.356240000000001,4.368,4.37976,4.39152,4.40333,4.41526,4.430969999999999,4.44623,4.46119
2M19331205+4131240,2.83817,2.89339,2.9072,2.96205,3.01337,3.10471,3.1261200000000002,3.14332,3.15703,3.23401,3.31425,3.3320199999999995,3.3513599999999997,3.45735,3.46526,3.47307,3.4807699999999997,3.4883599999999997,3.4958400000000003,3.5032,3.51045,3.5176,3.52464,3.53159,3.53845,3.54523,3.55194,3.55858,3.56515,3.5716699999999997,3.5781300000000003,3.58455,3.5909199999999997,3.59725,3.60355,3.6098199999999996,3.61606,3.62227,3.6284699999999996,3.76042,4.0044,4.04807,4.054869999999999,4.06159,4.06824,4.07482,4.08136,4.08785,4.0943,4.10073,4.10714,4.11354,4.11993,4.12632,4.13272,4.13914,4.145580000000001,4.15765,4.16404,4.17049,4.17703,4.18365,4.19037,4.19719,4.20412,4.21119,4.21839,4.22574,4.23238,4.23658,4.24076,4.24493,4.24909,4.25323,4.25736,4.261480000000001,4.26559,4.26968,4.27376,4.277830000000001,4.28189
2M19052120+4844387,3.01843,3.06636,3.1221900000000002,3.14065,3.26295,3.33561,3.38555,3.4376900000000004,3.5005699999999997,3.5486400000000002,3.55729,3.56924,3.5836300000000003,3.64764,3.6545300000000003,3.66134,3.6680800000000002,3.67476,3.68137,3.68793,3.69444,3.7009,3.7073199999999997,3.7137,3.72004,3.72634,3.7326099999999998,3.73885,3.7450699999999997,3.75126,3.7574300000000003,3.7635699999999996,3.76969,3.7758,3.78188,3.78795,3.7940099999999997,3.80005,3.8060699999999996,3.96771,4.02741,4.033180000000001,4.03894,4.0446800000000005,4.05042,4.05614,4.06184,4.06754,4.0732099999999996,4.08004,4.088419999999999,4.0968800000000005,4.10541,4.11402,4.122669999999999,4.13138,4.14013,4.14891,4.157719999999999,4.16655,4.17539,4.18425,4.1931199999999995,4.20201,4.21091,4.2198199999999995,4.22876,4.2377199999999995,4.24672,4.28854,4.30088,4.31313,4.3253,4.33741,4.3495,4.3615900000000005,4.37374,4.38659,4.40154,4.40785,4.41295
2M19253372+4210501,2.82954,2.86052,2.9001900000000003,2.92734,2.97926,3.10509,3.1303099999999997,3.15271,3.1853700000000003,3.27031,3.30767,3.32685,3.3462199999999998,3.45295,3.4613400000000003,3.46959,3.47769,3.4856199999999995,3.4934,3.5010199999999996,3.5084800000000005,3.5158099999999997,3.5230099999999998,3.5300800000000003,3.53705,3.54391,3.5506900000000003,3.5573900000000003,3.5640099999999997,3.5705699999999996,3.5770699999999995,3.5835199999999996,3.5899199999999998,3.59628,3.6026,3.60888,3.6151400000000002,3.6213699999999998,3.6275800000000005,3.7631,4.00712,4.051769999999999,4.05854,4.06524,4.07186,4.07843,4.0849400000000005,4.091419999999999,4.09786,4.10427,4.11067,4.1170599999999995,4.12345,4.12984,4.13625,4.14267,4.14912,4.1599,4.16634,4.17286,4.17946,4.18615,4.1929300000000005,4.19983,4.20685,4.214,4.21911,4.22334,4.2275599999999995,4.2317599999999995,4.23594,4.24012,4.244280000000001,4.24843,4.25256,4.25669,4.2608,4.26489,4.26898,4.27305,4.2771099999999995
2M19165219+4753040,3.1604200000000002,3.1816299999999997,3.20593,3.23504,3.27199,3.32271,3.3995800000000003,3.47875,3.5066599999999997,3.5295199999999998,3.64816,3.6650300000000002,3.67297,3.68075,3.68837,3.6958599999999997,3.70325,3.71052,3.7177,3.7248,3.73181,3.73875,3.7456199999999997,3.75242,3.75916,3.8254699999999997,3.83175,3.8379800000000004,3.84416,3.85029,3.8563699999999996,3.8624099999999997,3.8725400000000003,3.8784099999999997,3.88423,3.8900300000000003,3.8957900000000003,3.9015199999999997,3.9072199999999997,3.91289,3.91854,3.92415,3.967,3.9798,3.9852800000000004,3.99074,3.9962,4.00164,4.00708,4.0125,4.017919999999999,4.02332,4.02871,4.0341,4.03948,4.04484,4.0502,4.055540000000001,4.06088,4.06621,4.07152,4.07683,4.08212,4.08741,4.0926800000000005,4.09795,4.1032,4.10845,4.11369,4.20149,4.20744,4.2134,4.21937,4.22535,4.231330000000001,4.2373,4.25234,4.26832,4.28303,4.29666,4.30936
2M19174175+4643342,3.08912,3.11117,3.21096,3.23123,3.29751,3.3673300000000004,3.41826,3.4698900000000004,3.5301099999999996,3.60755,3.6356,3.6461300000000003,3.6589099999999997,3.69973,3.7073699999999996,3.71483,3.72214,3.7293199999999995,3.7363800000000005,3.74336,3.7502400000000002,3.75705,3.76379,3.77046,3.77708,3.78365,3.7901599999999998,3.79664,3.8030699999999995,3.80946,3.8158199999999995,3.82214,3.8289199999999997,3.83786,3.8440300000000005,3.85016,3.8562800000000004,3.86237,3.86844,3.99208,3.99798,4.0038599999999995,4.04245,4.04957,4.056769999999999,4.06407,4.07146,4.07894,4.08651,4.09417,4.10192,4.10975,4.11765,4.12563,4.1336699999999995,4.141769999999999,4.14992,4.158119999999999,4.16636,4.17464,4.18295,4.19129,4.19965,4.2080400000000004,4.21645,4.224880000000001,4.23334,4.24183,4.25035,4.3106599999999995,4.3224800000000005,4.33425,4.34596,4.35764,4.36929,4.38094,4.39262,4.40781,4.42264,4.437119999999999,4.45141
2M19492496+4118001,3.05253,3.08626,3.165,3.1846900000000002,3.2641,3.33391,3.3839599999999996,3.43499,3.49508,3.5728400000000002,3.5866800000000003,3.5980199999999996,3.61188,3.66475,3.6720900000000003,3.67929,3.6863599999999996,3.69331,3.7001800000000005,3.7069699999999997,3.71368,3.72033,3.7269300000000003,3.7334699999999996,3.7399699999999996,3.7464199999999996,3.75284,3.7592199999999996,3.76557,3.77189,3.7781800000000003,3.78445,3.79069,3.7985,3.80464,3.8107599999999997,3.8168599999999997,3.8229300000000004,3.8289800000000005,3.97391,4.00502,4.01084,4.01663,4.03961,4.046869999999999,4.0542300000000004,4.06168,4.06923,4.0768699999999995,4.0846,4.09242,4.10032,4.10829,4.11634,4.12445,4.132619999999999,4.14084,4.1491,4.15741,4.16575,4.174119999999999,4.18251,4.190930000000001,4.199380000000001,4.20784,4.21633,4.22484,4.23338,4.24196,4.29433,4.3062,4.318,4.32975,4.34146,4.35314,4.36482,4.376530000000001,4.391369999999999,4.40613,4.42058,4.43486
2M19284793+4202459,2.91724,2.96655,2.98088,2.99551,3.11786,3.23513,3.25906,3.28389,3.31315,3.3559699999999997,3.40975,3.42671,3.44516,3.53917,3.5474300000000003,3.55555,3.5635199999999996,3.57131,3.5788699999999998,3.58626,3.5935,3.60059,3.60754,3.6143699999999996,3.62109,3.6277,3.6342199999999996,3.64065,3.64701,3.65329,3.6595199999999997,3.6657,3.67182,3.6779,3.68395,3.6899599999999997,3.6959400000000002,3.7019,3.70784,3.84743,4.0544400000000005,4.06002,4.0656,4.0711699999999995,4.07674,4.08231,4.08789,4.0934800000000005,4.09909,4.1047199999999995,4.11037,4.11605,4.12177,4.12752,4.13333,4.1391800000000005,4.14509,4.15105,4.1570800000000006,4.16319,4.16936,4.17561,4.18195,4.188359999999999,4.19486,4.20145,4.20811,4.214840000000001,4.22164,4.22848,4.23984,4.2523599999999995,4.26481,4.27726,4.28568,4.29059,4.29548,4.30034,4.30518,4.30998,4.3147400000000005
2M19325217+4243145,2.74054,2.7707200000000003,2.7829599999999997,2.84533,2.8667,2.87737,2.89862,2.93142,3.08656,3.1457599999999997,3.15691,3.17734,3.1979,3.3195699999999997,3.3279300000000003,3.33629,3.34459,3.35279,3.36084,3.3687300000000002,3.37644,3.3839699999999997,3.3913300000000004,3.3985199999999995,3.40556,3.41247,3.41925,3.4259199999999996,3.4325,3.4389800000000004,3.44538,3.45171,3.4579800000000005,3.4641900000000003,3.47035,3.47646,3.48253,3.4885699999999997,3.4945699999999995,3.60313,3.8331199999999996,3.9925900000000003,3.9990699999999997,4.00544,4.0117199999999995,4.01791,4.02404,4.0301,4.03611,4.04208,4.048019999999999,4.05392,4.0598,4.06566,4.07152,4.077369999999999,4.08322,4.12103,4.12671,4.13244,4.13822,4.14406,4.14996,4.155930000000001,4.161969999999999,4.1681,4.17433,4.18065,4.1871,4.1936599999999995,4.2003699999999995,4.20475,4.20869,4.21263,4.21655,4.22046,4.22436,4.22825,4.232130000000001,4.236,4.23985
2M19102533+4931237,3.15056,3.1619200000000003,3.17404,3.19823,3.25066,3.3103800000000003,3.3612,3.41678,3.488,3.59091,3.6796300000000004,3.68908,3.6981599999999997,3.7069400000000003,3.71544,3.72373,3.73181,3.7397199999999997,3.74747,3.7550800000000004,3.7625699999999997,3.76995,3.7772099999999997,3.78438,3.79146,3.80039,3.8073,3.81414,3.8209,3.82761,3.83425,3.8426400000000003,3.85742,3.8636699999999995,3.86988,3.87607,3.88222,3.88835,3.89445,3.9005199999999998,3.90656,3.91258,3.98631,4.03126,4.03722,4.0432,4.0492,4.05523,4.06128,4.06736,4.07348,4.079619999999999,4.08579,4.09201,4.09825,4.1045300000000005,4.11085,4.1172,4.12359,4.13002,4.13647,4.14297,4.1495,4.15606,4.16265,4.1692800000000005,4.17593,4.18262,4.1893400000000005,4.26946,4.2784,4.28739,4.29643,4.30551,4.31462,4.32377,4.33432,4.35016,4.365,4.37904,4.39243
2M18561467+4530246,3.12364,3.1398599999999997,3.2014400000000003,3.2302,3.30076,3.3598800000000004,3.4135699999999995,3.4742,3.51461,3.5659400000000003,3.66299,3.67838,3.68965,3.71282,3.7210099999999997,3.72899,3.7367800000000004,3.74441,3.7519099999999996,3.75927,3.7665300000000004,3.77368,3.78075,3.7877199999999998,3.7946199999999997,3.80145,3.80821,3.81491,3.82155,3.8281300000000003,3.8346699999999996,3.84115,3.85485,3.8610900000000004,3.86731,3.8734900000000003,3.87965,3.88579,3.8919,3.9492199999999995,3.9552300000000002,3.9612199999999995,4.0236,4.0495,4.05599,4.062530000000001,4.06913,4.0757900000000005,4.0825,4.0892800000000005,4.09612,4.10302,4.10999,4.11701,4.1241,4.13124,4.13844,4.1456800000000005,4.15298,4.16033,4.16772,4.17515,4.18262,4.19013,4.19768,4.20526,4.21287,4.22052,4.22821,4.3003800000000005,4.31096,4.32155,4.33215,4.34275,4.3533599999999995,4.363980000000001,4.374630000000001,4.38877,4.40362,4.41789,4.4317400000000005
2M19104752+4220194,3.0935,3.11266,3.15253,3.19088,3.23407,3.29379,3.39278,3.5535900000000002,3.6381,3.6457599999999997,3.6533800000000003,3.6952199999999995,3.70475,3.7135599999999998,3.7218400000000003,3.7297300000000004,3.73731,3.7446599999999997,3.7518300000000004,3.75885,3.7657599999999998,3.7725699999999995,3.7793,3.78597,3.79259,3.8259300000000005,3.83239,3.83883,3.84525,3.85164,3.8580099999999997,3.86436,3.87068,3.87699,3.8832699999999996,3.88953,3.8957699999999997,3.90199,3.9081900000000003,3.91436,3.9205099999999997,3.9266400000000004,3.93275,3.9388400000000003,3.9449099999999997,3.95095,3.95698,3.96299,3.96898,3.97496,3.98092,3.98686,3.9927900000000003,3.99871,4.00462,4.01052,4.01641,4.0223,4.02819,4.03408,4.03998,4.04588,4.0518,4.05774,4.0637,4.0696900000000005,4.07572,4.08179,4.0879199999999996,4.09411,4.1496900000000005,4.1587,4.16775,4.15941,4.18599,4.19519,4.20445,4.21378,4.2232,4.23272,4.24236
2M19254047+3907387,3.04373,3.08115,3.1535,3.17253,3.2947300000000004,3.36691,3.41781,3.47091,3.53459,3.5821699999999996,3.59133,3.60299,3.6169,3.67414,3.68117,3.68804,3.69475,3.7014,3.708,3.7145599999999996,3.7210699999999997,3.7275400000000003,3.73397,3.7403699999999995,3.7467300000000003,3.75306,3.75936,3.7656400000000003,3.7718800000000003,3.77811,3.78431,3.79048,3.79664,3.8027699999999998,3.8088900000000003,3.8149800000000003,3.8210599999999997,3.82711,3.83315,3.99479,4.02712,4.03292,4.03869,4.04444,4.05018,4.05589,4.06316,4.07134,4.079619999999999,4.08801,4.096480000000001,4.10504,4.1136800000000004,4.122380000000001,4.131130000000001,4.1399300000000006,4.14877,4.15764,4.16654,4.17545,4.1843699999999995,4.193309999999999,4.20226,4.2112099999999995,4.22018,4.22916,4.23816,4.24718,4.25624,4.3032,4.31565,4.328,4.34026,4.352469999999999,4.3646400000000005,4.3768199999999995,4.38905,4.40334,4.41838,4.42347,4.42853
2M19004979+4523036,3.02287,3.06909,3.1275,3.1462,3.26267,3.3349,3.385,3.4371699999999996,3.49988,3.5515800000000004,3.56071,3.57246,3.5867,3.64937,3.65622,3.66301,3.66972,3.6763800000000004,3.68298,3.6895300000000004,3.6960300000000004,3.70249,3.70891,3.71529,3.72163,3.7279400000000003,3.7342199999999997,3.7404699999999997,3.7467,3.7529,3.75907,3.7652300000000003,3.7713699999999997,3.77748,3.78358,3.78966,3.7957199999999998,3.80176,3.8077900000000002,3.9683800000000002,4.02388,4.02966,4.035419999999999,4.04117,4.0469,4.05261,4.05831,4.06399,4.07146,4.079680000000001,4.0879900000000005,4.09638,4.10485,4.11338,4.121980000000001,4.1306199999999995,4.13931,4.14803,4.15678,4.16556,4.17435,4.18316,4.19198,4.20081,4.2096599999999995,4.21853,4.2274199999999995,4.236330000000001,4.24528,4.28848,4.3007800000000005,4.31299,4.32512,4.3372,4.34925,4.3613,4.3734,4.38708,4.4019900000000005,4.412380000000001,4.41745
2M19040872+4936522,2.98775,2.99895,3.10717,3.13263,3.2313099999999997,3.3023800000000003,3.3458699999999997,3.38991,3.44288,3.5128699999999995,3.5516099999999997,3.56235,3.5783400000000003,3.6481,3.6548800000000004,3.6615900000000003,3.66824,3.67484,3.6813800000000003,3.6878800000000003,3.6943300000000003,3.70073,3.7071099999999997,3.7134400000000003,3.7197400000000003,3.72601,3.7322599999999997,3.7384800000000005,3.7446699999999997,3.75085,3.7570099999999997,3.76314,3.7692699999999997,3.7753699999999997,3.7814699999999997,3.78755,3.7936300000000003,3.79969,3.80574,3.95146,4.04852,4.05432,4.0601199999999995,4.065919999999999,4.0717099999999995,4.0775,4.08328,4.08906,4.09483,4.10059,4.10697,4.11506,4.123130000000001,4.13126,4.13946,4.14771,4.15601,4.16435,4.1727300000000005,4.18115,4.18961,4.1981,4.20662,4.21517,4.2237599999999995,4.2324,4.24108,4.24982,4.25863,4.29295,4.30457,4.31615,4.327719999999999,4.3393,4.35093,4.36263,4.37445,4.38645,4.39331,4.3979,4.40246
2M19282524+4222491,2.94023,2.98251,3.01618,3.0326,3.17148,3.2660400000000003,3.30334,3.32933,3.3610800000000003,3.40538,3.45434,3.46944,3.48708,3.57418,3.58187,3.58941,3.5968,3.6040300000000003,3.61111,3.61807,3.6249,3.63162,3.63824,3.64477,3.65122,3.6576,3.6639199999999996,3.6701699999999997,3.6763800000000004,3.68254,3.68866,3.69475,3.7008,3.7068199999999996,3.71282,3.7188,3.72476,3.7307,3.7366300000000003,3.88164,4.05077,4.05638,4.06199,4.0676,4.07322,4.07885,4.08449,4.09015,4.09583,4.10154,4.10726,4.11302,4.11881,4.124630000000001,4.13048,4.136369999999999,4.1423,4.14827,4.15428,4.16032,4.1664,4.17251,4.17865,4.184819999999999,4.193219999999999,4.202319999999999,4.21145,4.22063,4.2298599999999995,4.2482,4.26063,4.2727699999999995,4.28496,4.29714,4.30934,4.32055,4.32536,4.33015,4.33491,4.33964,4.34433
2M19004559+4601406,3.01852,3.0787299999999997,3.12525,3.14266,3.27314,3.34671,3.3949599999999998,3.44507,3.50585,3.5712900000000003,3.5798099999999997,3.5909199999999997,3.6053300000000004,3.66701,3.67385,3.68062,3.68733,3.6939800000000003,3.70057,3.7071199999999997,3.7136199999999997,3.7200699999999998,3.72649,3.7328699999999997,3.7392199999999995,3.74554,3.7518300000000004,3.75809,3.7643400000000002,3.7705599999999997,3.77675,3.78294,3.7891,3.79525,3.8013800000000004,3.8075,3.8136099999999997,3.8197099999999997,3.82579,3.9821800000000005,4.03752,4.0433699999999995,4.0492099999999995,4.05505,4.0608699999999995,4.06669,4.07249,4.07828,4.08405,4.09161,4.09997,4.10842,4.1169400000000005,4.12552,4.13416,4.1428400000000005,4.1515699999999995,4.16033,4.1691199999999995,4.17794,4.18677,4.19562,4.20449,4.21338,4.22229,4.2312199999999995,4.24019,4.2491900000000005,4.25825,4.29903,4.31125,4.3234,4.33549,4.34755,4.35962,4.37172,4.38391,4.39623,4.40341,4.40806,4.4126900000000004
2M18585736+4935542,3.2124599999999996,3.26459,3.33619,3.3469800000000003,3.3796,3.47084,3.5819199999999998,3.70644,3.7589300000000003,3.77599,3.7835099999999997,3.79095,3.79832,3.8056,3.8128,3.8199300000000003,3.8269800000000003,3.83397,3.8408900000000004,3.8481,3.85555,3.86286,3.87006,3.87718,3.8842199999999996,3.9310699999999996,3.9379,3.9447099999999997,3.9515,3.9582599999999997,3.965,3.9717300000000004,3.97799,3.98405,3.9900900000000004,3.99612,4.00212,4.00811,4.01409,4.02006,4.026009999999999,4.03196,4.0379,4.043830000000001,4.04975,4.05566,4.06157,4.06747,4.07337,4.07926,4.0858,4.09354,4.10134,4.10922,4.11717,4.12517,4.13324,4.14135,4.14951,4.157719999999999,4.16596,4.17425,4.18256,4.19091,4.19928,4.20769,4.216130000000001,4.22461,4.2331199999999995,4.31088,4.3228,4.33469,4.34655,4.35839,4.37022,4.38206,4.39393,4.41009,4.42585,4.44113,4.4561
2M19284107+4054587,2.74867,2.73988,2.76737,2.78214,0.00028,2.85685,2.87839,2.90798,3.0478099999999997,3.11835,3.12925,3.14742,3.1692,3.2949900000000003,3.30292,3.3108699999999995,3.3188199999999997,3.32672,3.33455,3.3422699999999996,3.3498699999999997,3.35733,3.36464,3.3718,3.3788300000000002,3.38573,3.3925,3.39917,3.40573,3.41221,3.4186,3.4249199999999997,3.43117,3.43736,3.4435,3.44959,3.45563,3.4616300000000004,3.4676,3.5513199999999996,3.77599,3.9817199999999997,3.9881900000000003,3.99455,4.0008,4.006959999999999,4.01304,4.01905,4.025,4.0309,4.03676,4.04258,4.048369999999999,4.05414,4.059880000000001,4.06562,4.07135,4.11449,4.12,4.12554,4.13112,4.13675,4.14243,4.1481699999999995,4.153980000000001,4.15986,4.16581,4.17186,4.178,4.18426,4.19062,4.1971300000000005,4.20377,4.21039,4.21427,4.21814,4.22199,4.22584,4.22967,4.2335,4.23731
2M19254039+3840204,3.0786599999999997,3.10367,3.1978,3.21793,3.28625,3.35592,3.40654,3.4579,3.5179300000000002,3.59522,3.6205199999999995,3.6312800000000003,3.6444,3.6887199999999996,3.6962800000000002,3.7036800000000003,3.7109300000000003,3.71805,3.7250699999999997,3.732,3.73884,3.7456099999999997,3.75231,3.75895,3.76554,3.77207,3.7785599999999997,3.7850099999999998,3.7914199999999996,3.79779,3.8041300000000002,3.8104400000000003,3.8167199999999997,3.82576,3.8319199999999998,3.83805,3.84416,3.8502400000000003,3.8563,3.99327,3.99916,4.00502,4.03448,4.04678,4.05398,4.0612699999999995,4.06865,4.07613,4.08369,4.09135,4.099080000000001,4.10691,4.1148,4.12277,4.1308,4.1389,4.1470400000000005,4.15523,4.163469999999999,4.17174,4.18004,4.18837,4.19672,4.2051,4.2135,4.22193,4.23038,4.23886,4.247380000000001,4.30561,4.31741,4.32916,4.34086,4.352519999999999,4.36415,4.375780000000001,4.38744,4.40265,4.41744,4.43189,4.44615
2M19294569+4312339,2.98104,3.04853,3.07222,3.0893200000000003,3.2399299999999998,3.31989,3.37006,3.40616,3.4454300000000004,3.49874,3.50835,3.52273,3.5385199999999997,3.6141699999999997,3.6215300000000004,3.62874,3.63582,3.64278,3.6496199999999996,3.65635,3.663,3.6695599999999997,3.67605,3.6824800000000004,3.6888400000000003,3.69515,3.7014199999999997,3.70764,3.7138199999999997,3.7199699999999996,3.72609,3.7321800000000005,3.7382400000000002,3.7442800000000003,3.7503,3.75631,3.7623,3.76827,3.7742400000000003,3.9383199999999996,4.04206,4.04775,4.0534300000000005,4.05912,4.06482,4.07052,4.076219999999999,4.081930000000001,4.08765,4.093380000000001,4.09911,4.10485,4.11059,4.11634,4.1221,4.12785,4.13361,4.14029,4.14944,4.1586,4.16777,4.17694,4.18611,4.1953,4.20449,4.21369,4.222919999999999,4.23217,4.24147,4.271669999999999,4.28428,4.29678,4.3092,4.3215699999999995,4.3339099999999995,4.3463,4.35538,4.3600699999999994,4.36475,4.3694,4.3745400000000005
2M19262685+4206574,3.1676599999999997,3.189,3.2136099999999996,3.24324,3.28133,3.3409800000000005,3.3695,3.4348400000000003,3.46779,3.53829,3.66859,3.6772099999999996,3.6855599999999997,3.6937,3.70165,3.7094300000000002,3.71706,3.7245699999999995,3.73196,3.73925,3.74644,3.75354,3.76056,3.7675,3.77437,3.8198199999999995,3.82634,3.8328,3.83921,3.84556,3.85186,3.8581199999999995,3.87059,3.87661,3.88259,3.8885400000000003,3.89446,3.90035,3.90622,3.91205,3.9178599999999997,3.9236400000000002,3.97877,4.00217,4.00781,4.01346,4.0191,4.02474,4.03038,4.03603,4.04168,4.04734,4.053,4.058669999999999,4.0643400000000005,4.07003,4.07572,4.08142,4.08713,4.09286,4.09859,4.1043400000000005,4.1100900000000005,4.11586,4.12165,4.12744,4.13325,4.139069999999999,4.1449,4.23025,4.23746,4.244730000000001,4.25204,4.2594,4.266780000000001,4.27419,4.28942,4.3053300000000005,4.32008,4.33385,4.3468
2M19290865+4054489,3.1608400000000003,3.18213,3.2065,3.23564,3.27262,3.32345,3.40076,3.5301400000000003,3.61723,3.6383199999999998,3.6547400000000003,3.67175,3.6790800000000004,3.6863,3.6934199999999997,3.7004699999999997,3.70744,3.71435,3.7212,3.72798,3.7347099999999998,3.74139,3.74802,3.7546,3.76113,3.8546300000000002,3.86055,3.8664300000000003,3.8722800000000004,3.8780900000000003,3.8838699999999995,3.88962,3.89549,3.90116,3.9068099999999997,3.9124199999999996,3.9180099999999998,3.9235599999999997,3.92909,3.93459,3.94006,3.94551,3.95264,3.95813,3.9636099999999996,3.9690800000000004,3.97453,3.97997,3.9854,3.99082,3.9962199999999997,4.00162,4.007,4.01237,4.01773,4.02307,4.0284,4.03372,4.03902,4.0443,4.04957,4.05481,4.06004,4.065259999999999,4.07045,4.07562,4.08078,4.08592,4.0910400000000005,4.17973,4.1854,4.19106,4.1967,4.20233,4.20795,4.21354,4.22569,4.24186,4.25672,4.27046,4.2832300000000005
2M19293325+4213597,3.04664,3.0821400000000003,3.15631,3.1753400000000003,3.30957,3.3825800000000004,3.4342599999999996,3.4885900000000003,3.55404,3.5883599999999998,3.5970400000000002,3.6084699999999996,3.6219900000000003,3.67899,3.6859,3.6927199999999996,3.6994800000000003,3.7061800000000003,3.7128099999999997,3.71939,3.72591,3.73239,3.73883,3.7452199999999998,3.75158,3.75791,3.7642,3.77046,3.7766900000000003,3.7829,3.7890800000000002,3.79524,3.8013800000000004,3.8075,3.81359,3.81967,3.82573,3.8317699999999997,3.8378,4.00389,4.031680000000001,4.03747,4.04324,4.04899,4.05473,4.06045,4.06615,4.07183,4.079940000000001,4.08855,4.0972599999999995,4.10606,4.11492,4.12385,4.13282,4.14184,4.15089,4.1599699999999995,4.16906,4.17816,4.18727,4.19638,4.2055,4.21462,4.22374,4.23287,4.24202,4.25119,4.26039,4.30689,4.31953,4.33206,4.34449,4.35685,4.36918,4.38152,4.39418,4.40956,4.4153400000000005,4.42045,4.42551
2M19505021+4804508,3.0011200000000002,3.0567900000000003,3.1009900000000004,3.1190599999999997,3.23857,3.3116,3.3608,3.4121,3.47415,3.52455,3.53336,3.5458,3.56071,3.6291300000000004,3.63605,3.6428800000000003,3.64964,3.65633,3.66296,3.66952,3.6760300000000004,3.68249,3.6889,3.6952599999999998,3.70159,3.7078800000000003,3.71414,3.7203699999999995,3.7265599999999997,3.73274,3.7388800000000004,3.7450099999999997,3.7511099999999997,3.7572,3.76327,3.7693199999999996,3.77536,3.7813800000000004,3.7873900000000003,3.94746,4.02626,4.03201,4.03775,4.043480000000001,4.0492,4.05492,4.060630000000001,4.066330000000001,4.07201,4.0776900000000005,4.08336,4.0909699999999996,4.0993900000000005,4.107880000000001,4.11642,4.12502,4.13366,4.14233,4.15104,4.15977,4.16852,4.17729,4.18607,4.19487,4.20369,4.21253,4.22139,4.2302800000000005,4.23921,4.2777,4.2899199999999995,4.30206,4.31412,4.32613,4.3381300000000005,4.35013,4.36219,4.37434,4.388669999999999,4.39785,4.40298
2M19322256+4253471,3.06029,3.09122,3.1747400000000003,3.19457,3.27181,3.3416099999999997,3.39185,3.4430400000000003,3.50319,3.58094,3.5969599999999997,3.60814,3.62178,3.67224,3.67964,3.68689,3.69401,3.7010099999999997,3.7079199999999997,3.71474,3.72149,3.7281699999999995,3.7347900000000003,3.74136,3.7478800000000003,3.75435,3.76079,3.7671900000000003,3.77355,3.77989,3.78619,3.7924599999999997,3.79871,3.8068400000000002,3.81299,3.81911,3.8252,3.8312800000000005,3.83733,3.98063,4.00396,4.00979,4.0229800000000004,4.041919999999999,4.049180000000001,4.05653,4.06398,4.07152,4.07915,4.086880000000001,4.09469,4.10259,4.1105599999999995,4.1186,4.1267,4.134869999999999,4.14308,4.15134,4.15965,4.16798,4.17635,4.184740000000001,4.19316,4.20159,4.21005,4.21854,4.22705,4.235580000000001,4.24415,4.29819,4.31006,4.32187,4.33362,4.345330000000001,4.35701,4.36869,4.3804,4.39539,4.410159999999999,4.4246099999999995,4.43889
2M19394766+4626191,3.0501099999999997,3.08478,3.1619,3.1814299999999998,3.27487,3.3454,3.39575,3.44746,3.5087,3.57942,3.5888,3.60025,3.6141199999999998,3.66835,3.67559,3.68269,3.68968,3.69656,3.70336,3.7100800000000005,3.71673,3.7233300000000003,3.72988,3.7363800000000005,3.74284,3.7492699999999997,3.75565,3.76201,3.7683400000000002,3.77464,3.78091,3.7871699999999997,3.79339,3.80016,3.80663,3.8127400000000002,3.81883,3.8249,3.83095,3.98161,4.01259,4.01839,4.02417,4.03976,4.04721,4.05476,4.06241,4.07016,4.07801,4.08596,4.09399,4.10211,4.1103,4.1185599999999996,4.12689,4.135269999999999,4.1437,4.15217,4.16068,4.16921,4.17777,4.18636,4.19496,4.2035800000000005,4.212219999999999,4.22088,4.22956,4.23827,4.2470099999999995,4.29769,4.309769999999999,4.32178,4.33372,4.34561,4.357469999999999,4.369330000000001,4.38122,4.3958900000000005,4.4107,4.4252400000000005,4.439690000000001
2M19283288+4225459,3.16292,3.18425,3.20867,3.2379,3.27502,3.32605,3.4037,3.5337,3.61049,3.63879,3.65527,3.67412,3.68146,3.6887,3.69584,3.70289,3.7098800000000005,3.7168,3.72365,3.73044,3.7371800000000004,3.74387,3.7505,3.7570900000000003,3.7636300000000005,3.85598,3.8619199999999996,3.8678199999999996,3.8736800000000002,3.87951,3.8853,3.89106,3.89701,3.9027,3.90835,3.9139800000000005,3.9195800000000003,3.92515,3.9306900000000002,3.93621,3.9417,3.94716,3.9550099999999997,3.96052,3.96602,3.9715,3.9769699999999997,3.9824300000000004,3.98788,3.9933199999999998,3.99875,4.004169999999999,4.009580000000001,4.01498,4.02036,4.02574,4.0311,4.03645,4.04179,4.04711,4.05241,4.0577,4.0629800000000005,4.06824,4.07348,4.07871,4.0839300000000005,4.08913,4.09431,4.1828199999999995,4.18863,4.19444,4.20024,4.20603,4.2118199999999995,4.21759,4.23004,4.24621,4.26109,4.27485,4.28766
2M19214099+3751064,3.11153,3.13108,3.1693700000000002,3.20955,3.2541700000000002,3.3143599999999998,3.4099,3.4636400000000003,3.65303,3.67645,3.68384,3.6911699999999996,3.69843,3.7056199999999997,3.71274,3.7199400000000002,3.72767,3.7351300000000003,3.7424,3.7495199999999995,3.7565199999999996,3.7634300000000005,3.77025,3.7770099999999998,3.7837099999999997,3.84058,3.84807,3.8544400000000003,3.86078,3.86709,3.87339,3.87966,3.88591,3.8921300000000003,3.89834,3.9045199999999998,3.91068,3.91681,3.9229199999999995,3.9290199999999995,3.9351300000000005,3.9408800000000004,3.94659,3.9523,3.958,3.9637,3.9694,3.9751,3.98081,3.98653,3.99225,3.99798,4.0037199999999995,4.00948,4.01525,4.02104,4.02685,4.03297,4.03961,4.04627,4.05295,4.05965,4.06637,4.07311,4.07988,4.08667,4.09349,4.10034,4.10722,4.1192400000000005,4.184740000000001,4.19378,4.20287,4.21201,4.22121,4.23045,4.2397599999999995,4.24913,4.25859,4.26814,4.27781
2M19240775+4902249,3.02674,3.0402,3.06249,3.09144,3.13715,3.21748,3.2401299999999997,3.25818,3.27316,3.28611,3.2977199999999995,3.31525,3.32847,3.38352,3.3917,3.3995900000000003,3.40726,3.41475,3.4220800000000002,3.4293,3.4364,3.44343,3.4503699999999995,3.45725,3.4640800000000005,3.47086,3.47761,3.4843300000000004,3.4910300000000003,3.4977199999999997,3.5044,3.5111,3.51781,3.52455,3.53134,3.53819,3.55405,3.5608699999999995,3.57018,3.7561400000000003,3.76335,3.7707300000000004,3.7783300000000004,3.7862,3.79441,3.80304,3.81219,3.82196,3.8325,3.8439099999999997,3.85635,3.86993,3.88478,3.89511,3.90449,3.9138300000000004,3.92317,3.93256,3.9420699999999997,3.95174,3.96164,3.97185,3.98244,3.9935,4.00512,4.01613,4.0205,4.024859999999999,4.02921,4.033530000000001,4.03785,4.04215,4.04643,4.05071,4.0549599999999995,4.05921,4.06344,4.06765,4.07186,4.07605,4.08716
2M19383520+4153027,2.9603099999999998,0.00018999999999999998,0.00039,3.01478,3.10239,3.13029,3.1560799999999998,3.18782,3.22397,3.27182,3.33845,3.41396,3.45139,3.54575,3.5523599999999997,3.5589199999999996,3.56543,3.5719,3.5783099999999997,3.58469,3.59102,3.59732,3.6035699999999995,3.6098,3.61599,3.62216,3.6282900000000002,3.6344,3.6404900000000002,3.64656,3.6526,3.6586300000000005,3.6646400000000003,3.67064,3.6766300000000003,3.68261,3.68857,3.69454,3.7004900000000003,3.75631,3.9937099999999996,4.03835,4.04398,4.0496300000000005,4.055280000000001,4.06095,4.06663,4.0723199999999995,4.07803,4.08376,4.0895,4.09526,4.10104,4.10684,4.11266,4.11851,4.12509,4.13202,4.139,4.14605,4.15316,4.16034,4.16758,4.17488,4.182259999999999,4.1897199999999994,4.19726,4.20488,4.2125900000000005,4.23094,4.24065,4.25044,4.2603,4.2702599999999995,4.28033,4.29053,4.30087,4.3114,4.32214,4.33314,4.34445
2M19092683+3842505,2.97991,3.0479,3.07078,3.08791,3.23546,3.3151,3.36515,3.40291,3.4423,3.4962699999999995,3.5058599999999998,3.52019,3.536,3.6118300000000003,3.6191699999999996,3.6263699999999996,3.63343,3.64037,3.6472,3.6539300000000003,3.66057,3.6671300000000002,3.67361,3.6800300000000004,3.6863900000000003,3.6927,3.6989699999999996,3.70519,3.7113699999999996,3.7175199999999995,3.7236300000000004,3.72972,3.73578,3.7418199999999997,3.74784,3.75385,3.75984,3.7658099999999997,3.77178,3.9351599999999998,4.04039,4.046069999999999,4.05176,4.05745,4.06314,4.06884,4.07454,4.08025,4.08596,4.09168,4.09741,4.10315,4.10889,4.1146400000000005,4.12039,4.12614,4.13189,4.13892,4.14802,4.15714,4.16626,4.17539,4.1845300000000005,4.19367,4.2028300000000005,4.212,4.22119,4.23041,4.239669999999999,4.2699,4.2824800000000005,4.29495,4.30733,4.31966,4.331980000000001,4.34433,4.35553,4.36022,4.3649,4.36958,4.37486
2M19300081+4304593,3.1238900000000003,3.13967,3.19747,3.22548,3.2897,3.34861,3.40162,3.46118,3.52333,3.55272,3.64824,3.67602,3.6871099999999997,3.7091199999999995,3.7173599999999998,3.72539,3.7332300000000003,3.7409,3.74844,3.75584,3.76314,3.7703300000000004,3.7774199999999998,3.7844300000000004,3.79135,3.7982099999999996,3.80499,3.8117099999999997,3.81837,3.8249800000000005,3.8315300000000003,3.8380300000000003,3.85221,3.85846,3.86467,3.87086,3.87702,3.8831599999999997,3.88927,3.9423,3.9483099999999998,3.95431,4.01561,4.0478,4.054180000000001,4.06061,4.06709,4.07362,4.08021,4.08685,4.09355,4.1003099999999995,4.10712,4.11399,4.12092,4.1279,4.13494,4.14203,4.14917,4.15635,4.1635800000000005,4.17085,4.17815,4.1855,4.19289,4.20031,4.2077599999999995,4.21525,4.22278,4.29593,4.30625,4.31659,4.32695,4.33732,4.3477,4.3581,4.368530000000001,4.38253,4.39737,4.41159,4.42535
2M19510878+4753100,3.0744,3.10075,3.19219,3.21222,3.26608,3.3349900000000003,3.38505,3.43548,3.49411,3.56945,3.6086099999999997,3.6193699999999995,3.6326699999999996,3.67749,3.6851199999999995,3.69257,3.6998800000000003,3.70705,3.71412,3.7210900000000002,3.7279699999999996,3.73478,3.7415199999999995,3.74819,3.7548,3.76137,3.7678800000000003,3.77435,3.7807699999999995,3.7871599999999996,3.7935199999999996,3.7998300000000005,3.80654,3.8157300000000003,3.82188,3.8280199999999995,3.8341199999999995,3.84021,3.8462699999999996,3.9782699999999998,3.99077,3.99664,4.0195300000000005,4.04431,4.0513,4.05837,4.06553,4.072769999999999,4.0801,4.08751,4.095,4.10257,4.1102099999999995,4.11793,4.1257,4.13354,4.14144,4.149380000000001,4.157369999999999,4.1654,4.17347,4.18157,4.1897,4.1978599999999995,4.20604,4.21425,4.2224900000000005,4.23076,4.23907,4.29779,4.30931,4.32078,4.3322199999999995,4.34362,4.35501,4.36639,4.3778,4.39309,4.40782,4.42216,4.43624
2M19140739+4056322,3.1350700000000002,3.1493700000000002,3.1823099999999998,3.2077400000000003,3.2648599999999997,3.32386,3.3749599999999997,3.43135,3.5038699999999996,3.60866,3.63574,3.68632,3.6960800000000003,3.70935,3.7178,3.7260199999999997,3.7340400000000002,3.74189,3.74959,3.75715,3.76459,3.7719199999999997,3.77914,3.7862699999999996,3.79331,3.80027,3.8071599999999997,3.81397,3.8207199999999997,3.82741,3.8340400000000003,3.8413699999999995,3.8566300000000004,3.86289,3.8691199999999997,3.87532,3.8814900000000003,3.88763,3.89375,3.9155,3.92155,3.9275800000000003,3.99696,4.0403,4.0464,4.0525199999999995,4.058680000000001,4.06487,4.0711,4.07736,4.08367,4.0900099999999995,4.0964,4.1028400000000005,4.10931,4.11583,4.12239,4.129,4.13565,4.14234,4.14907,4.15583,4.162640000000001,4.169490000000001,4.1763699999999995,4.18328,4.190230000000001,4.19721,4.20423,4.28215,4.2916099999999995,4.30112,4.31067,4.32025,4.32986,4.3395,4.34917,4.36316,4.37803,4.39217,4.40572
2M18523616+4508233,2.9646,3.0323900000000004,3.04811,3.06459,3.21097,3.2947900000000003,3.34361,3.37301,3.40984,3.4612199999999995,3.48386,3.4986,3.51511,3.5954699999999997,3.6029400000000003,3.61026,3.61743,3.6244699999999996,3.6313800000000005,3.6381699999999997,3.64486,3.6514599999999997,3.6579800000000002,3.6644300000000003,3.67081,3.6771300000000005,3.6834,3.68963,3.69581,3.70195,3.7080599999999997,3.71414,3.72019,3.7262199999999996,3.73222,3.73821,3.7441800000000005,3.75014,3.75609,3.9133,4.04291,4.04857,4.05422,4.059880000000001,4.06555,4.071219999999999,4.07691,4.0826,4.08831,4.09403,4.0997699999999995,4.105519999999999,4.11129,4.1170800000000005,4.12288,4.12869,4.134519999999999,4.14036,4.14621,4.15206,4.1612599999999995,4.17035,4.17945,4.18856,4.19768,4.20682,4.215990000000001,4.2252,4.23444,4.2602199999999995,4.27272,4.28512,4.29744,4.3097199999999996,4.32199,4.334309999999999,4.343459999999999,4.34819,4.35289,4.3575800000000005,4.36223
2M19162065+4133465,2.9880400000000003,3.05246,3.0831,3.1004099999999997,3.25048,3.32865,3.3788400000000003,3.42087,3.4611,3.5110099999999997,3.52046,3.5345,3.5499699999999996,3.6232800000000003,3.63056,3.6377,3.64471,3.65161,3.65841,3.66511,3.67173,3.67827,3.68474,3.69116,3.69751,3.70382,3.7100800000000005,3.7163,3.72249,3.72864,3.7347599999999996,3.74086,3.7469300000000003,3.7529800000000004,3.75901,3.76502,3.7710199999999996,3.7770099999999998,3.7829900000000003,3.949,4.04143,4.04714,4.05285,4.05855,4.06426,4.06997,4.07569,4.0814,4.08713,4.09285,4.09858,4.10431,4.110040000000001,4.1157699999999995,4.1215,4.12723,4.134580000000001,4.1437,4.15285,4.162,4.1711599999999995,4.18032,4.18949,4.19867,4.20785,4.21705,4.22626,4.23551,4.24479,4.27712,4.2897300000000005,4.302230000000001,4.31464,4.327,4.33934,4.351719999999999,4.36203,4.366709999999999,4.37137,4.3760900000000005,4.38134
2M18575579+4423529,2.92613,2.9857,3.00049,3.01578,3.16834,3.25958,3.28312,3.30873,3.33966,3.38355,3.43128,3.4478,3.4656800000000003,3.55705,3.5649900000000003,3.5727599999999997,3.5803599999999998,3.58779,3.5950599999999997,3.6021699999999996,3.60915,3.616,3.6227300000000002,3.62935,3.6358800000000002,3.64232,3.64869,3.65498,3.6612199999999997,3.66741,3.67355,3.67965,3.6857,3.69173,3.69772,3.70369,3.7096400000000003,3.71556,3.7214699999999996,3.87103,4.05485,4.06041,4.06596,4.07151,4.0770599999999995,4.0826199999999995,4.08819,4.09377,4.09936,4.10497,4.110609999999999,4.11627,4.12195,4.127669999999999,4.13342,4.13921,4.14503,4.15089,4.15678,4.162719999999999,4.16869,4.1747,4.18074,4.1868099999999995,4.19289,4.19985,4.20904,4.21826,4.227530000000001,4.24404,4.256419999999999,4.26871,4.28094,4.29314,4.30535,4.3128,4.3175,4.32219,4.32685,4.33148,4.33608
2M19045932+5014326,3.0093099999999997,3.07816,3.11305,3.1301799999999997,3.26439,3.33952,3.3877800000000002,3.43819,3.4997800000000003,3.5586800000000003,3.56736,3.5789699999999995,3.59365,3.65794,3.6648400000000003,3.6716599999999997,3.67841,3.68509,3.6917,3.69826,3.70477,3.7112300000000005,3.71765,3.7240300000000004,3.7303699999999997,3.7366800000000002,3.74296,3.7492099999999997,3.7554300000000005,3.7616300000000003,3.7678199999999995,3.7739800000000003,3.78013,3.78626,3.79238,3.79848,3.80458,3.8106699999999996,3.8167400000000002,3.97439,4.0388,4.04465,4.05049,4.05633,4.0621599999999995,4.06799,4.0738199999999996,4.07964,4.08545,4.09125,4.09705,4.10459,4.11315,4.12179,4.13047,4.1392,4.1479800000000004,4.15678,4.16562,4.1744699999999995,4.18335,4.19224,4.20115,4.2100800000000005,4.21903,4.22801,4.237019999999999,4.24607,4.25516,4.29327,4.30555,4.317740000000001,4.32988,4.34199,4.3541,4.36625,4.3785099999999995,4.39047,4.39518,4.39987,4.40453
2M19011470+4750549,2.9749,3.03357,3.07421,3.09045,3.22016,3.29285,3.33826,3.38496,3.4415,3.49404,3.52406,3.53625,3.55219,3.6257900000000003,3.6327,3.6395199999999996,3.64627,3.65294,3.65955,3.6661,3.6725800000000004,3.6790199999999995,3.68541,3.69175,3.69805,3.7043199999999996,3.71055,3.71676,3.7229300000000003,3.72908,3.7352,3.7413,3.74738,3.75345,3.7595,3.76554,3.77156,3.77757,3.78358,3.93509,4.0423599999999995,4.04809,4.05382,4.05955,4.0652800000000004,4.07101,4.07674,4.08246,4.08819,4.09391,4.09963,4.10535,4.11106,4.11859,4.12694,4.13535,4.1438,4.15229,4.160819999999999,4.16938,4.177969999999999,4.18658,4.195209999999999,4.203880000000001,4.2125699999999995,4.2213,4.2300699999999996,4.23888,4.24774,4.28069,4.29254,4.30433,4.31608,4.32782,4.339580000000001,4.35139,4.3633,4.37535,4.3833400000000005,4.38793,4.3924900000000004
2M19562938+4152003,3.1234,3.13912,3.1969,3.2248099999999997,3.2875,3.34637,3.39928,3.4587,3.52175,3.5501099999999997,3.6453900000000004,3.6747699999999996,3.6858699999999995,3.70793,3.7161699999999995,3.7242,3.73205,3.73973,3.74727,3.7546800000000005,3.76197,3.76916,3.7762599999999997,3.78327,3.7902,3.79705,3.80384,3.8105599999999997,3.81722,3.8238300000000005,3.83039,3.8368900000000004,3.85112,3.8573699999999995,3.8635800000000002,3.8697699999999995,3.8759300000000003,3.8820699999999997,3.88818,3.94135,3.94737,3.95336,4.01401,4.04746,4.0538300000000005,4.06024,4.0667,4.0732099999999996,4.07978,4.0864,4.0930800000000005,4.09981,4.10661,4.11346,4.12036,4.12732,4.13433,4.14139,4.1485,4.15566,4.16286,4.17011,4.17739,4.18471,4.192069999999999,4.19947,4.2069,4.21436,4.22187,4.29507,4.30535,4.31566,4.32598,4.33631,4.34665,4.3570199999999994,4.36741,4.381419999999999,4.39625,4.41046,4.4242099999999995
2M19441136+4244348,2.9273599999999997,2.99065,3.00561,3.0211099999999997,3.17738,3.26436,3.28807,3.31405,3.3455800000000004,3.3902400000000004,3.4346099999999997,3.4512099999999997,3.4689400000000004,3.55979,3.56768,3.5754099999999998,3.58296,3.5903400000000003,3.5975699999999997,3.6046400000000003,3.6115800000000005,3.61838,3.62508,3.6316699999999997,3.6381699999999997,3.64459,3.6509400000000003,3.6572199999999997,3.66344,3.6696199999999997,3.6757400000000002,3.68183,3.6878800000000003,3.69389,3.6998800000000003,3.7058400000000002,3.71178,3.7177,3.7236,3.8768,4.05501,4.06056,4.06611,4.07165,4.07719,4.08274,4.0883,4.09387,4.09945,4.10505,4.11066,4.1163,4.12197,4.12766,4.133369999999999,4.13912,4.1449,4.15071,4.15655,4.1624099999999995,4.16831,4.1742300000000006,4.18016,4.18611,4.192880000000001,4.20202,4.211180000000001,4.2203800000000005,4.22962,4.2476199999999995,4.25999,4.27226,4.28446,4.29663,4.30881,4.317130000000001,4.32179,4.32642,4.33103,4.33562,4.34018
2M19364610+3937084,2.9569799999999997,3.02482,3.04019,3.05619,3.20661,3.29101,3.33606,3.36418,3.39911,3.44777,3.4794400000000003,3.49431,3.51111,3.59332,3.6008400000000003,3.6082099999999997,3.61542,3.62249,3.62943,3.63626,3.6429699999999996,3.6495900000000003,3.65613,3.6625900000000002,3.6689800000000004,3.6753099999999996,3.6815800000000003,3.68781,3.6939900000000003,3.70013,3.70624,3.7123199999999996,3.7183699999999997,3.72439,3.7303900000000003,3.7363699999999995,3.74234,3.7482900000000003,3.75423,3.9095800000000005,4.04851,4.05414,4.05978,4.06543,4.07108,4.07673,4.0824,4.088080000000001,4.093780000000001,4.09949,4.105230000000001,4.11097,4.11674,4.12253,4.128340000000001,4.13417,4.14001,4.1458699999999995,4.15174,4.15763,4.16401,4.173080000000001,4.18216,4.19125,4.20036,4.20949,4.21865,4.22785,4.23709,4.2611,4.27351,4.28584,4.29809,4.31032,4.32256,4.33483,4.34051,4.34523,4.34992,4.35459,4.35922
2M18472048+4409213,2.99445,3.04582,3.08985,3.10765,3.26828,3.34593,3.3972,3.4296699999999998,3.47086,3.51199,3.52166,3.5362400000000003,3.5516400000000004,3.6248,3.63222,3.6394800000000003,3.64659,3.6535800000000003,3.6604400000000004,3.6672,3.67386,3.6804300000000003,3.6869400000000003,3.69337,3.6997400000000003,3.70606,3.71233,3.71855,3.72474,3.7308800000000004,3.737,3.74309,3.74915,3.75518,3.7612,3.7671900000000003,3.77317,3.7791300000000003,3.7850800000000002,3.9557,4.04298,4.04865,4.05431,4.05998,4.06564,4.0713,4.07696,4.08263,4.08829,4.09395,4.09962,4.1052800000000005,4.11094,4.11659,4.122240000000001,4.12789,4.13434,4.1437,4.15306,4.16242,4.1717699999999995,4.18112,4.1904699999999995,4.19981,4.20915,4.21849,4.2278400000000005,4.23722,4.24662,4.27997,4.2928,4.3055,4.31809,4.33061,4.34312,4.35577,4.3609800000000005,4.36596,4.3712,4.3764,4.38155
2M19253263+4159249,3.0192200000000002,3.06725,3.12278,3.14125,3.26687,3.33989,3.39014,3.44275,3.50631,3.5491699999999997,3.55786,3.56996,3.5843300000000005,3.6483800000000004,3.6553,3.66214,3.6689,3.67559,3.6822199999999996,3.68879,3.6953099999999997,3.7017800000000003,3.7082,3.71458,3.7209199999999996,3.7272199999999995,3.73349,3.73973,3.74595,3.75213,3.7583,3.76444,3.7705599999999997,3.7766599999999997,3.78274,3.7888,3.79485,3.8008900000000003,3.80691,3.9699400000000002,4.02846,4.03423,4.03998,4.045730000000001,4.05146,4.05719,4.06289,4.06859,4.074269999999999,4.079940000000001,4.08812,4.09666,4.1052599999999995,4.11393,4.12266,4.1314400000000004,4.14025,4.1491,4.15797,4.16686,4.1757599999999995,4.18468,4.1936,4.20254,4.21149,4.22045,4.22944,4.23845,4.24749,4.28911,4.30152,4.31383,4.32605,4.33822,4.35036,4.362509999999999,4.37472,4.38819,4.401619999999999,4.40676,4.4118699999999995
2M19255247+4020378,3.06411,3.0937900000000003,3.17912,3.19856,3.31839,3.3903199999999996,3.44185,3.4954699999999996,3.55948,3.60974,3.61898,3.63024,3.6435800000000005,3.69478,3.70195,3.70897,3.7158900000000004,3.7227099999999997,3.72945,3.7361199999999997,3.7427300000000003,3.7492900000000002,3.7558,3.7622699999999996,3.76871,3.7751099999999997,3.7814699999999997,3.78781,3.7941300000000004,3.80042,3.8066800000000005,3.8129199999999996,3.81914,3.8254099999999998,3.83154,3.83765,3.84374,3.8498,3.85584,4.01507,4.02608,4.03188,4.03794,4.04571,4.05358,4.06157,4.0696699999999995,4.07788,4.0862,4.09462,4.10313,4.1117300000000006,4.1204,4.12913,4.137919999999999,4.14675,4.15563,4.16453,4.17345,4.1824,4.19135,4.20032,4.20929,4.2182699999999995,4.22726,4.236269999999999,4.24529,4.25433,4.2634099999999995,4.31462,4.32712,4.33951,4.3518099999999995,4.36406,4.37628,4.3885,4.40077,4.41547,4.43056,4.43649,4.44152
2M19330298+4121544,2.9868099999999997,3.03474,3.08913,3.10557,3.24246,3.3144,3.36027,3.4075699999999998,3.46466,3.51799,3.5412199999999996,3.5533099999999997,3.5688800000000005,3.6399800000000004,3.64689,3.65372,3.6604699999999997,3.6671400000000003,3.67375,3.6803,3.6867900000000002,3.6932300000000002,3.69962,3.7059699999999998,3.7122800000000002,3.71855,3.72479,3.731,3.7371800000000004,3.7433300000000003,3.74946,3.75556,3.76165,3.7677199999999997,3.77377,3.77981,3.7858300000000003,3.79184,3.79785,3.95211,4.04655,4.05229,4.05802,4.06374,4.06947,4.0751800000000005,4.0809,4.0866,4.0923,4.098,4.10369,4.109369999999999,4.11667,4.12511,4.13361,4.14215,4.15073,4.1593599999999995,4.16801,4.17668,4.18539,4.19411,4.20285,4.21162,4.22041,4.22923,4.238090000000001,4.24699,4.25594,4.291,4.30296,4.31485,4.32671,4.33854,4.35039,4.36229,4.3743099999999995,4.3852400000000005,4.38981,4.39436,4.39888
2M18455585+4712289,3.08937,3.11116,3.21136,3.23162,3.30924,3.3795599999999997,3.4308300000000003,3.4830699999999997,3.5442699999999996,3.6231199999999997,3.64022,3.65081,3.6635400000000002,3.70491,3.7124800000000002,3.7198800000000003,3.7271300000000003,3.73425,3.7412699999999997,3.7482,3.75504,3.7618099999999997,3.7685199999999996,3.77516,3.78175,3.78829,3.7947800000000003,3.8012300000000003,3.80764,3.8140199999999997,3.82036,3.8266699999999996,3.83295,3.84186,3.8480199999999996,3.85416,3.86027,3.86636,3.8724199999999995,3.99833,4.004230000000001,4.0101,4.04327,4.05053,4.05789,4.06535,4.0729,4.08055,4.0883,4.09614,4.10407,4.11209,4.12017,4.12833,4.13656,4.14484,4.153169999999999,4.16155,4.16996,4.1784099999999995,4.18688,4.19538,4.2039,4.21244,4.221,4.22958,4.23819,4.24682,4.25549,4.31489,4.3269,4.33885,4.35073,4.36257,4.37439,4.3862,4.39804,4.4131800000000005,4.42804,4.4426,4.4570099999999995
2M19233947+4217116,2.94988,3.00905,3.02433,3.04029,3.19113,3.2859599999999998,3.31604,3.34384,3.37815,3.42695,3.45749,3.4733699999999996,3.49064,3.57639,3.5842300000000002,3.5918900000000002,3.5993699999999995,3.6066800000000003,3.6138199999999996,3.6208199999999997,3.6276800000000002,3.6344199999999995,3.64106,3.6476,3.65406,3.6604400000000004,3.66676,3.6730099999999997,3.6792199999999995,3.6853800000000003,3.6915,3.6975800000000003,3.7036300000000004,3.70965,3.71565,3.7216199999999997,3.72758,3.73351,3.73944,3.8926800000000004,4.04851,4.05411,4.0597199999999996,4.06533,4.07095,4.07658,4.0822199999999995,4.08787,4.09354,4.09924,4.10495,4.1107,4.11646,4.12226,4.12809,4.13395,4.13984,4.14576,4.15171,4.1576900000000006,4.16369,4.16971,4.17574,4.18302,4.19229,4.201569999999999,4.21087,4.22021,4.2296,4.2497300000000005,4.26236,4.2749,4.28735,4.29976,4.312180000000001,4.320130000000001,4.32492,4.329680000000001,4.33443,4.33914,4.3438300000000005
2M19324327+4137039,3.13832,3.1528,3.17829,3.20316,3.25717,3.3165,3.36745,3.42343,3.4952699999999997,3.5990800000000003,3.6595699999999995,3.68758,3.69699,3.7078,3.7163,3.7245699999999995,3.73264,3.74053,3.7482800000000003,3.7558800000000003,3.76335,3.77071,3.77797,3.78513,3.7922,3.7991900000000003,3.8061,3.81293,3.8197,3.8264099999999996,3.83305,3.8412900000000003,3.8561199999999998,3.86239,3.86861,3.8748099999999996,3.88098,3.88712,3.8932300000000004,3.90631,3.9123699999999997,3.91839,3.9910699999999997,4.03589,4.04191,4.04796,4.0540400000000005,4.0601400000000005,4.06628,4.07245,4.07865,4.084890000000001,4.09117,4.09748,4.10384,4.1102300000000005,4.11667,4.12314,4.12965,4.13621,4.1428,4.14942,4.15609,4.16279,4.1695199999999994,4.17628,4.18308,4.18992,4.19678,4.2758,4.285,4.29425,4.30354,4.312869999999999,4.32223,4.3316300000000005,4.34105,4.35665,4.37151,4.3855900000000005,4.39905
2M19360227+4252507,3.04201,3.09314,3.14871,3.1676,3.3093800000000004,3.38481,3.4373199999999997,3.4931300000000003,3.55778,3.58206,3.59075,3.60265,3.61628,3.67444,3.6814400000000003,3.68835,3.69518,3.70192,3.7086,3.7152199999999995,3.72177,3.7282699999999998,3.7347300000000003,3.7411300000000005,3.7475,3.7538300000000002,3.76013,3.7663900000000003,3.7726300000000004,3.77883,3.78502,3.79118,3.7973199999999996,3.80344,3.80955,3.81564,3.82171,3.8277699999999997,3.83382,4.00269,4.03228,4.0381,4.04392,4.04972,4.0555,4.06128,4.06704,4.07279,4.078530000000001,4.08425,4.0915300000000006,4.10049,4.10952,4.118609999999999,4.12775,4.13693,4.14613,4.15536,4.1646,4.17384,4.18309,4.19234,4.20159,4.21084,4.2201,4.22936,4.238630000000001,4.24792,4.25725,4.30122,4.31404,4.32673,4.33933,4.35185,4.36434,4.3768400000000005,4.39043,4.40055,4.405819999999999,4.41106,4.41625
2M19263381+4114277,
2M19571668+4123047,3.0768400000000002,3.10232,3.19556,3.21565,3.29135,3.3613199999999996,3.4121,3.46379,3.52437,3.6025099999999997,3.6206199999999997,3.6314599999999997,3.6446,3.6899,3.6974099999999996,3.70475,3.71195,3.71904,3.72601,3.7329,3.7397099999999996,3.74645,3.7531199999999996,3.7597400000000003,3.7663,3.77282,3.77929,3.7857199999999995,3.7921099999999996,3.7984699999999996,3.8048,3.81109,3.81736,3.8260099999999997,3.8321699999999996,3.8383,3.8444,3.85048,3.8565400000000003,3.99736,4.00325,4.0091,4.03806,4.046819999999999,4.05411,4.0615,4.068980000000001,4.07656,4.08424,4.092,4.09985,4.10778,4.1157900000000005,4.12387,4.13202,4.140219999999999,4.14848,4.15678,4.165109999999999,4.17349,4.18189,4.19032,4.19877,4.2072400000000005,4.21574,4.22425,4.2328,4.24137,4.249969999999999,4.307230000000001,4.31916,4.33102,4.34282,4.35458,4.3663099999999995,4.37804,4.3898,4.40495,4.41976,4.43425,4.448580000000001
2M19220642+3808347,2.96548,3.03192,3.04773,3.06433,3.2119,3.2970800000000002,3.34294,3.37259,3.40976,3.4618599999999997,3.4814300000000005,3.4964,3.51292,3.5935,3.60103,3.6084,3.61562,3.62269,3.62964,3.63646,3.64318,3.6498,3.65633,3.66279,3.6691800000000003,3.67551,3.6817800000000003,3.68801,3.6942,3.70034,3.70645,3.71253,3.71858,3.7246099999999998,3.73061,3.7366,3.7425699999999997,3.74853,3.7544699999999995,3.91249,4.0422199999999995,4.04787,4.05352,4.0591800000000005,4.06484,4.07051,4.07619,4.08188,4.0875900000000005,4.09331,4.0990400000000005,4.1048,4.11057,4.11635,4.12215,4.1279699999999995,4.1338,4.13965,4.1455,4.1513599999999995,4.15946,4.16861,4.17776,4.18693,4.1961,4.2053,4.21451,4.2237599999999995,4.23306,4.25855,4.27114,4.2836099999999995,4.29601,4.3083599999999995,4.32069,4.333069999999999,4.34112,4.34585,4.350569999999999,4.3552599999999995,4.35993
2M19384178+4204321,2.97552,3.04755,3.0657200000000002,3.08208,3.22789,3.3080199999999995,3.3562300000000005,3.39951,3.4368300000000005,3.4882699999999995,3.5112,3.52485,3.5409,3.61692,3.62416,3.6312699999999998,3.63827,3.64515,3.65193,3.65861,3.6652199999999997,3.67175,3.67821,3.68462,3.69096,3.69726,3.7035199999999997,3.70974,3.71591,3.72206,3.7281800000000005,3.7342699999999995,3.74034,3.7463900000000003,3.75242,3.75843,3.7644300000000004,3.77043,3.77641,3.93347,4.04522,4.05093,4.05664,4.06236,4.06808,4.07381,4.07955,4.0853,4.09105,4.09682,4.1026,4.10839,4.11418,4.1199900000000005,4.1258,4.13162,4.13744,4.14446,4.15341,4.162380000000001,4.17137,4.18037,4.18939,4.19842,4.20747,4.21654,4.22564,4.234780000000001,4.2439800000000005,4.27294,4.2853,4.2975699999999994,4.30978,4.32196,4.3341400000000005,4.34638,4.3568,4.36153,4.366230000000001,4.37091,4.37556
2M19063321+3929164,3.0504700000000002,3.08448,3.16295,3.1825099999999997,3.26025,3.3297800000000004,3.37944,3.42996,3.48935,3.56621,3.5850800000000005,3.59637,3.6103099999999997,3.66347,3.6708199999999995,3.6780199999999996,3.68509,3.6920599999999997,3.6989300000000003,3.70572,3.71244,3.71909,3.72569,3.73224,3.73874,3.7452,3.7516199999999995,3.758,3.76435,3.7706800000000005,3.7769699999999995,3.78324,3.78948,3.7974,3.8035400000000004,3.80966,3.81576,3.8218300000000003,3.8278800000000004,3.97116,4.004980000000001,4.0108,4.0166,4.0406699999999995,4.04789,4.0552,4.0626,4.0701,4.0776900000000005,4.085369999999999,4.09313,4.100969999999999,4.1089,4.11689,4.1249400000000005,4.1330599999999995,4.14123,4.14944,4.1576900000000006,4.16598,4.17431,4.18266,4.1910300000000005,4.19943,4.20785,4.2163,4.2247699999999995,4.23327,4.24181,4.29409,4.30589,4.31762,4.3293099999999995,4.34095,4.352580000000001,4.3642,4.375859999999999,4.38961,4.40439,4.41884,4.43312
2M19275056+4225588,3.0586,3.08888,3.17393,3.19346,3.2731,3.34254,3.3921300000000003,3.44251,3.5016300000000005,3.57806,3.6004400000000003,3.6114599999999997,3.6251900000000004,3.6756800000000003,3.6830800000000004,3.69032,3.69743,3.7044300000000003,3.7113300000000002,3.71815,3.7249,3.73158,3.7382,3.7447699999999995,3.75129,3.75777,3.76421,3.77061,3.7769699999999995,3.7833099999999997,3.7896099999999997,3.79589,3.80214,3.81032,3.8164599999999997,3.82259,3.82869,3.8347599999999997,3.84082,3.9822699999999998,4.00749,4.013319999999999,4.02516,4.0460400000000005,4.0532900000000005,4.060630000000001,4.06806,4.07559,4.08321,4.09092,4.09872,4.1066,4.11455,4.12258,4.130669999999999,4.138809999999999,4.14701,4.15526,4.16355,4.171869999999999,4.180219999999999,4.1886,4.197,4.205430000000001,4.2138800000000005,4.22236,4.2308699999999995,4.2394,4.24797,4.30185,4.31367,4.325419999999999,4.33713,4.3488,4.3604400000000005,4.3721,4.383780000000001,4.39612,4.41095,4.42547,4.439830000000001
2M19480452+5024323,3.03365,3.07183,3.14378,3.16264,3.24685,3.31598,3.36427,3.41325,3.47093,3.5457400000000003,3.57119,3.58249,3.59697,3.65449,3.6617300000000004,3.6688300000000003,3.67581,3.68269,3.68949,3.69622,3.7028800000000004,3.70948,3.7160300000000004,3.7225300000000003,3.72899,3.7354199999999995,3.7418099999999996,3.74816,3.75449,3.76079,3.76707,3.7733199999999996,3.77955,3.78701,3.79315,3.79927,3.80536,3.81144,3.8174900000000003,3.96044,4.0116,4.01741,4.0231900000000005,4.04235,4.04954,4.05682,4.06419,4.07166,4.079219999999999,4.086869999999999,4.0946,4.10241,4.1103,4.11826,4.12628,4.13437,4.1425,4.15068,4.1589,4.16716,4.17546,4.1837800000000005,4.192130000000001,4.2005,4.2089099999999995,4.21734,4.2258,4.2342900000000006,4.24282,4.29179,4.30349,4.31514,4.32674,4.33831,4.34986,4.36143,4.3730400000000005,4.38472,4.39743,4.411969999999999,4.42635
2M19432625+4756222,3.1143099999999997,3.13163,3.2119400000000002,3.24336,3.3253199999999996,3.3849099999999996,3.4163900000000003,3.4635800000000003,3.5217400000000003,3.5958699999999997,3.66305,3.6726300000000003,3.6846900000000002,3.7143300000000004,3.72231,3.7300800000000005,3.73768,3.74514,3.7524599999999997,3.75967,3.7667800000000002,3.77379,3.7807199999999996,3.78758,3.7943599999999997,3.8010800000000002,3.8077400000000003,3.81434,3.8208900000000003,3.8274,3.83386,3.8402800000000004,3.8521900000000002,3.8584099999999997,3.86461,3.8707800000000003,3.8769199999999997,3.88305,3.8891400000000003,3.9704699999999997,3.97645,3.9824,4.040369999999999,4.052230000000001,4.05906,4.06596,4.07294,4.0799900000000004,4.08712,4.09432,4.10161,4.10896,4.11639,4.12389,4.13145,4.139069999999999,4.14675,4.15448,4.16226,4.1700800000000005,4.17795,4.18585,4.19378,4.20175,4.20975,4.21778,4.22584,4.2339400000000005,4.2420599999999995,4.309819999999999,4.32109,4.33234,4.34356,4.35476,4.36595,4.37715,4.38837,4.40315,4.418,4.43239,4.44648
2M19415676+5100486,3.0992,3.11847,3.20168,3.23042,3.27865,3.336,3.36502,3.41375,3.4693099999999997,3.5398699999999996,3.62996,3.63942,3.6523,3.68532,3.69335,3.7011800000000004,3.7088400000000004,3.71634,3.7237199999999997,3.7309699999999997,3.73812,3.74517,3.7521400000000003,3.75903,3.7658400000000003,3.77259,3.77927,3.7859,3.79247,3.7989900000000003,3.80546,3.81189,3.82458,3.8307900000000004,3.8369800000000005,3.84314,3.8492699999999997,3.8553800000000003,3.8614599999999997,3.9548300000000003,3.9607900000000003,3.9667199999999996,4.0061800000000005,4.04548,4.05197,4.05851,4.06511,4.07177,4.07849,4.0852699999999995,4.0921199999999995,4.09903,4.106,4.11303,4.1201300000000005,4.127280000000001,4.13448,4.14174,4.14905,4.15641,4.1638,4.17124,4.178719999999999,4.18623,4.19378,4.20136,4.20898,4.21663,4.22431,4.29181,4.30239,4.31299,4.323580000000001,4.33418,4.34478,4.35539,4.36603,4.3812,4.3959,4.41005,4.42379
2M19315309+4102087,3.0200299999999998,3.06747,3.12403,3.14276,3.25355,3.3254599999999996,3.37532,3.42708,3.4892,3.5454,3.55456,3.56661,3.5811300000000004,3.64434,3.6511699999999996,3.6579300000000003,3.6646300000000003,3.67127,3.67786,3.6844,3.6909,3.69735,3.7037699999999996,3.71014,3.7164900000000003,3.7228,3.72908,3.7353300000000003,3.7415599999999998,3.74776,3.75395,3.7601,3.7662400000000003,3.77236,3.77846,3.78455,3.79061,3.7966599999999997,3.80269,3.96167,4.02091,4.026680000000001,4.03244,4.0381800000000005,4.0439099999999994,4.04962,4.0553099999999995,4.06158,4.0696699999999995,4.077780000000001,4.08599,4.09428,4.10265,4.11108,4.11958,4.12812,4.1367199999999995,4.14534,4.154,4.1626900000000004,4.1714,4.18012,4.18886,4.19762,4.20639,4.21519,4.224,4.23284,4.24172,4.28484,4.29706,4.3091800000000005,4.32124,4.33324,4.34521,4.35719,4.36921,4.38285,4.39773,4.41255,4.417619999999999
2M19294013+4125007,3.0289200000000003,3.07228,3.13524,3.1541200000000003,3.26555,3.3372599999999997,3.3873599999999997,3.4393199999999995,3.5015699999999996,3.55796,3.56715,3.5790300000000004,3.5933800000000002,3.65432,3.6613300000000004,3.66822,3.67499,3.68163,3.6882099999999998,3.69475,3.70125,3.70771,3.7141300000000004,3.7205199999999996,3.72687,3.73319,3.73949,3.74575,3.75199,3.75821,3.76441,3.7705800000000003,3.77673,3.78286,3.7889699999999995,3.7950699999999995,3.80114,3.8071900000000003,3.8132300000000003,3.9719599999999997,4.02169,4.02747,4.03324,4.0389800000000005,4.04471,4.05041,4.05727,4.0652800000000004,4.07333,4.0814900000000005,4.08973,4.09806,4.10646,4.11493,4.123469999999999,4.13205,4.14067,4.1493400000000005,4.15803,4.16675,4.17549,4.18424,4.19301,4.2018,4.2106,4.21941,4.22825,4.23712,4.24602,4.29093,4.30318,4.31534,4.3274300000000006,4.33946,4.351459999999999,4.3634699999999995,4.37552,4.38927,4.40415,4.41812,4.42317
2M19312961+4257580,2.9222,2.94426,3.00861,3.03349,3.16479,3.25714,3.29009,3.3148800000000005,3.34482,3.38657,3.44444,3.4601599999999997,3.4778800000000003,3.5672800000000002,3.57502,3.58262,3.59006,3.59735,3.6045,3.61151,3.6184,3.62517,3.63184,3.63841,3.64489,3.6513,3.6576400000000002,3.6639199999999996,3.67015,3.6763199999999996,3.68245,3.68854,3.6946,3.7006300000000003,3.70663,3.7126,3.7185599999999996,3.7244900000000003,3.7304199999999996,3.87925,4.05503,4.06062,4.06621,4.07179,4.07739,4.082990000000001,4.0886,4.0942300000000005,4.099880000000001,4.10555,4.1112400000000004,4.116969999999999,4.122730000000001,4.12852,4.13435,4.14021,4.14613,4.152080000000001,4.15808,4.16412,4.17021,4.17635,4.182519999999999,4.1887300000000005,4.19497,4.20277,4.21186,4.221,4.2302,4.248069999999999,4.258769999999999,4.27091,4.28301,4.29509,4.3072099999999995,4.31682,4.3216,4.32637,4.3311,4.3358,4.34047
2M18495813+4358487,3.08908,3.10565,3.1297599999999997,3.16702,3.20467,3.2515,3.29659,3.3746300000000002,3.46063,3.4849099999999997,3.5921800000000004,3.67633,3.68434,3.6921699999999995,3.69984,3.70738,3.7148,3.72211,3.7293300000000005,3.73644,3.7434800000000004,3.75044,3.7573199999999995,3.7641400000000003,3.7709,3.80871,3.8151699999999997,3.82159,3.82796,3.83429,3.84058,3.84683,3.85895,3.86501,3.8710400000000003,3.8770599999999997,3.88305,3.8890300000000004,3.895,3.90096,3.90691,3.91286,3.9188,3.98791,3.9937300000000002,3.99956,4.0054,4.01126,4.01714,4.02303,4.02893,4.03486,4.0408,4.04676,4.05274,4.058730000000001,4.06475,4.07078,4.07683,4.08289,4.08898,4.09508,4.1012,4.10734,4.1134900000000005,4.119669999999999,4.12587,4.1321,4.13835,4.21454,4.22231,4.23015,4.23805,4.24602,4.25404,4.2621199999999995,4.27027,4.278490000000001,4.28679,4.29517,4.30365
2M19342073+4255440,2.83048,2.8841200000000002,2.89783,2.95098,3.00101,3.0897200000000002,3.11116,3.12777,3.1492,3.22725,3.30168,3.3197300000000003,3.3392199999999996,3.4470099999999997,3.45494,3.46277,3.4705,3.47811,3.4856,3.49298,3.50025,3.5074,3.5144599999999997,3.5214199999999996,3.52828,3.5350699999999997,3.5417699999999996,3.54841,3.5549800000000005,3.56149,3.56795,3.57436,3.5807300000000004,3.58705,3.59334,3.5996,3.60583,3.6120300000000003,3.61821,3.7489199999999996,3.9917599999999998,4.04623,4.05301,4.0597,4.066319999999999,4.0728800000000005,4.0793800000000005,4.08584,4.09226,4.09866,4.10503,4.11139,4.11775,4.1241,4.13046,4.13684,4.14323,4.1565,4.16284,4.16924,4.17572,4.18229,4.18895,4.19571,4.20258,4.209569999999999,4.21671,4.22398,4.23108,4.23527,4.2394300000000005,4.24359,4.247730000000001,4.25186,4.25598,4.26008,4.2641800000000005,4.26825,4.27232,4.2763800000000005,4.2804199999999994
2M19343286+4249298,3.00793,3.06142,3.1085700000000003,3.1267,3.2585599999999997,3.33265,3.38277,3.43552,3.49245,3.53444,3.54335,3.55608,3.57081,3.63816,3.64517,3.65208,3.6589,3.6656400000000002,3.67231,3.6789099999999997,3.68545,3.69193,3.6983599999999996,3.70474,3.7110800000000004,3.71737,3.72364,3.7298699999999996,3.7360599999999997,3.7422400000000002,3.7483800000000005,3.7545,3.7606,3.7666800000000005,3.77274,3.7787900000000003,3.78482,3.79084,3.79684,3.96104,4.0315,4.03725,4.0429900000000005,4.04873,4.05446,4.06018,4.0658900000000004,4.0716,4.0772900000000005,4.08298,4.08866,4.09432,4.10219,4.110930000000001,4.11972,4.12856,4.13743,4.14634,4.15527,4.16421,4.17317,4.18214,4.19112,4.20011,4.20911,4.21813,4.22716,4.236219999999999,4.2453199999999995,4.2839599999999995,4.29641,4.30875,4.32102,4.33323,4.34541,4.35761,4.36986,4.38282,4.39185,4.3970400000000005,4.40218
2M19491018+4958538,3.00604,3.0607900000000003,3.10596,3.12384,3.2678,3.34321,3.39362,3.4471199999999995,3.4925300000000004,3.5347,3.5438,3.5569599999999997,3.5718099999999997,3.64015,3.6472599999999997,3.65426,3.66115,3.66795,3.67467,3.68131,3.6878699999999998,3.69438,3.7008199999999998,3.7072199999999995,3.7135599999999998,3.71987,3.7261300000000004,3.73236,3.73855,3.7447199999999996,3.75085,3.75697,3.76306,3.76913,3.77518,3.78122,3.78724,3.79325,3.79924,3.9658800000000003,4.03777,4.0435099999999995,4.04924,4.05497,4.0607,4.06642,4.07214,4.07786,4.08357,4.08927,4.09497,4.1006599999999995,4.10634,4.1128,4.12178,4.1308,4.13985,4.14893,4.15802,4.16713,4.17624,4.18536,4.19448,4.20361,4.21275,4.22189,4.23106,4.24025,4.24948,4.286569999999999,4.29916,4.31163,4.32402,4.33635,4.34866,4.3609800000000005,4.37338,4.381069999999999,4.38607,4.391290000000001,4.39647
2M19344300+4651099,3.16057,3.1886799999999997,3.20791,3.23278,3.4170199999999995,3.47934,3.53761,3.6055900000000003,3.69553,3.7197400000000003,3.75704,3.76611,3.77525,3.78654,3.7945900000000004,3.8024199999999997,3.81008,3.8175800000000004,3.8249400000000002,3.83219,3.8393300000000004,3.8463800000000004,3.85334,3.8602300000000005,3.86706,3.87382,3.8805199999999997,3.8871800000000003,3.89379,3.90036,3.90689,3.91338,3.91984,3.93143,3.9377199999999997,3.9439800000000003,3.95022,3.95644,3.96264,3.97905,3.9851900000000002,3.9913199999999995,4.04908,4.056369999999999,4.06376,4.07123,4.07881,4.08648,4.09424,4.1020900000000005,4.11003,4.11805,4.12615,4.13432,4.14256,4.15086,4.15921,4.16761,4.17605,4.1845300000000005,4.19304,4.20158,4.21015,4.21874,4.22736,4.23601,4.24469,4.2533900000000004,4.2621400000000005,4.33365,4.34581,4.3579,4.36995,4.38197,4.3939699999999995,4.4059800000000005,4.41803,4.43093,4.44638,4.46149,4.47641
2M19071403+4918590,3.09082,3.11272,3.21155,3.23425,3.27345,3.3421800000000004,3.3924,3.44271,3.50083,3.5752099999999998,3.6287300000000005,3.6390300000000004,3.65184,3.6904800000000004,3.6982800000000005,3.7058800000000005,3.7133300000000005,3.72064,3.7278300000000004,3.73492,3.74191,3.7488099999999998,3.75564,3.7624,3.7690900000000003,3.7757199999999997,3.7823,3.7888300000000004,3.79532,3.80176,3.80816,3.81452,3.82424,3.8315099999999997,3.83768,3.84383,3.84995,3.85605,3.8621199999999996,3.97706,3.9829800000000004,3.9888800000000004,4.0255,4.047630000000001,4.05451,4.06146,4.06849,4.0756,4.08279,4.09005,4.0974,4.10482,4.11231,4.11988,4.12751,4.135190000000001,4.14294,4.15074,4.158580000000001,4.1664699999999995,4.17439,4.18235,4.19035,4.19837,4.20642,4.21451,4.22262,4.23076,4.23894,4.3017900000000004,4.31313,4.32444,4.335719999999999,4.34697,4.358219999999999,4.36946,4.380730000000001,4.3960300000000005,4.41078,4.4251,4.4391300000000005
2M19421779+4248231,3.037,3.07678,3.14435,3.1631099999999996,3.30029,3.3736599999999997,3.4250199999999995,3.4791300000000005,3.54452,3.57574,3.5843800000000003,3.5962300000000003,3.61007,3.66986,3.6768099999999997,3.6836699999999998,3.69045,3.69717,3.70382,3.7104,3.71694,3.7234199999999995,3.72985,3.73624,3.7426,3.74891,3.7551900000000002,3.76145,3.76767,3.77386,3.7800300000000004,3.7861800000000003,3.79231,3.79841,3.8045,3.81057,3.81662,3.82266,3.82867,3.9953800000000004,4.033440000000001,4.039219999999999,4.044980000000001,4.050730000000001,4.05647,4.06219,4.0679,4.07359,4.079269999999999,4.08616,4.09488,4.103680000000001,4.11255,4.1214900000000005,4.13047,4.1395,4.14855,4.15763,4.16673,4.17584,4.18495,4.19407,4.20319,4.21232,4.22145,4.23059,4.23974,4.24892,4.25813,4.30242,4.31505,4.32757,4.33999,4.35235,4.36468,4.37701,4.389419999999999,4.40329,4.40845,4.41357,4.41866
2M19155629+4003522,3.10029,3.1198900000000003,3.20607,3.23595,3.29282,3.3327199999999997,3.37908,3.42846,3.485,3.55694,3.6354599999999997,3.64521,3.65786,3.69147,3.69945,3.7072300000000005,3.71483,3.72229,3.7296199999999997,3.7368300000000003,3.74395,3.75096,3.7579,3.76475,3.7715400000000003,3.77826,3.78491,3.79152,3.7980699999999996,3.8045699999999996,3.81103,3.81744,3.8296099999999997,3.8358199999999996,3.8420099999999997,3.8481699999999996,3.8543,3.86041,3.86649,3.9622699999999997,3.9682199999999996,3.97415,4.0163,4.04729,4.05391,4.06059,4.06734,4.07415,4.08104,4.0879900000000005,4.09501,4.1021,4.10925,4.11647,4.12375,4.1311,4.13849,4.14595,4.15345,4.16099,4.16858,4.17621,4.18388,4.19158,4.19931,4.20708,4.21488,4.22271,4.230580000000001,4.2971900000000005,4.30806,4.31893,4.32979,4.3406400000000005,4.35149,4.36235,4.37323,4.3884,4.4031400000000005,4.4173599999999995,4.43121
Sun,3.03357,3.07501,3.1410099999999996,3.16005,3.26837,3.33985,3.39006,3.4420599999999997,3.50421,3.56261,3.5718400000000003,3.58364,3.5978800000000004,3.65745,3.6645,3.6714300000000004,3.67826,3.685,3.69167,3.6982800000000005,3.7048400000000004,3.71135,3.71781,3.72425,3.73061,3.73695,3.74325,3.7495300000000005,3.75578,3.76201,3.76822,3.7744,3.7805699999999995,3.78671,3.7928300000000004,3.7989300000000004,3.80501,3.81106,3.8171,3.97476,4.02006,4.0258400000000005,4.0316,4.03734,4.04306,4.05047,4.05829,4.06621,4.0742400000000005,4.0823599999999995,4.09058,4.09887,4.10725,4.11569,4.1241900000000005,4.13275,4.14135,4.14998,4.15865,4.16734,4.17606,4.1847900000000005,4.19353,4.2022900000000005,4.211069999999999,4.219869999999999,4.228680000000001,4.2375300000000005,4.2464,4.29251,4.30474,4.31689,4.3289599999999995,4.3409699999999996,4.3529599999999995,4.36495,4.3769800000000005,4.39109,4.40594,4.42059,4.42704
2M19285614+4134307,2.8963400000000004,1.36453
2M19351595+4212449,2.85375,2.86428,0.0001,2.99241,3.02596,3.03694,3.0575200000000002,3.0855799999999998,3.1133599999999997,3.13195,3.2092400000000003,3.30075,3.32364,3.4364199999999996,3.44361,3.45074,3.45782,3.46483,3.4717800000000003,3.4786699999999997,3.4855,3.4922699999999995,3.4989800000000004,3.50564,3.5122400000000003,3.51879,3.5253,3.53175,3.5381699999999996,3.54454,3.5508699999999997,3.5571599999999997,3.56342,3.56965,3.57585,3.5820199999999995,3.58817,3.59429,3.6004,3.6545900000000002,3.88626,4.03348,4.04016,4.04676,4.0533,4.05978,4.06621,4.07259,4.07894,4.08526,4.09155,4.09782,4.104080000000001,4.11034,4.11659,4.12285,4.1291199999999995,4.14814,4.15425,4.160419999999999,4.16665,4.17295,4.17932,4.18579,4.19235,4.1990099999999995,4.20578,4.21269,4.21972,4.22692,4.2342699999999995,4.24181,4.24956,4.25753,4.2622599999999995,4.2663400000000005,4.2704,4.27445,4.27848,4.28251,4.286519999999999
2M19322220+4121198,2.8345599999999997,2.8536900000000003,2.90632,2.9346200000000002,3.004,3.1147400000000003,3.13937,3.16119,3.18158,3.26349,3.3136699999999997,3.33259,3.3519099999999997,3.45848,3.46674,3.4748699999999997,3.4828699999999997,3.49071,3.49841,3.5059699999999996,3.51338,3.5206699999999995,3.5278300000000002,3.5348800000000002,3.5418300000000005,3.5486800000000005,3.55545,3.5621400000000003,3.5687599999999997,3.57531,3.58181,3.58826,3.5946599999999997,3.60103,3.60735,3.61364,3.61991,3.6261400000000004,3.63236,3.7688,4.0133,4.0557,4.0625,4.06921,4.07585,4.08244,4.08897,4.09546,4.10192,4.10836,4.11477,4.121180000000001,4.1275900000000005,4.134,4.14043,4.14687,4.15334,4.16257,4.16903,4.17556,4.182169999999999,4.18888,4.19569,4.2026,4.20964,4.21681,4.223319999999999,4.2275599999999995,4.2317800000000005,4.23599,4.24019,4.24437,4.24854,4.25269,4.25684,4.2609699999999995,4.26508,4.26919,4.273280000000001,4.27736,4.28143
2M19284485+4143373,2.92165,2.97296,2.98739,3.0021299999999997,3.1402,3.24342,3.26708,3.2921,3.3218699999999997,3.36481,3.41687,3.4336300000000004,3.4519300000000004,3.54543,3.55356,3.56152,3.5693099999999998,3.5769300000000004,3.58439,3.59168,3.59881,3.60581,3.61268,3.61942,3.62606,3.6326,3.63905,3.64543,3.65173,3.6579699999999997,3.66416,3.6703,3.67639,3.68245,3.6884699999999997,3.69446,3.70042,3.7063699999999997,3.7122900000000003,3.85429,4.0547,4.06027,4.06583,4.07139,4.07695,4.08251,4.088080000000001,4.0936699999999995,4.09927,4.10489,4.110530000000001,4.11621,4.12191,4.12766,4.13344,4.13927,4.14515,4.15108,4.15707,4.163119999999999,4.16922,4.17539,4.18162,4.18792,4.1942699999999995,4.20067,4.20712,4.2136,4.22106,4.2335,4.24601,4.258430000000001,4.27079,4.28313,4.2943,4.299119999999999,4.30393,4.30872,4.31348,4.31821,4.3229
