2M19233947+4217116_BSP_1600_HeFESTo_Input_File.txtHeFESTo_Output_File.txt,3.11964,3.13057,3.14185,3.15224,3.1624,3.17233,3.18205,3.19158,3.20091,3.21007,3.21906,3.22788,3.23655,3.2450799999999997,3.25346,3.26171,3.26983,3.2778300000000002,3.28571,3.2934699999999997,3.30113,3.3086800000000003,3.3161300000000002,3.3234800000000004,3.3308,3.33879,3.34651,3.35406,3.3614599999999997,3.3687199999999997,3.37585,3.3828699999999996,3.3897699999999995,3.39658,3.4033,3.40994,3.41649,3.4229800000000004,3.4294,3.4357599999999997,3.4420699999999997,3.44832,3.45644,3.47707,3.4964800000000005,3.5023199999999997,3.50815,3.514,3.5198699999999996,3.52579,3.53177,3.53784,3.54406,3.55047,3.5571800000000002,3.56429,3.5779699999999997,3.58647,3.59629,3.6082099999999997,3.6236099999999998,3.6397,3.6537599999999997,3.6705699999999997,3.6913099999999996,3.7177800000000003,3.7528099999999998,3.80105,3.8087,3.81311,3.81751,3.8231300000000004,3.8334699999999997,3.84352,3.85325,3.86268,3.87181,3.8806199999999995,3.89141,3.91716,3.93141
2M19330298+4121544_BSP_1600_HeFESTo_Input_File.txtHeFESTo_Output_File.txt,3.1337599999999997,3.14485,3.1545099999999997,3.16398,3.17325,3.1823599999999996,3.1913,3.2000900000000003,3.20872,3.21723,3.22559,3.2338400000000003,3.2419599999999997,3.24998,3.25788,3.26568,3.27338,3.2809800000000005,3.2884900000000004,3.2959099999999997,3.30324,3.3109,3.31886,3.32657,3.3341,3.3414900000000003,3.3487400000000003,3.35587,3.36288,3.3698,3.3766199999999995,3.38335,3.39,3.39658,3.40309,3.4095400000000002,3.4159300000000004,3.4222599999999996,3.4285400000000004,3.4347800000000004,3.44098,3.44714,3.45327,3.47203,3.48484,3.4907,3.4965599999999997,3.50244,3.5083300000000004,3.51427,3.5202699999999996,3.52636,3.5325800000000003,3.53899,3.54566,3.55271,3.61935,3.62724,3.6362300000000003,3.64699,3.66076,3.68,3.69352,3.7097900000000004,3.73012,3.75656,3.78318,3.78761,3.79204,3.79644,3.8008300000000004,3.8052099999999998,3.80957,3.8139199999999995,3.81825,3.82548,3.83399,3.8421800000000004,3.86195,3.8898900000000003,3.9011199999999997
2M19331205+4131240_BSP_1600_HeFESTo_Input_File.txtHeFESTo_Output_File.txt,3.14337,3.1527700000000003,3.16275,3.17177,3.1806400000000004,3.18935,3.19793,3.2063599999999997,3.21467,3.22286,3.23093,3.23889,3.24674,3.25449,3.26214,3.27021,3.27955,3.28845,3.2969800000000005,3.3052099999999998,3.31319,3.32095,3.3285199999999997,3.3359300000000003,3.3432,3.35034,3.35736,3.3642800000000004,3.37111,3.3778599999999996,3.3845199999999998,3.39112,3.3976599999999997,3.40414,3.41056,3.4169400000000003,3.4232699999999996,3.4295699999999996,3.43583,3.4420699999999997,3.44829,3.45476,3.46754,3.4815099999999997,3.48751,3.4935300000000002,3.4995800000000004,3.50569,3.51186,3.51813,3.52454,3.5311199999999996,3.5379400000000003,3.5451,3.5521,3.55937,3.65332,3.66097,3.66919,3.6781699999999997,3.68814,3.69947,3.71271,3.72868,3.7487,3.7697800000000004,3.7742199999999997,3.77865,3.7830699999999995,3.78747,3.79185,3.79622,3.8005699999999996,3.80491,3.8092300000000003,3.81353,3.8178300000000003,3.8234800000000004,3.84862,3.87589,3.8865
2M19004559+4601406_BSP_1600_HeFESTo_Input_File.txtHeFESTo_Output_File.txt,3.13857,3.14905,3.15842,3.16761,3.17663,3.18549,3.1942,3.20277,3.2112,3.2195099999999996,3.22769,3.23575,3.2437099999999996,3.25156,3.2593099999999997,3.2669599999999996,3.27452,3.2819800000000003,3.28937,3.2966699999999998,3.30404,3.312,3.3197,3.32724,3.3346199999999997,3.34186,3.3489800000000005,3.35598,3.36289,3.3697,3.3764300000000005,3.3830699999999996,3.38965,3.39615,3.40259,3.40898,3.4153,3.4215800000000005,3.42781,3.434,3.44015,3.4462699999999997,3.4523699999999997,3.47119,3.48135,3.4872,3.49304,3.4989,3.5047699999999997,3.5106900000000003,3.51666,3.52271,3.5288800000000005,3.5352300000000003,3.5418199999999995,3.5487599999999997,3.63131,3.6389400000000003,3.6475800000000005,3.6578699999999995,3.6709300000000002,3.6850199999999997,3.69745,3.7124099999999998,3.73118,3.75587,3.77817,3.78261,3.78703,3.79143,3.7958199999999995,3.80019,3.80455,3.8088900000000003,3.81322,3.8185,3.82685,3.83486,3.85609,3.88392,3.89784
2M19180152+4522155_BSP_1600_HeFESTo_Input_File.txtHeFESTo_Output_File.txt,3.1548,3.16355,3.17215,3.1806099999999997,3.18894,3.19715,3.2052400000000003,3.2132099999999997,3.2210799999999997,3.22885,3.23651,3.2440900000000004,3.25158,3.2589900000000003,3.26631,3.27356,3.28074,3.28784,3.2952,3.30275,3.3101599999999998,3.3174,3.3245199999999997,3.33152,3.3384300000000002,3.34525,3.35198,3.3586400000000003,3.3652300000000004,3.37175,3.3782099999999997,3.3846199999999995,3.39097,3.39727,3.4035300000000004,3.40974,3.4159,3.4220300000000003,3.42812,3.4341800000000005,3.44021,3.4462099999999998,3.4521900000000003,3.4658800000000003,3.4721,3.47793,3.48375,3.48958,3.4954099999999997,3.50126,3.50715,3.5131,3.51913,3.5252800000000004,3.5316199999999998,3.53822,3.66035,3.67385,3.6814400000000003,3.6902800000000004,3.7013300000000005,3.7167,3.73829,3.7532699999999997,3.75821,3.7626800000000005,3.76714,3.77158,3.776,3.78041,3.7848,3.7891800000000004,3.79354,3.79788,3.8022099999999996,3.8065300000000004,3.81083,3.8195099999999997,3.8432199999999996,3.87123,3.8822900000000002
2M19202447+4815040_BSP_1600_HeFESTo_Input_File.txtHeFESTo_Output_File.txt,3.2868
2M19275056+4225588_BSP_1600_HeFESTo_Input_File.txtHeFESTo_Output_File.txt,3.14908,3.15866,3.1673400000000003,3.1758900000000003,3.1843,3.19259,3.20077,3.20883,3.21679,3.22464,3.2324,3.2400700000000002,3.24764,3.2551400000000004,3.26255,3.26988,3.27714,3.2843199999999997,3.29185,3.2996199999999996,3.3071599999999997,3.31454,3.32177,3.3288800000000003,3.3358800000000004,3.3427800000000003,3.34959,3.3563099999999997,3.3629599999999997,3.36954,3.37605,3.3825,3.38889,3.3952199999999997,3.40151,3.40775,3.41394,3.4201,3.42622,3.4323,3.43835,3.4443699999999997,3.4503699999999995,3.46705,3.4728800000000004,3.4787,3.48452,3.49035,3.4961900000000004,3.50205,3.50797,3.51395,3.52003,3.52625,3.5326800000000005,3.5394,3.65257,3.66626,3.67421,3.6835199999999997,3.69446,3.70376,3.71446,3.7272800000000004,3.7434199999999995,3.76221,3.76666,3.77109,3.7755099999999997,3.7799099999999997,3.78429,3.7886599999999997,3.79302,3.79736,3.80168,3.80599,3.81029,3.8159199999999998,3.84049,3.8688800000000003,3.8852800000000003
2M19342430+4222471_BSP_1600_HeFESTo_Input_File.txtHeFESTo_Output_File.txt,3.15754,3.16728,3.17542,3.1834599999999997,3.1914,3.19924,3.2069900000000002,3.21466,3.2222299999999997,3.22973,3.23715,3.2444900000000003,3.25176,3.2589599999999996,3.26627,3.2741599999999997,3.2818199999999997,3.2892699999999997,3.29656,3.3037099999999997,3.31075,3.31768,3.3245199999999997,3.3312800000000005,3.33797,3.34458,3.3511300000000004,3.35762,3.36406,3.3704400000000003,3.3767699999999996,3.38306,3.3893,3.3955,3.4016599999999997,3.4077900000000003,3.4138800000000002,3.4199300000000004,3.42596,3.4319599999999997,3.43793,3.4438800000000005,3.44982,3.46096,3.46679,3.4726,3.47842,3.48423,3.4900599999999997,3.49592,3.50181,3.5077599999999998,3.5138,3.5199800000000003,3.52633,3.53295,3.6568300000000002,3.6905699999999997,3.69815,3.70695,3.71561,3.72421,3.73406,3.7445800000000005,3.74906,3.7535199999999995,3.75797,3.7624,3.7668199999999996,3.7712199999999996,3.7756,3.7799699999999996,3.78433,3.7886599999999997,3.79299,3.7972900000000003,3.80159,3.80856,3.83172,3.8589599999999997,3.8826199999999997
2M19415676+5100486_BSP_1600_HeFESTo_Input_File.txtHeFESTo_Output_File.txt,3.15619,3.16486,3.17338,3.18174,3.18998,3.19808,3.20607,3.21395,3.22173,3.2294099999999997,3.237,3.24451,3.25192,3.25926,3.26653,3.27372,3.28084,3.28838,3.29604,3.3035300000000003,3.3108400000000002,3.3180199999999997,3.3250800000000003,3.3320300000000005,3.33889,3.3456699999999997,3.35236,3.3589900000000004,3.36555,3.37204,3.37848,3.38487,3.3912,3.3974800000000003,3.40372,3.4099199999999996,3.4160800000000004,3.4222,3.42829,3.43434,3.4403699999999997,3.4463800000000004,3.4523599999999997,3.46507,3.47094,3.4768,3.48265,3.4885099999999998,3.4943800000000005,3.5002800000000005,3.50622,3.5122199999999997,3.5183199999999997,3.5245599999999997,3.531,3.5377300000000003,3.65844,3.67657,3.68442,3.69361,3.70516,3.7212300000000003,3.7450099999999997,3.75129,3.75642,3.7609,3.76535,3.76979,3.77421,3.7786199999999996,3.78301,3.7873900000000003,3.79175,3.79609,3.80042,3.8047400000000002,3.80904,3.81684,3.84026,3.86796,3.8818
2M19263381+4114277_BSP_1600_HeFESTo_Input_File.txtHeFESTo_Output_File.txt,3.1654400000000003,3.17292,3.18034,3.1877,3.195,3.20224,3.20943,3.21656,3.22364,3.23067,3.2376400000000003,3.24457,3.25144,3.25827,3.26505,3.27179,3.2784699999999996,3.2851199999999996,3.2917199999999998,3.2982699999999996,3.30479,3.31126,3.3176900000000002,3.32415,3.33057,3.33693,3.34325,3.3495199999999996,3.35575,3.36195,3.3681,3.3742099999999997,3.38029,3.3863300000000005,3.3923300000000003,3.3983,3.40424,3.41014,3.41601,3.42185,3.42765,3.4334300000000004,3.4391800000000003,3.44489,3.4505800000000004,3.45624,3.46187,3.4674699999999996,3.47307,3.47864,3.4841800000000003,3.4897,3.4952,3.5006699999999995,3.50613,3.51156
2M19071403+4918590_BSP_1600_HeFESTo_Input_File.txtHeFESTo_Output_File.txt,3.1549099999999997,3.16363,3.1722,3.18063,3.18892,3.19708,3.20512,3.21306,3.2208799999999997,3.2286099999999998,3.23624,3.24378,3.25124,3.25861,3.26591,3.27313,3.2802800000000003,3.28735,3.29472,3.3022400000000003,3.30959,3.31681,3.3239,3.3308800000000005,3.33777,3.34456,3.3512800000000005,3.3579199999999996,3.36449,3.371,3.37745,3.38384,3.3901800000000004,3.39647,3.4027199999999995,3.4089199999999997,3.41508,3.4212,3.42728,3.43333,3.43935,3.44535,3.4513199999999995,3.4648,3.47064,3.4764699999999995,3.4822900000000003,3.48811,3.4939400000000003,3.49979,3.5056800000000004,3.5116099999999997,3.5176300000000005,3.52377,3.53009,3.53665,3.6572699999999996,3.6740699999999995,3.6815800000000003,3.69029,3.70115,3.7161800000000005,3.74024,3.7522699999999998,3.75676,3.7612300000000003,3.76568,3.77012,3.77454,3.77895,3.78334,3.7877199999999998,3.7920800000000003,3.79642,3.80075,3.8050699999999997,3.80937,3.8171199999999996,3.8406599999999997,3.8684800000000004,3.8816800000000002
2M19324327+4137039_BSP_1600_HeFESTo_Input_File.txtHeFESTo_Output_File.txt,3.15215,3.16111,3.16989,3.1785099999999997,3.18697,3.19528,3.2034700000000003,3.2115299999999998,3.2194700000000003,3.2273099999999997,3.23504,3.24268,3.25022,3.25768,3.26505,3.27235,3.27956,3.28671,3.2937800000000004,3.30079,3.3077199999999998,3.31506,3.3222699999999996,3.3293699999999995,3.33636,3.34325,3.35005,3.3567699999999996,3.36341,3.3699800000000004,3.37649,3.3829300000000004,3.3893199999999997,3.39566,3.40194,3.4081699999999997,3.41436,3.4205099999999997,3.4266099999999997,3.4326800000000004,3.4387199999999996,3.44472,3.4507,3.4632699999999996,3.47114,3.47696,3.48277,3.4885699999999997,3.4943800000000005,3.5001900000000004,3.5060300000000004,3.51191,3.51785,3.5239,3.53009,3.5365,3.655,3.6635199999999997,3.6707099999999997,3.67898,3.6891599999999998,3.70321,3.72597,3.7547300000000003,3.7597699999999996,3.76425,3.76871,3.77315,3.77757,3.7819800000000003,3.7863800000000003,3.79075,3.79512,3.79947,3.8038,3.8081199999999997,3.81242,3.81965,3.84332,3.8713599999999997,3.8804199999999995
2M19342205+4105425_BSP_1600_HeFESTo_Input_File.txtHeFESTo_Output_File.txt,3.16433,3.17178,3.17917,3.1865099999999997
2M19384178+4204321_BSP_1600_HeFESTo_Input_File.txtHeFESTo_Output_File.txt,3.12851,3.13872,3.14942,3.15917,3.16871,3.17807,3.18725,3.1962599999999997,3.20511,3.21381,3.2223599999999997,3.2307799999999998,3.23906,3.24721,3.25525,3.26317,3.2709799999999998,3.27869,3.28629,3.29379,3.3012,3.3085199999999997,3.31575,3.32314,3.33094,3.3385,3.3459,3.35316,3.3603,3.36732,3.3742300000000003,3.38104,3.3877699999999997,3.3944099999999997,3.40098,3.4074699999999996,3.4139,3.42027,3.4265800000000004,3.43284,3.43905,3.4452199999999995,3.453,3.47336,3.48656,3.4923699999999998,3.49819,3.50401,3.50985,3.5157199999999995,3.52164,3.5276400000000003,3.53376,3.5400400000000003,3.54656,3.5534199999999996,3.60342,3.61113,3.6198699999999997,3.6302800000000004,3.6435199999999996,3.6578199999999996,3.6703300000000003,3.68535,3.7041,3.72853,3.7618,3.79114,3.79556,3.7999699999999996,3.80436,3.80873,3.8130900000000003,3.8214599999999996,3.8308699999999996,3.83995,3.84869,3.8570900000000004,3.87051,3.8966800000000004,3.9151599999999998
2M19274845+4304289_BSP_1600_HeFESTo_Input_File.txtHeFESTo_Output_File.txt,3.15725,3.16572,3.17403,3.1821900000000003,3.19022,3.19814,3.2059599999999997,3.21367,3.22129,3.2288200000000002,3.23627,3.24364,3.25093,3.25815,3.2653,3.27239,3.27941,3.28637,3.2932699999999997,3.3001099999999997,3.3069,3.31374,3.3207199999999997,3.3275900000000003,3.3343800000000003,3.3410900000000003,3.34772,3.35429,3.36079,3.3672400000000002,3.37362,3.37996,3.3862400000000004,3.3924800000000004,3.3986699999999996,3.40481,3.4109199999999995,3.41699,3.4230199999999997,3.42901,3.43497,3.4409,3.4468,3.4577199999999997,3.4635300000000004,3.4693199999999997,3.47508,3.48083,3.4865699999999995,3.49231,3.49805,3.5038,3.50959,3.5154400000000003,3.52136,3.5274300000000003,3.65045,3.67248,3.6787900000000002,3.6857900000000003,3.69405,3.70495,3.7224800000000005,3.73806,3.74411,3.7502199999999997,3.75642,3.7627699999999997,3.7693199999999996,3.77405,3.7784400000000002,3.7828199999999996,3.78718,3.79152,3.79585,3.80016,3.8044599999999997,3.8116,3.83564,3.86365,3.8855800000000005
2M19480452+5024323_BSP_1600_HeFESTo_Input_File.txtHeFESTo_Output_File.txt,3.14288,3.15232,3.16158,3.17067,3.1796,3.18837,3.19699,3.20546,3.21381,3.22202,3.23011,3.23809,3.2459599999999997,3.25372,3.26138,3.26895,3.27642,3.28381,3.2911099999999998,3.2983300000000004,3.3057300000000005,3.3134699999999997,3.32104,3.32844,3.3357,3.3428400000000003,3.34986,3.35678,3.36361,3.37036,3.37702,3.3836199999999996,3.39014,3.3966,3.403,3.40935,3.41565,3.4219,3.4281,3.4342699999999997,3.4403900000000003,3.4464900000000003,3.45256,3.4668900000000002,3.47819,3.48405,3.4899199999999997,3.4957800000000003,3.50167,3.5075800000000004,3.5135400000000003,3.5195800000000004,3.5257199999999997,3.5320199999999997,3.53855,3.54541,3.6383900000000002,3.6458,3.65414,3.66402,3.67656,3.6941300000000004,3.72174,3.7433099999999997,3.76531,3.77155,3.77601,3.78045,3.7848699999999997,3.78928,3.7936699999999997,3.79805,3.80241,3.8067599999999997,3.81109,3.81541,3.8197099999999997,3.82453,3.8490699999999998,3.8711699999999998,3.88047
2M19063321+3929164_BSP_1600_HeFESTo_Input_File.txtHeFESTo_Output_File.txt,3.14621,3.1562,3.16508,3.17381,3.1824,3.19085,3.19918,3.20739,3.21549,3.2234700000000003,3.23136,3.23915,3.24684,3.25444,3.2619599999999997,3.26939,3.27674,3.284,3.2911900000000003,3.29846,3.3062,3.3137300000000005,3.32111,3.3283400000000003,3.33545,3.34245,3.34934,3.35615,3.3628699999999996,3.3695199999999996,3.37609,3.38259,3.38904,3.3954199999999997,3.40175,3.40803,3.4142699999999997,3.42045,3.4266,3.4327099999999997,3.4387800000000004,3.4448300000000005,3.45085,3.46866,3.4751,3.48092,3.48674,3.4925599999999997,3.49839,3.5042400000000002,3.5101400000000003,3.51611,3.5221699999999996,3.52837,3.5347699999999995,3.54146,3.65046,3.65754,3.6654699999999996,3.6747699999999996,3.68643,3.69981,3.7111400000000003,3.72477,3.7419300000000004,3.76479,3.77054,3.7749699999999997,3.7793900000000002,3.7838,3.78818,3.79256,3.79691,3.8012599999999996,3.8055800000000004,3.80989,3.81419,3.8211,3.8458,3.87417,3.8887400000000003
2M19492496+4118001_BSP_1600_HeFESTo_Input_File.txtHeFESTo_Output_File.txt,3.15662,3.16511,3.17347,3.1817,3.1898299999999997,3.1978400000000002,3.20574,3.21354,3.22125,3.22886,3.23639,3.24383,3.2512,3.25849,3.2657,3.27284,3.2799199999999997,3.28692,3.29448,3.3018300000000003,3.30905,3.3161300000000002,3.3231,3.3299800000000004,3.3367699999999996,3.3434800000000005,3.3501199999999995,3.35669,3.3631900000000003,3.36964,3.37603,3.38237,3.38866,3.39491,3.4011099999999996,3.40726,3.41338,3.41946,3.42551,3.43152,3.43751,3.4434699999999996,3.4494,3.46182,3.46763,3.4734300000000005,3.4792199999999998,3.485,3.49079,3.4965900000000003,3.50242,3.50829,3.5142300000000004,3.52028,3.5264699999999998,3.5328800000000005,3.6554599999999997,3.6798800000000003,3.687,3.6951699999999996,3.7052300000000002,3.7189699999999997,3.7353400000000003,3.7483800000000005,3.7528599999999996,3.7573300000000005,3.7617800000000003,3.7662199999999997,3.77064,3.77504,3.7794300000000005,3.7838,3.78816,3.7925,3.7968300000000004,3.80114,3.8054300000000003,3.8127,3.83604,3.86354,3.88216
2M19481670+4031304_BSP_1600_HeFESTo_Input_File.txtHeFESTo_Output_File.txt,3.15465,3.16343,3.17207,3.18055,3.1889,3.19711,3.2052,3.21317,3.22103,3.22879,3.23645,3.24402,3.2515,3.2589,3.26621,3.27346,3.28062,3.2877199999999998,3.29475,3.30171,3.3090699999999997,3.3163199999999997,3.32345,3.33046,3.3373800000000005,3.3442,3.35094,3.3576099999999998,3.3642,3.3707199999999995,3.37719,3.3836,3.38995,3.39625,3.4025,3.4087099999999997,3.4148699999999996,3.421,3.42708,3.4331300000000002,3.43915,3.4451300000000002,3.4511,3.4635599999999998,3.47074,3.47655,3.48235,3.48815,3.4939400000000003,3.49975,3.50558,3.51145,3.5174,3.5234400000000003,3.5296199999999995,3.5360300000000002,3.65889,3.6709699999999996,3.6781099999999998,3.68632,3.69644,3.7103900000000003,3.73294,3.7537199999999995,3.75821,3.7626800000000005,3.76714,3.77158,3.776,3.78041,3.7848,3.7891800000000004,3.79354,3.79789,3.8022199999999997,3.80654,3.8108400000000002,3.81932,3.84294,3.87085,3.88228
2M19295476+4208322_BSP_1600_HeFESTo_Input_File.txtHeFESTo_Output_File.txt,3.1514,3.1608099999999997,3.16934,3.1777599999999997,3.18605,3.19423,3.2023,3.21025,3.21811,3.22587,3.23353,3.2411,3.24859,3.25599,3.26332,3.2705599999999997,3.27774,3.28484,3.29187,3.29884,3.3062,3.31345,3.32058,3.3275900000000003,3.3345,3.34131,3.34804,3.3547,3.3612800000000003,3.3678,3.37426,3.38065,3.387,3.3932900000000004,3.3995300000000004,3.4057199999999996,3.4118800000000005,3.41799,3.42406,3.4300900000000003,3.4361,3.4420699999999997,3.4480199999999996,3.4626,3.4684,3.4741800000000005,3.47995,3.4857099999999996,3.4914699999999996,3.49724,3.50304,3.5088699999999995,3.51476,3.52074,3.5268599999999997,3.5331699999999997,3.64992,3.6684,3.67538,3.6833400000000003,3.69309,3.7063900000000003,3.7242900000000003,3.73731,3.75374,3.75958,3.7640300000000004,3.7684599999999997,3.7728800000000002,3.7772900000000003,3.7816699999999996,3.78605,3.7904,3.79474,3.7990699999999995,3.80338,3.8076800000000004,3.81336,3.83685,3.86491,3.8793800000000003
2M18473976+4246318_BSP_1600_HeFESTo_Input_File.txtHeFESTo_Output_File.txt,3.16058,3.16877,3.17682,3.18476,3.1926,3.20033,3.20797,3.21552,3.2229900000000002,3.23038,3.2377,3.24495,3.2521299999999997,3.25924,3.26629,3.2732799999999997,3.28021,3.2870800000000004,3.2939,3.3006599999999997,3.3073699999999997,3.31428,3.3211,3.32784,3.3345,3.3411,3.34763,3.3541,3.3605199999999997,3.36689,3.3732,3.3794699999999995,3.3856900000000003,3.39186,3.398,3.40409,3.41015,3.4161599999999996,3.42215,3.4281,3.43401,3.4399,3.44576,3.4553199999999995,3.46109,3.4668400000000004,3.4725699999999997,3.4782800000000003,3.4839800000000003,3.4896599999999998,3.49535,3.50104,3.50675,3.51249,3.5183,3.5242,3.6532699999999996,3.6823300000000003,3.6882300000000003,3.69466,3.70206,3.71159,3.72664,3.73786,3.74349,3.74916,3.7549099999999997,3.76076,3.7659800000000003,3.7703800000000003,3.7747699999999997,3.77914,3.7835,3.78784,3.7921699999999996,3.7964800000000003,3.8007800000000005,3.8077699999999997,3.83141,3.85892,3.8857199999999996
2M19294013+4125007_BSP_1600_HeFESTo_Input_File.txtHeFESTo_Output_File.txt,3.15436,3.1630700000000003,3.17163,3.18005,3.18833,3.1964900000000003,3.20453,3.21245,3.22027,3.22799,3.23562,3.24316,3.25061,3.25798,3.26527,3.2724900000000003,3.2796300000000005,3.2869300000000004,3.2946199999999997,3.3021300000000005,3.3094699999999997,3.31667,3.32375,3.3307300000000004,3.3376,3.34439,3.3511,3.35774,3.3643099999999997,3.3708099999999996,3.3772599999999997,3.38365,3.38999,3.3962800000000004,3.4025199999999995,3.4087199999999998,3.41488,3.421,3.42709,3.4331400000000003,3.43917,3.4451699999999996,3.45115,3.4645699999999997,3.47042,3.4762699999999995,3.4821,3.48794,3.49379,3.4996699999999996,3.50558,3.51156,3.5176300000000005,3.5238300000000002,3.53022,3.53689,3.6544800000000004,3.67481,3.68254,3.6915699999999996,3.70286,3.7185,3.74175,3.75126,3.75575,3.76022,3.7646699999999997,3.76911,3.7735300000000005,3.77794,3.7823300000000004,3.7867,3.79106,3.7954,3.7997300000000003,3.80405,3.8083400000000003,3.81511,3.8385800000000003,3.8663300000000005,3.88076
2M19342073+4255440_BSP_1600_HeFESTo_Input_File.txtHeFESTo_Output_File.txt,3.12383,3.13436,3.14553,3.15556,3.1653700000000002,3.17497,3.18438,3.19361,3.20267,3.21156,3.2203,3.2288900000000003,3.23733,3.24565,3.25383,3.26189,3.26983,3.27766,3.2853800000000004,3.293,3.30206,3.31071,3.3190699999999995,3.3271800000000002,3.3350800000000005,3.3427800000000003,3.3503199999999995,3.3577,3.36495,3.37207,3.37908,3.38599,3.39281,3.39954,3.40619,3.4127699999999996,3.41929,3.42575,3.43215,3.4385199999999996,3.44484,3.4511300000000005,3.46392,3.48259,3.4950300000000003,3.501,3.507,3.51304,3.51914,3.52532,3.5316199999999998,3.53809,3.5447800000000003,3.55177,3.55919,3.5671800000000005,3.60295,3.6126300000000002,3.6238,3.6335300000000004,3.6443199999999996,3.65656,3.67078,3.6877699999999995,3.7087199999999996,3.7354800000000004,3.7709900000000003,3.7937,3.7981199999999995,3.80252,3.80691,3.8112800000000004,3.81564,3.82375,3.8331,3.84215,3.8509,3.85934,3.86997,3.89666,3.9117
2M19562938+4152003_BSP_1600_HeFESTo_Input_File.txtHeFESTo_Output_File.txt,3.15385,3.16269,3.17136,3.17987,3.18823,3.19645,3.20455,3.21254,3.2204099999999998,3.22818,3.23585,3.24343,3.2509200000000003,3.25833,3.26565,3.2729,3.2800800000000003,3.28718,3.2942199999999997,3.3014300000000003,3.3088599999999997,3.3161400000000003,3.3233,3.33034,3.3372699999999997,3.3441099999999997,3.3508699999999996,3.35754,3.36415,3.37069,3.3771699999999996,3.3835800000000003,3.38995,3.39626,3.4025199999999995,3.4087400000000003,3.4149199999999995,3.42105,3.42715,3.43321,3.4392400000000003,3.44524,3.4512199999999997,3.4645300000000003,3.47088,3.4767099999999997,3.48253,3.48835,3.4941800000000005,3.5000199999999997,3.50589,3.5118099999999997,3.51781,3.5239199999999995,3.53019,3.53671,3.65633,3.6688300000000003,3.6762300000000003,3.68479,3.69542,3.71014,3.73381,3.7533199999999995,3.75831,3.7627900000000003,3.76724,3.7716800000000004,3.7761099999999996,3.7805199999999997,3.78491,3.7892900000000003,3.79365,3.798,3.8023300000000004,3.8066400000000002,3.81095,3.81846,3.8420300000000003,3.86993,3.88104
2M19253372+4210501_BSP_1600_HeFESTo_Input_File.txtHeFESTo_Output_File.txt,3.13733,3.1470700000000003,3.15714,3.16648,3.17564,3.18463,3.19346,3.20214,3.21068,3.21909,3.22737,3.23552,3.24356,3.25148,3.2593,3.26701,3.2746299999999997,3.28214,3.2907599999999997,3.29935,3.30765,3.3157,3.32352,3.3311599999999997,3.33863,3.34595,3.35313,3.3602,3.3671599999999997,3.3740300000000003,3.3808,3.38749,3.39411,3.40066,3.40715,3.4135800000000005,3.41995,3.42628,3.4325699999999997,3.4388199999999998,3.44505,3.45125,3.46149,3.4784699999999997,3.4878,3.49376,3.4997300000000005,3.50575,3.5118099999999997,3.51796,3.52421,3.53061,3.5372199999999996,3.5441,3.55137,3.55919,3.63515,3.6440599999999996,3.6522699999999997,3.66121,3.6711,3.6823,3.69535,3.71104,3.73066,3.75624,3.77936,3.78379,3.78821,3.79261,3.79699,3.80136,3.8057199999999995,3.81005,3.8143800000000003,3.8206900000000004,3.82905,3.8371,3.8569699999999996,3.8849699999999996,3.89785
2M19370743+4217274_BSP_1600_HeFESTo_Input_File.txtHeFESTo_Output_File.txt,3.1480200000000003,3.15725,3.16628,3.17513,3.18379,3.1923,3.20066,3.2088900000000002,3.21699,3.22496,3.23283,3.2406,3.2482599999999997,3.25583,3.2633099999999997,3.27071,3.2780199999999997,3.28525,3.29241,3.2995,3.30651,3.31346,3.3203400000000003,3.32744,3.33455,3.34156,3.34847,3.35529,3.36202,3.36867,3.37525,3.38176,3.38821,3.3946,3.4009400000000003,3.4072199999999997,3.41345,3.41963,3.4257699999999995,3.4318699999999995,3.43794,3.4439599999999997,3.44996,3.46262,3.4719900000000004,3.47781,3.4836199999999997,3.48941,3.4952,3.501,3.50682,3.5126699999999995,3.5185800000000005,3.5245699999999998,3.5307,3.53703,3.64379,3.65026,3.65732,3.66539,3.6753,3.68896,3.7113300000000002,3.7543300000000004,3.7617599999999998,3.76755,3.77201,3.77645,3.7808800000000002,3.7852900000000003,3.7896900000000002,3.7940699999999996,3.7984400000000003,3.8027900000000003,3.80712,3.81144,3.81575,3.8213699999999995,3.8452,3.8735800000000005,3.8778
2M18472048+4409213_BSP_1600_HeFESTo_Input_File.txtHeFESTo_Output_File.txt,3.14358,3.15355,3.1627099999999997,3.1717,3.18053,3.1892099999999997,3.1977599999999997,3.20617,3.21446,3.22263,3.23068,3.23864,3.24649,3.2542400000000002,3.26189,3.26946,3.27693,3.2843199999999997,3.2916300000000005,3.2990699999999995,3.30705,3.3147800000000003,3.3223199999999995,3.3297199999999996,3.3369699999999995,3.3441,3.35112,3.3580300000000003,3.36485,3.3715900000000003,3.37825,3.38484,3.3913599999999997,3.3978099999999998,3.40421,3.41055,3.41685,3.42309,3.4293,3.43546,3.44159,3.44769,3.4537699999999996,3.46959,3.48049,3.48634,3.4922,3.49807,3.5039599999999997,3.50989,3.51588,3.52195,3.52815,3.53453,3.54115,3.5481300000000005,3.6428300000000005,3.65045,3.65909,3.66937,3.68246,3.6966,3.70908,3.7241400000000002,3.7431,3.76815,3.77631,3.78074,3.78517,3.78957,3.7939599999999998,3.79834,3.8027,3.80704,3.8113699999999997,3.8156800000000004,3.81998,3.82879,3.85374,3.8820099999999997,3.8927300000000002
2M18455585+4712289_BSP_1600_HeFESTo_Input_File.txtHeFESTo_Output_File.txt,3.1619099999999998,3.17001,3.1779900000000003,3.18586,3.1936299999999997,3.20131,3.2089,3.2164099999999998,3.22383,3.2311900000000002,3.23847,3.24568,3.2528200000000003,3.2599,3.2669200000000003,3.27388,3.2807800000000005,3.28796,3.29509,3.3021,3.30902,3.31585,3.32259,3.3292699999999997,3.33587,3.3424199999999997,3.34891,3.35534,3.3617199999999996,3.36805,3.3743300000000005,3.3805699999999996,3.38677,3.3929199999999997,3.3990400000000003,3.4051199999999997,3.4111599999999997,3.4171699999999996,3.42315,3.42909,3.4350099999999997,3.4409,3.44676,3.45594,3.4617199999999997,3.46748,3.4732199999999995,3.47895,3.4846800000000004,3.4904,3.49614,3.5019,3.50769,3.5135400000000003,3.5194900000000002,3.5255699999999996,3.6555699999999995,3.6907300000000003,3.6970300000000003,3.70405,3.71236,3.7233099999999997,3.73589,3.7412900000000002,3.7465800000000002,3.75104,3.7555,3.75993,3.76435,3.76875,3.77314,3.77751,3.78186,3.7862,3.7905300000000004,3.79484,3.7991300000000003,3.80641,3.8292300000000004,3.856,3.88427
2M19174175+4643342_BSP_1600_HeFESTo_Input_File.txtHeFESTo_Output_File.txt,3.1657,3.1735900000000004,3.1813700000000003,3.18905,3.19665,3.20417,3.21161,3.2189799999999997,3.22629,3.23352,3.2406900000000003,3.2478,3.25485,3.2618400000000003,3.26878,3.27566,3.2828800000000005,3.28999,3.29699,3.3038800000000004,3.31069,3.3174300000000003,3.32409,3.33069,3.3372300000000004,3.3437099999999997,3.35015,3.3565300000000002,3.3628699999999996,3.36916,3.3754,3.38161,3.3877800000000002,3.3939,3.3999900000000003,3.40605,3.4120699999999995,3.4180599999999997,3.4240199999999996,3.42995,3.43585,3.44173,3.4475800000000003,3.45515,3.4609400000000003,3.4667,3.47245,3.47819,3.4839300000000004,3.4896599999999998,3.49539,3.50115,3.50694,3.5127900000000003,3.51873,3.5248,3.66115,3.69624,3.70246,3.7093599999999998,3.71751,3.72465,3.72988,3.7351,3.74033,3.74559,3.7509,3.7562800000000003,3.76177,3.76738,3.77221,3.7765800000000005,3.78094,3.78528,3.7902099999999996,3.7953,3.8003,3.80935,3.8325199999999997,3.85944,3.8904300000000003
2M19293325+4213597_BSP_1600_HeFESTo_Input_File.txtHeFESTo_Output_File.txt,3.15309,3.16202,3.1707799999999997,3.1794,3.1878599999999997,3.19618,3.20437,3.21244,3.22039,3.22823,3.23597,3.24361,3.25116,3.25862,3.266,3.2733,3.2805199999999997,3.28766,3.29474,3.30195,3.30944,3.3167699999999996,3.3239699999999996,3.33105,3.3380199999999998,3.3449,3.35169,3.35839,3.3650300000000004,3.3715900000000003,3.3780900000000003,3.3845300000000003,3.3909199999999995,3.39725,3.4035300000000004,3.4097699999999995,3.4159599999999997,3.42211,3.4282199999999996,3.4342900000000003,3.44034,3.44635,3.45235,3.46365,3.4729,3.47873,3.4845599999999997,3.49039,3.4962199999999997,3.50207,3.5079599999999997,3.5139,3.5199199999999995,3.52607,3.5323900000000004,3.5389699999999995,3.65915,3.66839,3.67595,3.68475,3.69573,3.71098,3.7354,3.75575,3.76024,3.7647199999999996,3.76917,3.7736099999999997,3.7780400000000003,3.78245,3.78684,3.7912199999999996,3.79558,3.7999300000000003,3.8042599999999998,3.80858,3.8128800000000003,3.8213,3.8450599999999997,3.8731800000000005,3.8816699999999997
2M19441136+4244348_BSP_1600_HeFESTo_Input_File.txtHeFESTo_Output_File.txt,3.1370400000000003,3.1467400000000003,3.1569,3.1662,3.17532,3.1842799999999998,3.19309,3.20174,3.21025,3.21863,3.22689,3.23502,3.24303,3.25094,3.25874,3.2664400000000002,3.2740400000000003,3.28154,3.28896,3.29629,3.30445,3.3124599999999997,3.32025,3.32786,3.3353,3.3426,3.34977,3.35682,3.3637699999999997,3.3706199999999997,3.3773800000000005,3.38405,3.39066,3.39719,3.40366,3.4100699999999997,3.4164199999999996,3.4227199999999995,3.42898,3.4352,3.44138,3.44752,3.45365,3.47316,3.48385,3.48973,3.4956099999999997,3.5015099999999997,3.5074400000000003,3.5134199999999995,3.5194699999999997,3.5256300000000005,3.5319300000000005,3.53844,3.54524,3.5524400000000003,3.6291800000000003,3.6372699999999996,3.6465300000000003,3.6576400000000002,3.66966,3.68048,3.69306,3.70819,3.7271400000000003,3.75198,3.7794300000000005,3.78387,3.78829,3.7926900000000003,3.7970800000000002,3.80145,3.8058099999999997,3.81015,3.81448,3.82179,3.83019,3.83826,3.8579199999999996,3.88555,3.90007
2M19284485+4143373_BSP_1600_HeFESTo_Input_File.txtHeFESTo_Output_File.txt,3.14945,3.1583,3.16755,3.1761,3.18451,3.1928,3.20098,3.2090400000000003,3.21699,3.22484,3.2326,3.2402599999999997,3.24784,3.25533,3.26273,3.27006,3.27828,3.28646,3.2943800000000003,3.30208,3.30959,3.31695,3.3241699999999996,3.33126,3.3382400000000003,3.34513,3.35192,3.3586400000000003,3.3652699999999998,3.37184,3.37835,3.3848,3.39119,3.39753,3.4038199999999996,3.4100699999999997,3.41627,3.42244,3.42858,3.4346900000000002,3.4407699999999997,3.4468300000000003,3.4528800000000004,3.4693199999999997,3.4752099999999997,3.48109,3.48699,3.4929,3.49884,3.50484,3.51091,3.5170800000000004,3.52339,3.5299099999999997,3.5367,3.5439,3.65269,3.6724900000000003,3.68135,3.6893199999999995,3.69806,3.7078800000000003,3.71924,3.7328900000000003,3.7500699999999996,3.76146,3.7659,3.77034,3.77475,3.77915,3.7835300000000003,3.7879,3.79225,3.79659,3.80091,3.80522,3.80951,3.81446,3.83848,3.86703,3.88065
2M19162065+4133465_BSP_1600_HeFESTo_Input_File.txtHeFESTo_Output_File.txt,3.15041,3.15976,3.16845,3.177,3.18542,3.19371,3.20189,3.20995,3.21791,3.2257700000000002,3.23354,3.2412099999999997,3.2488,3.2563,3.26372,3.27105,3.27831,3.28576,3.29374,3.30145,3.3089800000000005,3.31635,3.32358,3.33068,3.33768,3.3445699999999996,3.3513800000000002,3.3581,3.3647400000000003,3.37132,3.3778300000000003,3.3842800000000004,3.3906699999999996,3.39701,3.4033,3.40955,3.41575,3.42191,3.42804,3.43413,3.4401900000000003,3.4462300000000003,3.45225,3.4682199999999996,3.47465,3.48049,3.48634,3.4921900000000003,3.49807,3.5039800000000003,3.5099400000000003,3.5159800000000003,3.5221400000000003,3.52846,3.5350099999999998,3.54189,3.65697,3.6694199999999997,3.67771,3.68749,3.6979699999999998,3.70759,3.7187099999999997,3.7320699999999998,3.74893,3.76335,3.7678,3.7722300000000004,3.77665,3.78105,3.7854400000000004,3.7898099999999997,3.79417,3.79851,3.80283,3.80714,3.81144,3.8183,3.8424400000000003,3.87109,3.8843300000000003
2M19394766+4626191_BSP_1600_HeFESTo_Input_File.txtHeFESTo_Output_File.txt,3.16024,3.16836,3.17638,3.1842900000000003,3.1921,3.19981,3.20744,3.2149799999999997,3.22244,3.22982,3.23713,3.24437,3.2515400000000003,3.25864,3.26568,3.2726599999999997,3.2799400000000003,3.28723,3.2943800000000003,3.30142,3.30835,3.3152,3.32196,3.32864,3.33526,3.3418099999999997,3.3483,3.35474,3.36113,3.36746,3.37375,3.38,3.3862,3.39236,3.39848,3.4045699999999997,3.4106199999999998,3.4166300000000005,3.4226099999999997,3.4285699999999997,3.4344900000000003,3.4403900000000003,3.4462699999999997,3.4559300000000004,3.46171,3.46748,3.4732300000000005,3.47897,3.48472,3.4904599999999997,3.4962199999999997,3.50201,3.50785,3.51376,3.5197800000000004,3.5259699999999996,3.6514699999999998,3.69,3.69655,3.70391,3.71273,3.7244699999999997,3.7368,3.7412900000000002,3.7457800000000003,3.7502400000000002,3.75469,3.75912,3.7635400000000003,3.7679400000000003,3.7723199999999997,3.7766900000000003,3.78104,3.7853800000000004,3.7897,3.7940099999999997,3.7983,3.8042800000000003,3.82709,3.8538699999999997,3.8828300000000002
2M19322220+4121198_BSP_1600_HeFESTo_Input_File.txtHeFESTo_Output_File.txt,3.12628,3.13668,3.14755,3.15747,3.16717,3.17667,3.1859900000000003,3.19513,3.2041,3.21291,3.2215700000000003,3.23009,3.23847,3.2467200000000003,3.25485,3.26285,3.27074,3.27852,3.28619,3.29376,3.30186,3.3103800000000003,3.3186400000000003,3.32666,3.33448,3.34211,3.3495800000000004,3.3569,3.3641,3.3711699999999998,3.37814,3.385,3.3917800000000002,3.3984699999999997,3.40509,3.4116400000000002,3.4181199999999996,3.42455,3.4309300000000005,3.43725,3.44354,3.4498,3.45775,3.47782,3.49252,3.4984599999999997,3.50441,3.51039,3.5164199999999997,3.5225199999999997,3.52872,3.5350599999999996,3.5416,3.54841,3.55559,3.5632900000000003,3.6051699999999998,3.6143099999999997,3.62492,3.6377599999999997,3.6493599999999997,3.6614699999999996,3.6755400000000003,3.69239,3.7132400000000003,3.74,3.77569,3.7931199999999996,3.79754,3.80194,3.8063300000000004,3.8107,3.81506,3.8210800000000003,3.8304099999999996,3.83944,3.84816,3.8565699999999996,3.8696800000000002,3.8966199999999995,3.91048
2M19322256+4253471_BSP_1600_HeFESTo_Input_File.txtHeFESTo_Output_File.txt,3.14367,3.1539,3.16293,3.17181,3.18054,3.18912,3.1975700000000002,3.2059,3.21411,3.22221,3.2302,3.23809,3.24588,3.25357,3.26117,3.26868,3.2761,3.28344,3.2907,3.29788,3.3049800000000005,3.3123400000000003,3.31985,3.3271800000000002,3.3343800000000003,3.3414599999999997,3.3484300000000005,3.3553,3.3620900000000002,3.36879,3.37541,3.38196,3.38845,3.3948699999999996,3.4012300000000004,3.40754,3.4138,3.42001,3.4261800000000004,3.4323,3.43839,3.44444,3.4504699999999997,3.4676099999999996,3.47611,3.4819199999999997,3.4877199999999995,3.4935099999999997,3.49931,3.5051400000000004,3.51099,3.5169099999999998,3.52291,3.52903,3.53533,3.54189,3.64215,3.6490699999999996,3.65675,3.66571,3.6769199999999995,3.69248,3.7078800000000003,3.7220400000000002,3.73989,3.76358,3.77345,3.77789,3.78231,3.78671,3.7911,3.7954800000000004,3.7998300000000005,3.80418,3.80851,3.81282,3.81714,3.82495,3.8496099999999998,3.8784099999999997,3.8915599999999997
2M19283906+4101236_BSP_1600_HeFESTo_Input_File.txtHeFESTo_Output_File.txt,3.14462,3.15509,3.16405,3.17286,3.18153,3.19007,3.19849,3.2067799999999997,3.21496,3.22302,3.23097,3.23882,3.2465599999999997,3.25421,3.2617700000000003,3.26924,3.27662,3.2839199999999997,3.29114,3.29848,3.3062400000000003,3.3138300000000003,3.32124,3.3285099999999996,3.33565,3.3426699999999996,3.3496,3.3564300000000005,3.3631800000000003,3.36984,3.37644,3.3829599999999997,3.3894300000000004,3.39583,3.4021800000000004,3.4084800000000004,3.4147300000000005,3.4209300000000002,3.42709,3.4332199999999995,3.43931,3.4453699999999996,3.4514099999999996,3.46748,3.47579,3.4816300000000004,3.4874699999999996,3.4933099999999997,3.49916,3.50505,3.5109800000000004,3.51698,3.52308,3.5293400000000004,3.5358,3.5425800000000005,3.6479199999999996,3.6551400000000003,3.6632599999999997,3.6728099999999997,3.6848699999999996,3.70163,3.7178400000000003,3.73295,3.75196,3.76724,3.77169,3.77613,3.78055,3.78495,3.78934,3.7937199999999995,3.7980699999999996,3.8024199999999997,3.80675,3.81106,3.8153599999999996,3.8206599999999997,3.8450300000000004,3.8735,3.884
2M18561467+4530246_BSP_1600_HeFESTo_Input_File.txtHeFESTo_Output_File.txt,3.1574299999999997,3.16606,3.1745200000000002,3.18284,3.19102,3.19908,3.20702,3.21486,3.2225900000000003,3.2302299999999997,3.23778,3.2452400000000003,3.25263,3.2599299999999998,3.26716,3.27432,3.2814099999999997,3.28844,3.2954,3.3027800000000003,3.31005,3.31719,3.3242199999999995,3.33115,3.3379800000000004,3.34473,3.3514,3.358,3.3645400000000003,3.37101,3.3774300000000004,3.3838,3.39011,3.39638,3.4026,3.40878,3.41491,3.42101,3.4270699999999996,3.4331,3.4391,3.44507,3.4510099999999997,3.46329,3.4691199999999998,3.47493,3.48074,3.48654,3.49234,3.49815,3.50399,3.5098599999999998,3.5158099999999997,3.52185,3.5280400000000003,3.53444,3.6602699999999997,3.6770099999999997,3.68411,3.6922599999999997,3.7022800000000005,3.71604,3.7382699999999995,3.75017,3.7558599999999998,3.76033,3.76479,3.7692300000000003,3.77365,3.77806,3.78245,3.78683,3.7911900000000003,3.7955300000000003,3.79987,3.80418,3.8084800000000003,3.81725,3.84065,3.86824,3.88329
2M19405434+5033323_BSP_1600_HeFESTo_Input_File.txtHeFESTo_Output_File.txt,3.1696400000000002,3.17773,3.18574,3.19366,0.00061
2M18495813+4358487_BSP_1600_HeFESTo_Input_File.txtHeFESTo_Output_File.txt,3.1493599999999997,3.15932,3.16791,3.17638,3.18473,3.19297,3.20109,3.20911,3.21702,3.22484,3.23256,3.24019,3.24773,3.2551799999999997,3.26255,3.2698400000000003,3.2770599999999996,3.2842,3.29127,3.29851,3.3059800000000004,3.31331,3.32049,3.32754,3.33449,3.34135,3.3481199999999998,3.35481,3.36142,3.3679699999999997,3.37445,3.38087,3.3872400000000003,3.39355,3.39981,3.4060300000000003,3.4122,3.41833,3.4244199999999996,3.4304699999999997,3.43649,3.4424900000000003,3.44845,3.4639900000000003,3.46979,3.47559,3.4813699999999996,3.48715,3.49294,3.49874,3.5045699999999997,3.51045,3.5164,3.5224599999999997,3.5286699999999995,3.53511,3.6491,3.66603,3.6733300000000004,3.6817300000000004,3.6921199999999996,3.7063800000000002,3.71985,3.73286,3.74925,3.76053,3.7649800000000004,3.7694099999999997,3.7738300000000002,3.77823,3.7826199999999996,3.7869900000000003,3.79135,3.79569,3.80001,3.8043199999999997,3.80862,3.8138,3.83757,3.86577,3.88087
2M19510878+4753100_BSP_1600_HeFESTo_Input_File.txtHeFESTo_Output_File.txt,3.1454299999999997,3.15556,3.1644799999999997,3.17325,3.18188,3.1903799999999998,3.1987400000000004,3.2069900000000002,3.21512,3.2231400000000003,3.23106,3.23888,3.24661,3.2542400000000002,3.26178,3.26924,3.27661,3.2839,3.2911099999999998,3.2982400000000003,3.30548,3.3130699999999997,3.3204800000000003,3.3277400000000004,3.3348800000000005,3.3419,3.34882,3.35565,3.36239,3.36905,3.37564,3.38216,3.38861,3.3950099999999996,3.40135,3.4076400000000002,3.4138699999999997,3.4200699999999995,3.42622,3.4323300000000003,3.4384,3.44444,3.4504599999999996,3.46791,3.47508,3.4808800000000004,3.4866800000000002,3.4924800000000005,3.4982900000000003,3.50412,3.50999,3.51591,3.5219199999999997,3.52805,3.5343699999999996,3.54095,3.6473199999999997,3.65424,3.66194,3.6709099999999997,3.68214,3.69771,3.7105300000000003,3.72434,3.74174,3.7648900000000003,3.77156,3.776,3.78042,3.78482,3.7892099999999997,3.79359,3.79794,3.80229,3.80661,3.8109300000000004,3.8152199999999996,3.82246,3.8471599999999997,3.87551,3.88961
2M19140739+4056322_BSP_1600_HeFESTo_Input_File.txtHeFESTo_Output_File.txt,3.15024,3.1591400000000003,3.1679,3.17652,3.1850099999999997,3.1933700000000003,3.20161,3.20973,3.21774,3.22565,3.23345,3.24115,3.24876,3.25627,3.2637099999999997,3.27105,3.27832,3.2855199999999996,3.2926300000000004,3.2996800000000004,3.3069800000000003,3.3143800000000003,3.32165,3.32878,3.3357900000000003,3.34271,3.34953,3.35627,3.3629300000000004,3.3695199999999996,3.37604,3.3825,3.3889,3.3952400000000003,3.4015400000000002,3.4077800000000003,3.4139800000000005,3.4201300000000003,3.42625,3.43232,3.43836,3.44438,3.45036,3.46549,3.4723800000000002,3.4781800000000005,3.4839800000000003,3.4897699999999996,3.49557,3.50138,3.50722,3.5131099999999997,3.51908,3.52515,3.5313800000000004,3.53785,3.65404,3.6625699999999997,3.66994,3.67845,3.6890300000000003,3.7036599999999997,3.72554,3.74004,3.75835,3.76441,3.7688599999999997,3.7733,3.7777199999999995,3.7821300000000004,3.78652,3.7909,3.79526,3.7996,3.8039300000000003,3.80824,3.8125400000000003,3.8193599999999996,3.8433300000000004,3.8717599999999996,3.88041
2M19571668+4123047_BSP_1600_HeFESTo_Input_File.txtHeFESTo_Output_File.txt,3.16602,3.1739599999999997,3.1817900000000003,3.18953,3.1971700000000003,3.20473,3.21222,3.21962,3.22696,3.2342299999999997,3.24143,3.24857,3.25565,3.26267,3.26963,3.27677,3.2841,3.29129,3.29834,3.3053,3.31216,3.3189300000000004,3.32564,3.33227,3.3388400000000003,3.34536,3.3518199999999996,3.3582199999999998,3.36458,3.3709,3.3771699999999996,3.3833900000000003,3.3895800000000005,3.3957300000000004,3.40184,3.4079099999999998,3.41396,3.4199699999999997,3.42595,3.4319,3.43782,3.44372,3.4496,3.45735,3.46317,3.4689699999999997,3.47476,3.4805300000000003,3.48631,3.49209,3.49789,3.5037199999999995,3.5096,3.51556,3.5216300000000005,3.52788,3.6647,3.6959400000000002,3.70258,3.7100800000000005,3.7191199999999998,3.72485,3.7301900000000003,3.7355400000000003,3.7409,3.74631,3.7517699999999996,3.7573199999999995,3.7629900000000003,3.76882,3.77431,3.7786800000000005,3.78304,3.78765,3.793,3.79823,3.80335,3.8133,3.8366300000000004,3.86372,3.89216
2M19052120+4844387_BSP_1600_HeFESTo_Input_File.txtHeFESTo_Output_File.txt,3.1442799999999997,3.1541,3.16309,3.17193,3.1806099999999997,3.1891599999999998,3.1975700000000002,3.20586,3.2140299999999997,3.22209,3.2300299999999997,3.23787,3.24562,3.25326,3.2608200000000003,3.2682900000000004,3.27567,3.2829699999999997,3.2902,3.29735,3.30519,3.31281,3.32027,3.32758,3.33475,3.3418099999999997,3.34876,3.35561,3.36237,3.3690599999999997,3.37566,3.3822,3.38867,3.39508,3.4014300000000004,3.4077300000000004,3.41399,3.4201900000000003,3.42635,3.4324800000000004,3.43857,3.44463,3.45066,3.4691199999999998,3.47623,3.48205,3.4878699999999996,3.49369,3.4995300000000005,3.5054,3.5113199999999996,3.5173,3.52339,3.5296300000000005,3.53608,3.54284,3.6457800000000002,3.6530099999999996,3.66112,3.67066,3.68266,3.6925,3.70362,3.71694,3.73371,3.7560300000000004,3.7715300000000003,3.77596,3.78038,3.7847800000000005,3.78917,3.79354,3.7979,3.8022400000000003,3.8065599999999997,3.8108699999999995,3.8170800000000003,3.82482,3.84765,3.87545,3.8927
2M19253263+4159249_BSP_1600_HeFESTo_Input_File.txtHeFESTo_Output_File.txt,3.14962,3.1590599999999998,3.1677,3.1762099999999998,3.18459,3.19285,3.20099,3.20903,3.21696,3.22479,3.23253,3.24019,3.24775,3.25523,3.26262,3.26994,3.2771800000000004,3.28435,3.2919199999999997,3.29964,3.30714,3.31449,3.3216900000000003,3.32878,3.33575,3.34263,3.34942,3.3561300000000003,3.3627599999999997,3.3693199999999996,3.3758199999999996,3.38225,3.3886300000000005,3.3949599999999998,3.40124,3.4074699999999996,3.4136599999999997,3.4198,3.42591,3.4319900000000003,3.4380300000000004,3.44405,3.45004,3.4662699999999997,3.4721,3.4779199999999997,3.48374,3.48956,3.49539,3.50125,3.50716,3.5131300000000003,3.51919,3.5254,3.5318,3.5384900000000004,3.65165,3.6674599999999997,3.6753199999999997,3.68451,3.696,3.70592,3.7166699999999997,3.7295599999999998,3.74579,3.76146,3.76591,3.77034,3.7747599999999997,3.77916,3.78355,3.7879199999999997,3.79227,3.79661,3.80093,3.80524,3.80954,3.8150199999999996,3.839,3.8675300000000004,3.8834699999999995
2M19045932+5014326_BSP_1600_HeFESTo_Input_File.txtHeFESTo_Output_File.txt,3.16584,3.17572,3.1834599999999997,3.19112,3.1987,3.2062,3.21362,3.22098,3.22827,3.23549,3.24265,3.24975,3.25679,3.2640700000000002,3.2716,3.2789300000000003,3.2861,3.29316,3.3001,3.3069599999999997,3.3137300000000005,3.3204300000000004,3.3270699999999995,3.33364,3.34016,3.34663,3.35304,3.35941,3.36574,3.3720199999999996,3.37826,3.38446,3.3906199999999997,3.3967400000000003,3.4028300000000002,3.40889,3.41491,3.4209099999999997,3.4268699999999996,3.43281,3.4387300000000005,3.4446199999999996,3.4504900000000003,3.45782,3.46363,3.4694199999999995,3.4752099999999997,3.4809900000000003,3.48677,3.4925599999999997,3.49836,3.50421,3.51011,3.51609,3.52221,3.52851,3.6701,3.7022699999999995,3.709,3.71666,3.72235,3.72755,3.73274,3.73795,3.74318,3.74845,3.7537800000000003,3.7591900000000003,3.76471,3.76922,3.7736099999999997,3.7779800000000003,3.78234,3.7866800000000005,3.79101,3.7958300000000005,3.80082,3.81199,3.83532,3.8624,3.89151
2M19155629+4003522_BSP_1600_HeFESTo_Input_File.txtHeFESTo_Output_File.txt,3.15417,3.1632,3.17151,3.1797,3.18778,3.19576,3.20364,3.21143,3.21912,3.22673,3.23426,3.2417,3.24907,3.25637,3.26359,3.27074,3.2778300000000002,3.28517,3.2927400000000002,3.3001099999999997,3.3073300000000003,3.31443,3.32142,3.3283,3.3351,3.34182,3.3484599999999998,3.3550400000000002,3.36155,3.368,3.37439,3.3807300000000002,3.3870199999999997,3.3932599999999997,3.39946,3.40562,3.41174,3.41781,3.42386,3.4298699999999998,3.43586,3.44181,3.44775,3.46107,3.46686,3.47265,3.4784300000000004,3.4842,3.48999,3.4957800000000003,3.50161,3.50749,3.51344,3.5195,3.5257099999999997,3.53215,3.6508800000000003,3.67855,3.6857800000000003,3.69409,3.7027300000000003,3.7109199999999998,3.72024,3.73127,3.7450699999999997,3.75536,3.75981,3.76424,3.76865,3.77305,3.7774400000000004,3.7818,3.7861599999999997,3.79049,3.79481,3.79912,3.80341,3.8088699999999998,3.8323,3.85998,3.8803199999999998
2M19383520+4153027_BSP_1600_HeFESTo_Input_File.txtHeFESTo_Output_File.txt,3.11709,3.13101,3.14135,3.1514599999999997,3.1613599999999997,3.17105,3.18055,3.18987,3.19901,3.208,3.21683,3.22552,3.23406,3.24246,3.25074,3.25888,3.2669099999999998,3.27482,3.28261,3.2903,3.29788,3.3061199999999995,3.31449,3.3226,3.33051,3.3382400000000003,3.34579,3.3532,3.36047,3.3676199999999996,3.37466,3.38159,3.38844,3.39519,3.4018699999999997,3.40847,3.415,3.4214800000000003,3.42789,3.4342599999999996,3.4405900000000003,3.4468699999999997,3.4531300000000003,3.47349,3.4903699999999995,3.49631,3.5022699999999998,3.50825,3.51427,3.5203599999999997,3.52653,3.53283,3.53931,3.54604,3.55312,3.5606800000000005,3.5893300000000004,3.59836,3.60881,3.6214699999999995,3.63766,3.65965,3.6855300000000004,3.70495,3.7287,3.7586800000000005,3.7899599999999998,3.7944,3.7988199999999996,3.80323,3.8076199999999996,3.812,3.81636,3.8207,3.82628,3.83526,3.84398,3.8524199999999995,3.86226,3.8875800000000003,3.89926
2M19344300+4651099_BSP_1600_HeFESTo_Input_File.txtHeFESTo_Output_File.txt,3.15735,3.16567,3.17389,3.182,3.19,3.1979,3.20571,3.21342,3.22105,3.22858,3.23604,3.24342,3.2507200000000003,3.25795,3.2651,3.27219,3.2792199999999996,3.28635,3.29374,3.3009699999999995,3.30809,3.31509,3.32199,3.3288,3.3355300000000003,3.3421800000000004,3.3487699999999996,3.35529,3.36175,3.36816,3.37451,3.3808199999999995,3.3870699999999996,3.3932900000000004,3.39945,3.4055800000000005,3.4116699999999995,3.41773,3.42375,3.4297400000000002,3.43569,3.4416300000000004,3.4475300000000004,3.4592199999999997,3.46501,3.4707800000000004,3.47655,3.4823,3.48806,3.4938300000000004,3.4996099999999997,3.50544,3.51131,3.5172800000000004,3.52337,3.52965,3.6524199999999998,3.68284,3.68965,3.6973800000000003,3.7067699999999997,3.7194300000000005,3.73066,3.7422800000000005,3.74977,3.7542400000000002,3.75869,3.76312,3.7675400000000003,3.7719400000000003,3.77633,3.7807,3.78505,3.78939,3.79371,3.7980199999999997,3.80232,3.8086699999999998,3.83183,3.85909,3.88193
2M19285614+4134307_BSP_1600_HeFESTo_Input_File.txtHeFESTo_Output_File.txt,3.13936,3.14887,3.1591299999999998,3.16824,3.17719,3.1859900000000003,3.19463,3.2031400000000003,3.2115099999999996,3.21976,3.22789,3.23591,3.24381,3.25161,3.2593099999999997,3.2669099999999998,3.27442,3.28185,3.2891800000000004,3.29728,3.30536,3.3132099999999998,3.3208699999999998,3.32836,3.33569,3.34289,3.34997,3.3569400000000003,3.36381,3.37059,3.3772900000000003,3.3839099999999998,3.39046,3.39695,3.4033800000000003,3.40975,3.41606,3.42234,3.42856,3.43476,3.4409099999999997,3.4470400000000003,3.45531,3.47459,3.4814300000000005,3.4873,3.4931900000000002,3.4990900000000003,3.50503,3.51102,3.51707,3.52324,3.52955,3.53606,3.5428699999999997,3.5500800000000003,3.63746,3.6455300000000004,3.6547400000000003,3.6657900000000003,3.6752300000000004,3.6857,3.69785,3.71245,3.73075,3.75484,3.7755099999999997,3.77995,3.78436,3.78876,3.79315,3.7975199999999996,3.8018699999999996,3.8062099999999996,3.81054,3.81534,3.8236,3.83152,3.8520199999999996,3.87983,3.8953699999999998
2M19310830+4312575_BSP_1600_HeFESTo_Input_File.txtHeFESTo_Output_File.txt,3.14036,3.15076,3.16003,3.16913,3.17808,3.18689,3.19555,3.20408,3.21247,3.22073,3.22887,3.2369,3.2448099999999998,3.2526200000000003,3.2603299999999997,3.2679400000000003,3.27545,3.2828800000000005,3.2902099999999996,3.2974699999999997,3.30464,3.3117400000000004,3.3190199999999996,3.3264699999999996,3.3338,3.3409800000000005,3.34804,3.3549900000000004,3.36185,3.3686199999999995,3.37531,3.3819199999999996,3.38846,3.39494,3.40135,3.4077,3.414,3.42025,3.42645,3.43261,3.4387300000000005,3.44481,3.45086,3.4663199999999996,3.47767,3.48349,3.4893,3.49511,3.50092,3.50675,3.5126199999999996,3.5185400000000002,3.52454,3.5306699999999998,3.5369800000000002,3.54356,3.6326400000000003,3.63962,3.64739,3.65646,3.6678599999999997,3.68381,3.70935,3.7301699999999998,3.75069,3.77251,3.7769699999999995,3.7814099999999997,3.7858300000000003,3.7902400000000003,3.79463,3.79901,3.8033699999999997,3.8077199999999998,3.81205,3.8163699999999996,3.82067,3.82586,3.85115,3.87699,3.88781
2M19284107+4054587_BSP_1600_HeFESTo_Input_File.txtHeFESTo_Output_File.txt,3.1594700000000002,3.16926,3.1802900000000003,3.2025099999999997,3.21034,3.21809,3.22574,3.2333,3.24078,3.2827599999999997,3.2902400000000003,3.29748,3.30456,3.3115099999999997,3.3183800000000003,3.32516,3.33189,3.33855,3.3451699999999995,3.35174,3.3582699999999996,3.36476,3.3712199999999997,3.37764,3.38404,3.3904099999999997,3.39675,3.4030699999999996,3.4093699999999996,3.41565,3.42191,3.4281599999999997,3.4344,3.44063,3.44686,3.4531,3.45934,3.4656,3.47181,3.47749,3.48315,3.4887699999999997,3.4943699999999995,3.49994,3.5054800000000004,3.51099,3.5164800000000005,3.5219400000000003,3.5273800000000004,3.5327900000000003,3.5381699999999996,3.5435300000000005,3.5488699999999995,3.55418,3.55946,3.56515,3.7010699999999996,3.7248099999999997,3.72955,3.73429,3.7390199999999996,3.7437300000000002,3.74845,3.75315,3.75785,3.76255,3.76724,3.7719400000000003,3.7766300000000004,3.7813199999999996,3.7860099999999997,3.79071,3.79541,3.8001199999999997,3.80484,3.80957,3.81431,3.8284199999999995,3.85344,3.8831599999999997,3.8917300000000004
2M19092707+3838585_BSP_1600_HeFESTo_Input_File.txtHeFESTo_Output_File.txt,3.16558,3.1737,3.18122,3.18867,3.19605,3.20338,3.21063,3.2178299999999997,3.22498,3.2320599999999997,3.23909,3.24607,3.253,3.2598700000000003,3.267,3.274,3.2809,3.2877199999999998,3.29446,3.30114,3.30776,3.3143300000000004,3.32084,3.3273,3.3337199999999996,3.34009,3.3464199999999997,3.3527099999999996,3.3589599999999997,3.3651699999999996,3.37134,3.3774800000000003,3.3835699999999997,3.38964,3.3956699999999995,3.4016599999999997,3.40763,3.41356,3.41946,3.4253400000000003,3.43119,3.43701,3.4428,3.4489300000000003,3.4546699999999997,3.4603900000000003,3.4660900000000003,3.4717599999999997,3.4774300000000005,3.48308,3.48872,3.4943699999999995,3.5000199999999997,3.5057,3.5114199999999998,3.51721,3.65182,3.70079,3.7058199999999997,3.71067,3.7155,3.72031,3.72511,3.7299,3.73469,3.73949,3.7443,3.74913,3.754,3.7589099999999998,3.76389,3.77032,3.77512,3.77985,3.7845199999999997,3.78915,3.7937199999999995,3.79955,3.8220099999999997,3.84818,3.87859
2M19364610+3937084_BSP_1600_HeFESTo_Input_File.txtHeFESTo_Output_File.txt,3.15239,3.16175,3.17027,3.17865,3.18692,3.19508,3.20313,3.21109,3.2189400000000004,3.2267,3.23437,3.24195,3.2494400000000003,3.2568599999999996,3.26419,3.27145,3.27863,3.28625,3.2940099999999997,3.30156,3.30894,3.3161699999999996,3.3232800000000005,3.33028,3.3371800000000005,3.3439900000000002,3.35071,3.3573699999999995,3.36395,3.37046,3.3769199999999997,3.38332,3.3896699999999997,3.3959599999999996,3.4022099999999997,3.4084199999999996,3.4145800000000004,3.4207099999999997,3.4268,3.43286,3.4388900000000002,3.4449,3.45088,3.4656800000000003,3.4715199999999995,3.4773400000000003,3.48317,3.489,3.49485,3.50072,3.50664,3.51263,3.51871,3.52494,3.53137,3.53809,3.6550199999999995,3.6745900000000002,3.6824800000000004,3.69173,3.7033099999999997,3.71325,3.7240800000000003,3.7370699999999997,3.75346,3.76015,3.7646,3.7690300000000003,3.77345,3.77785,3.7822400000000003,3.78661,3.7909599999999997,3.7953,3.7996300000000005,3.8039400000000003,3.8082300000000004,3.8148199999999997,3.8385800000000003,3.86669,3.87989
2M19351595+4212449_BSP_1600_HeFESTo_Input_File.txtHeFESTo_Output_File.txt,3.14187,3.15137,3.16182,3.1709099999999997,3.17984,3.1886099999999997,3.19723,3.20572,3.21407,3.22231,3.23042,3.23842,3.24631,3.2541,3.26178,3.27169,3.28108,3.2900300000000002,3.2986,3.3068699999999995,3.3148699999999995,3.32266,3.33025,3.33768,3.3449699999999996,3.3521300000000003,3.3591699999999998,3.36611,3.37295,3.37972,3.3864,3.39302,3.3995800000000003,3.4060699999999997,3.4125199999999998,3.4189199999999995,3.4252800000000003,3.4316,3.4379,3.4441699999999997,3.4504300000000003,3.4566800000000004,3.4703800000000005,3.48406,3.4901199999999997,3.4962,3.5023199999999997,3.5085,3.5147699999999995,3.52115,3.52769,3.5344300000000004,3.54144,3.5487900000000003,3.55597,3.56348,3.6539699999999997,3.6619800000000002,3.6706300000000005,3.68011,3.6906800000000004,3.7027400000000004,3.71686,3.73388,3.7551400000000004,3.7702199999999997,3.7746699999999995,3.7791,3.7835099999999997,3.7879099999999997,3.79229,3.79665,3.8010099999999998,3.80534,3.80966,3.81397,3.81826,3.82254,3.8472800000000005,3.87226,3.8829
2M19004979+4523036_BSP_1600_HeFESTo_Input_File.txtHeFESTo_Output_File.txt,3.14705,3.15699,3.16584,3.17455,3.18312,3.19156,3.19988,3.2080900000000003,3.21619,3.22418,3.2320599999999997,3.23985,3.2475400000000003,3.2551400000000004,3.26265,3.27007,3.2774099999999997,3.2846699999999998,3.29185,3.29912,3.30681,3.3143300000000004,3.32168,3.3288900000000003,3.33598,3.3429699999999998,3.34985,3.35664,3.3633599999999997,3.36999,3.37656,3.38305,3.3894900000000003,3.3958699999999995,3.4022,3.40847,3.4147,3.42089,3.4270300000000002,3.4331400000000003,3.4392099999999997,3.44525,3.4512699999999996,3.46715,3.475,3.4808199999999996,3.48664,3.49246,3.4982900000000003,3.50415,3.51005,3.5160199999999997,3.52207,3.5282699999999996,3.5346599999999997,3.54134,3.6520099999999998,3.6590599999999998,3.66695,3.6761699999999995,3.6877699999999995,3.7038599999999997,3.71662,3.73081,3.74871,3.76625,3.7707,3.77514,3.77956,3.78396,3.78835,3.79273,3.7970900000000003,3.8014300000000003,3.80576,3.8100699999999996,3.81437,3.8207699999999996,3.84533,3.87415,3.88594
2M19011470+4750549_BSP_1600_HeFESTo_Input_File.txtHeFESTo_Output_File.txt,3.13826,3.1478099999999998,3.15795,3.1671099999999996,3.1761,3.18493,3.19362,3.2021599999999997,3.21057,3.21885,3.227,3.23505,3.2429799999999998,3.2508,3.25852,3.26615,3.27368,3.2811199999999996,3.28847,3.2957400000000003,3.3036800000000004,3.3115900000000003,3.31929,3.3268199999999997,3.33419,3.34142,3.3485300000000002,3.35552,3.3624199999999997,3.36922,3.3759300000000003,3.38256,3.38913,3.3956199999999996,3.40205,3.4084199999999996,3.41474,3.4210199999999995,3.4272400000000003,3.4334300000000004,3.4395800000000003,3.4456900000000004,3.4541199999999996,3.47315,3.48069,3.48654,3.4924,3.4982699999999998,3.5041599999999997,3.5101,3.5161,3.52219,3.52841,3.53482,3.54149,3.54854,3.63305,3.64085,3.64972,3.6602699999999997,3.67035,3.68051,3.6922699999999997,3.7063800000000002,3.7240800000000003,3.7474,3.77589,3.78033,3.78474,3.78914,3.7935300000000005,3.7979,3.80225,3.8065900000000004,3.81092,3.81829,3.8266,3.8345599999999997,3.8532800000000003,3.88058,3.89859
2M19244068+4238269_BSP_1600_HeFESTo_Input_File.txtHeFESTo_Output_File.txt,3.15274,3.16296,3.17181,3.18087,3.18939,3.19778,3.20605,3.2142,3.22224,3.23017,3.238,3.24705,3.25805,3.26817,3.2776300000000003,3.2865699999999998,3.2951,3.30329,3.3112199999999996,3.31892,3.3264199999999997,3.33376,3.34096,3.34804,3.35501,3.3618900000000003,3.3686800000000003,3.3754,3.38204,3.3886199999999995,3.39515,3.40162,3.40805,3.4144300000000003,3.42078,3.4271,3.43338,3.43965,3.4459,3.45214,3.4583699999999995,3.46719,3.4789800000000004,3.4870099999999997,3.4930800000000004,3.4991800000000004,3.5053199999999998,3.51151,3.5177699999999996,3.52412,3.5305699999999995,3.5371699999999997,3.54395,3.55096,3.55825,3.56589,3.67155,3.69153,3.7004,3.7102,3.7212300000000003,3.7339,3.74884,3.75679,3.7612699999999997,3.7657300000000005,3.77017,3.7746,3.7790199999999996,3.78341,3.7878,3.79216,3.79651,3.80085,3.8051699999999995,3.80948,3.81377,3.8217199999999996,3.846,3.87485,3.87908
2M19432625+4756222_BSP_1600_HeFESTo_Input_File.txtHeFESTo_Output_File.txt,3.15875,3.1672700000000003,3.17564,3.18387,3.19197,3.19996,3.20783,3.2156,3.22327,3.23086,3.23835,3.2457700000000003,3.2531,3.26037,3.26755,3.27467,3.2817300000000005,3.2887199999999996,3.2958300000000005,3.3031699999999997,3.3103599999999997,3.31744,3.32441,3.3312800000000005,3.3380699999999996,3.3447699999999996,3.35141,3.3579800000000004,3.3644800000000004,3.3709300000000004,3.3773199999999997,3.38366,3.38995,3.3961900000000003,3.40239,3.40855,3.4146699999999996,3.42075,3.42679,3.43281,3.43879,3.44475,3.45068,3.46234,3.4681599999999997,3.4739699999999996,3.4797599999999997,3.48555,3.49134,3.4971300000000003,3.50296,3.5088199999999996,3.51474,3.52075,3.5269,3.53326,3.6611,3.6806900000000002,3.68767,3.69565,3.7054099999999996,3.7187699999999997,3.74031,3.74925,3.7544199999999996,3.75889,3.76335,3.76779,3.77221,3.77662,3.7810099999999998,3.78539,3.78975,3.79409,3.7984199999999997,3.80274,3.80704,3.81606,3.8393800000000002,3.86683,3.8840199999999996
2M19315309+4102087_BSP_1600_HeFESTo_Input_File.txtHeFESTo_Output_File.txt,3.14537,3.15462,3.16371,3.17265,3.1814400000000003,3.19008,3.1985900000000003,3.20696,3.21521,3.2233400000000003,3.23135,3.23925,3.24705,3.25474,3.26234,3.26985,3.27726,3.2846,3.29185,3.2990199999999996,3.3061199999999995,3.31355,3.32102,3.32836,3.33555,3.3426199999999997,3.34959,3.3564599999999998,3.3632400000000002,3.36994,3.37656,3.38312,3.3896,3.39603,3.4024,3.4087099999999997,3.41497,3.42119,3.4273599999999997,3.4335,3.43959,3.44565,3.45169,3.4655400000000003,3.47641,3.48224,3.48806,3.4938800000000003,3.49971,3.50556,3.51145,3.5173900000000002,3.5234300000000003,3.5295900000000002,3.53594,3.5425699999999996,3.6433199999999997,3.6503099999999997,3.6581099999999998,3.66724,3.6787,3.6947,3.7202599999999997,3.7388,3.75916,3.76989,3.77435,3.7787900000000003,3.78321,3.7876199999999995,3.79201,3.79639,3.80075,3.8051,3.8094300000000003,3.81375,3.81805,3.8242300000000005,3.8486599999999997,3.87304,3.88323
2M19322962+4056051_BSP_1600_HeFESTo_Input_File.txtHeFESTo_Output_File.txt,3.15688,3.1661799999999998,3.17437,3.18245,3.19044,3.19833,3.20613,3.2138299999999997,3.22146,3.229,3.2364599999999997,3.24384,3.25115,3.2583900000000003,3.2665,3.2745,3.28221,3.2897199999999995,3.2970699999999997,3.30427,3.31135,3.3183199999999995,3.3252,3.33198,3.33869,3.34533,3.3519099999999997,3.3584199999999997,3.36487,3.3712699999999995,3.3776300000000004,3.3839300000000003,3.39019,3.39641,3.40259,3.4087300000000003,3.4148300000000003,3.4209099999999997,3.42696,3.43298,3.4389800000000004,3.44496,3.4509199999999995,3.46268,3.4685300000000003,3.4743699999999995,3.4802199999999996,3.4860800000000003,3.4919599999999997,3.49787,3.5038400000000003,3.50989,3.51605,3.5223699999999996,3.5289099999999998,3.53577,3.6561199999999996,3.6906800000000004,3.69869,3.706,3.71394,3.72278,3.7329199999999996,3.7450699999999997,3.74955,3.75401,3.75846,3.76289,3.7673,3.7717,3.77609,3.78045,3.78481,3.78914,3.79346,3.79777,3.80206,3.80841,3.83164,3.859,3.88156
2M19310175+4325368_BSP_1600_HeFESTo_Input_File.txtHeFESTo_Output_File.txt,3.15825,3.16661,3.17483,3.18293,3.1909099999999997,3.1987900000000002,3.2065599999999996,3.21424,3.2218299999999997,3.22933,3.23675,3.2440900000000004,3.25136,3.2585599999999997,3.26569,3.27276,3.27976,3.2867,3.2935800000000004,3.3007400000000002,3.30785,3.31485,3.32175,3.32856,3.33529,3.34194,3.3485300000000002,3.35505,3.36151,3.36792,3.3742699999999997,3.3805699999999996,3.3868300000000002,3.39304,3.39921,3.40533,3.4114199999999997,3.41747,3.42348,3.4294599999999997,3.43541,3.4413400000000003,3.4472300000000002,3.4581800000000005,3.4639699999999998,3.46975,3.4755,3.48125,3.48699,3.4927300000000003,3.4984900000000003,3.5042699999999996,3.51009,3.51597,3.52196,3.5281,3.6528099999999997,3.68028,3.68676,3.69404,3.7027400000000004,3.7143900000000003,3.73316,3.74473,3.75029,3.75475,3.75921,3.76364,3.7680599999999997,3.7724699999999998,3.77685,3.7812300000000003,3.7855800000000004,3.7899199999999995,3.79425,3.7985599999999997,3.80286,3.80951,3.83256,3.85969,3.8822699999999997
2M19331737+4252028_BSP_1600_HeFESTo_Input_File.txtHeFESTo_Output_File.txt,3.1535,3.16206,3.17049,3.1787799999999997,3.18696,3.19502,3.20297,3.21082,3.21857,3.2262299999999997,3.23379,3.24127,3.24867,3.25599,3.26323,3.27041,3.27751,3.2845400000000002,3.2915099999999997,3.29841,3.3052599999999996,3.31244,3.3194800000000004,3.3264199999999997,3.33325,3.34,3.34668,3.3532800000000003,3.35981,3.36628,3.37269,3.37905,3.38535,3.39161,3.39782,3.4039800000000002,3.4101,3.41618,3.42222,3.4282199999999996,3.4342,3.44014,3.44605,3.4592099999999997,3.4649900000000002,3.47075,3.4765,3.4822300000000004,3.48795,3.4936800000000003,3.4994099999999997,3.5051699999999997,3.51097,3.51683,3.52279,3.5289099999999998,3.6465400000000003,3.67058,3.67706,3.6843199999999996,3.693,3.70459,3.7233099999999997,3.7418,3.7521400000000003,3.75661,3.76106,3.7654900000000002,3.76991,3.77431,3.7787,3.7830699999999995,3.78743,3.7917699999999996,3.79609,3.8004,3.8047,3.80962,3.8329,3.8604199999999995,3.87955
2M18575579+4423529_BSP_1600_HeFESTo_Input_File.txtHeFESTo_Output_File.txt,3.13585,3.14565,3.15583,3.1652099999999996,3.17442,3.18345,3.19232,3.2010400000000003,3.20962,3.21805,3.2263599999999997,3.23455,3.24261,3.2505599999999997,3.2584,3.26614,3.2737700000000003,3.28131,3.28876,3.2961199999999997,3.3042300000000004,3.31233,3.32021,3.3279,3.33541,3.3427599999999997,3.3499800000000004,3.3570800000000003,3.36407,3.37095,3.37972,3.3862900000000002,3.3910699999999996,3.3976300000000004,3.40412,3.41054,3.4169099999999997,3.42323,3.4295,3.4357300000000004,3.4419199999999996,3.4480800000000005,3.45784,3.4757599999999997,3.48539,3.4912699999999997,3.49716,3.5030699999999997,3.5090199999999996,3.51502,3.5211,3.5272900000000003,3.5336300000000005,3.5402,3.5470699999999997,3.5543699999999996,3.6266300000000005,3.6349199999999997,3.6444300000000003,3.6544199999999996,3.66382,3.6744199999999996,3.6867300000000003,3.70151,3.7200300000000004,3.7443,3.7776699999999996,3.7849,3.7893199999999996,3.7937199999999995,3.79811,3.80248,3.8068400000000002,3.8111800000000002,3.8171699999999995,3.82597,3.8344199999999997,3.84254,3.86056,3.8877300000000004,3.90415
2M19300081+4304593_BSP_1600_HeFESTo_Input_File.txtHeFESTo_Output_File.txt,3.16835,3.1760200000000003,3.18362,3.19113,3.1985799999999998,3.20595,3.21327,3.22051,3.2277,3.23483,3.24191,3.24893,3.25589,3.2628,3.26967,3.27679,3.28387,3.29083,3.2976900000000002,3.3044800000000003,3.3111900000000003,3.3178400000000003,3.32442,3.33095,3.3374300000000003,3.34386,3.3502400000000003,3.35658,3.3628699999999996,3.3691199999999997,3.3753300000000004,3.38151,3.38764,3.39374,3.3998,3.4058300000000004,3.41183,3.4178,3.42374,3.42964,3.43552,3.44138,3.4472099999999997,3.45345,3.4592300000000002,3.4649900000000002,3.47074,3.4764699999999995,3.48219,3.4879,3.4936199999999995,3.49935,3.5051,3.5109,3.5167699999999997,3.52275,3.6632800000000003,3.6999,3.70497,3.71001,3.7150300000000005,3.72002,3.725,3.72997,3.73495,3.73993,3.74494,3.74999,3.75509,3.7602599999999997,3.76555,3.7782699999999996,3.7833300000000003,3.78831,3.7932,3.7980199999999997,3.8027699999999998,3.8117699999999997,3.8345300000000004,3.86099,3.8916800000000005
2M19262685+4206574_BSP_1600_HeFESTo_Input_File.txtHeFESTo_Output_File.txt,3.16178,3.17007,3.17821,3.18623,3.19414,3.20194,3.2096400000000003,3.21725,3.22478,3.23222,3.23959,3.24688,3.25411,3.26126,3.26835,3.2753799999999997,3.28234,3.28925,3.2964800000000003,3.30366,3.3107300000000004,3.3176900000000002,3.32455,3.3313300000000003,3.3380300000000003,3.3446599999999997,3.35123,3.35773,3.36418,3.37057,3.3769199999999997,3.38321,3.3894599999999997,3.39566,3.4018300000000004,3.40795,3.4140300000000003,3.42009,3.4261,3.43209,3.43804,3.4439699999999998,3.4498800000000003,3.45977,3.46559,3.47139,3.4771699999999996,3.48295,3.4887300000000003,3.49451,3.5003,3.50613,3.51201,3.5179699999999996,3.52405,3.53031,3.66931,3.68539,3.6920900000000003,3.6996900000000004,3.7088699999999997,3.7213,3.73561,3.74136,3.7471300000000003,3.75297,3.75892,3.765,3.76951,3.77391,3.77831,3.7826800000000005,3.78704,3.7913900000000003,3.7957199999999998,3.8000300000000005,3.80433,3.81354,3.8375199999999996,3.8653699999999995,3.88774
2M19294569+4312339_BSP_1600_HeFESTo_Input_File.txtHeFESTo_Output_File.txt,3.16222,3.17062,3.17868,3.18663,3.19448,3.20222,3.20988,3.2174400000000003,3.22493,3.23234,3.2396700000000003,3.24693,3.25412,3.26125,3.26831,3.2758599999999998,3.2833900000000003,3.29075,3.29796,3.30504,3.31201,3.31889,3.32568,3.3324,3.3390400000000002,3.34562,3.3521400000000003,3.3586,3.36501,3.3713699999999998,3.3776800000000002,3.38395,3.39017,3.39636,3.4025,3.40861,3.4146900000000002,3.4207300000000003,3.42674,3.4327300000000003,3.43868,3.4446199999999996,3.45054,3.4601,3.46593,3.47175,3.47755,3.48336,3.48918,3.4950099999999997,3.50087,3.50679,3.5127699999999997,3.5188699999999997,3.52512,3.5316099999999997,3.66186,3.6928900000000002,3.70011,3.7084300000000003,3.7186800000000004,3.7327199999999996,3.73863,3.74422,3.74956,3.7540199999999997,3.7584800000000005,3.7629099999999998,3.7673300000000003,3.7717400000000003,3.77613,3.7805,3.7848599999999997,3.7892,3.7935300000000005,3.7978400000000003,3.8021300000000005,3.8107900000000003,3.83379,3.8607699999999996,3.88498
2M19010446+4833360_BSP_1600_HeFESTo_Input_File.txtHeFESTo_Output_File.txt,3.15047,3.15948,3.16834,3.1770400000000003,3.1855900000000004,3.194,3.20228,3.21042,3.21845,3.22637,3.23418,3.24189,3.2495,3.2570200000000002,3.26445,3.2718,3.27907,3.2862699999999996,3.29339,3.30044,3.30741,3.31474,3.3220099999999997,3.32916,3.3362,3.3431300000000004,3.34997,3.3567199999999997,3.3634,3.37,3.3765300000000003,3.383,3.38941,3.3957699999999997,3.4020699999999997,3.40832,3.4145199999999996,3.42069,3.4268099999999997,3.43289,3.43894,3.44495,3.45094,3.4636,3.4725599999999996,3.4783800000000005,3.4841800000000003,3.48998,3.4957800000000003,3.5016,3.5074400000000003,3.5133199999999998,3.51928,3.5253400000000004,3.53155,3.53799,3.65429,3.66091,3.6682,3.6766099999999997,3.6870199999999995,3.70145,3.72476,3.7522599999999997,3.76119,3.7656699999999996,3.77012,3.7745599999999997,3.7789900000000003,3.7834,3.78779,3.7921699999999996,3.79653,3.8008800000000003,3.8052099999999998,3.80953,3.8138300000000003,3.8210599999999997,3.84495,3.8732699999999998,3.87995
2M19325217+4243145_BSP_1600_HeFESTo_Input_File.txtHeFESTo_Output_File.txt,3.1602,3.16983,3.18066,3.2021599999999997,3.20997,3.21768,3.22531,3.23285,3.24032,3.2751099999999997,3.28294,3.29043,3.2977,3.30481,3.3118,3.3187,3.32551,3.3322599999999998,3.33894,3.3455699999999995,3.35216,3.35869,3.36519,3.37165,3.3780699999999997,3.38447,3.3908300000000002,3.3971699999999996,3.4034800000000005,3.40976,3.41603,3.42228,3.42852,3.43474,3.44096,3.44717,3.45338,3.45961,3.46585,3.47211,3.4784,3.48474,3.49126,3.49747,3.5035,3.50903,3.51453,3.5200099999999996,3.52546,3.5308800000000002,3.53628,3.54165,3.547,3.55232,3.5576199999999996,3.5629,3.7077699999999996,3.7250400000000004,3.7296300000000002,3.7342,3.73875,3.7432800000000004,3.74779,3.7522900000000003,3.7567800000000005,3.7612400000000004,3.76579,3.77045,3.77512,3.77978,3.78444,3.78911,3.79377,3.79845,3.8031300000000003,3.8078199999999995,3.8125199999999997,3.8290599999999997,3.85368,3.88279,3.8933
2M18523616+4508233_BSP_1600_HeFESTo_Input_File.txtHeFESTo_Output_File.txt,3.13116,3.14222,3.15199,3.16157,3.17095,3.18015,3.18919,3.19806,3.2067799999999997,3.21536,3.2238,3.23211,3.2402900000000003,3.24836,3.25632,3.26417,3.27192,3.27956,3.28712,3.2945699999999998,3.30194,3.3092300000000003,3.31642,3.32425,3.33186,3.33931,3.3466199999999997,3.3538,3.3608599999999997,3.3678199999999996,3.37468,3.38144,3.38812,3.3947300000000005,3.4012599999999997,3.40772,3.41413,3.42047,3.42676,3.433,3.4392,3.44536,3.45148,3.4705,3.4843800000000003,3.49021,3.4960400000000003,3.50187,3.50771,3.51359,3.51951,3.5255199999999998,3.5316300000000003,3.5379,3.5444,3.55124,3.61101,3.6186,3.62718,3.6373599999999997,3.65035,3.66842,3.68537,3.70131,3.72119,3.74706,3.70462,3.78885,3.79328,3.79768,3.8020699999999996,3.80645,3.81081,3.8151599999999997,3.82135,3.8302699999999996,3.83886,3.84714,3.86415,3.8913900000000003,3.9053699999999996
2M19095484+3813438_BSP_1600_HeFESTo_Input_File.txtHeFESTo_Output_File.txt,3.13076,3.1408,3.15147,3.16107,3.17048,3.17971,3.18877,3.19766,3.2064,3.2149900000000002,3.22345,3.23177,3.23996,3.24804,3.25599,3.26384,3.2715799999999997,3.2792199999999996,3.2867599999999997,3.2942099999999996,3.30156,3.3088300000000004,3.31601,3.3239199999999998,3.3315699999999997,3.3390400000000002,3.34637,3.3535699999999995,3.36064,3.36761,3.3744699999999996,3.38124,3.3879300000000003,3.39454,3.40107,3.4075300000000004,3.41394,3.4202800000000004,3.42657,3.43281,3.439,3.44516,3.45307,3.4734,3.4849099999999997,3.49073,3.49655,3.5023800000000005,3.5082199999999997,3.5141,3.5200400000000003,3.52605,3.5321800000000003,3.53847,3.54501,3.55189,3.6103,3.61798,3.62667,3.6370199999999997,3.6501699999999997,3.6635400000000002,3.6758900000000003,3.69072,3.7092400000000003,3.73345,3.7665900000000003,3.7884800000000003,3.7929,3.79731,3.8017,3.8060699999999996,3.81043,3.8162,3.8255199999999996,3.83449,3.8431300000000004,3.85143,3.8661199999999996,3.8925699999999996,3.9109300000000005
2M19312961+4257580_BSP_1600_HeFESTo_Input_File.txtHeFESTo_Output_File.txt,3.1386700000000003,3.14827,3.1583900000000003,3.1676,3.17663,3.18551,3.19423,3.20281,3.21125,3.21957,3.22776,3.23583,3.24379,3.25164,3.2593799999999997,3.26703,3.27458,3.28205,3.28942,3.29789,3.3060699999999996,3.314,3.32173,3.3292800000000002,3.33667,3.34392,3.35105,3.35806,3.3649699999999996,3.37178,3.37851,3.38516,3.39174,3.39825,3.4047,3.41109,3.4174300000000004,3.42372,3.4299699999999995,3.4361800000000002,3.44236,3.4485099999999997,3.45741,3.47575,3.4838400000000003,3.4897400000000003,3.49565,3.50159,3.50756,3.5136,3.51971,3.52595,3.53235,3.5389800000000005,3.5459300000000002,3.5533300000000003,3.63596,3.64435,3.654,3.6634,3.67285,3.68353,3.6959199999999996,3.71083,3.72951,3.75403,3.7772900000000003,3.7817199999999995,3.78614,3.79054,3.7949300000000004,3.7993,3.80365,3.80799,3.8123199999999997,3.8182300000000002,3.82654,3.8345300000000004,3.85477,3.88256,3.89735
2M19282524+4222491_BSP_1600_HeFESTo_Input_File.txtHeFESTo_Output_File.txt,3.16534,3.17921,3.1726900000000002
2M19220642+3808347_BSP_1600_HeFESTo_Input_File.txtHeFESTo_Output_File.txt,3.14005,3.14955,3.15944,3.16855,3.1775,3.18629,3.1949400000000003,3.20345,3.21183,3.22008,3.22821,3.23622,3.2441299999999997,3.2519299999999998,3.25963,3.26723,3.27475,3.28217,3.28951,3.29676,3.30462,3.31247,3.3201300000000002,3.3276199999999996,3.3349599999999997,3.34216,3.34924,3.35621,3.36309,3.3698699999999997,3.3765699999999996,3.3831900000000004,3.38974,3.3962199999999996,3.4026400000000003,3.40901,3.41532,3.4215800000000005,3.4278,3.4339699999999995,3.44012,3.4462300000000003,3.4523099999999998,3.47119,3.48069,3.48654,3.4923900000000003,3.49825,3.50414,3.5100599999999997,3.51605,3.5221199999999997,3.52832,3.5346900000000003,3.54132,3.54831,3.6354900000000003,3.6431699999999996,3.6518900000000003,3.66226,3.6744199999999996,3.6846900000000002,3.69659,3.7109,3.72888,3.7526,3.77639,3.7808300000000004,3.78525,3.78965,3.7940400000000003,3.79841,3.8027599999999997,3.8071099999999998,3.81143,3.8171199999999996,3.8254099999999998,3.83336,3.85428,3.88191,3.89779
2M19443187+4858386_BSP_1600_HeFESTo_Input_File.txtHeFESTo_Output_File.txt,2.99352,3.00852,3.04773,3.17148,3.2079400000000002,3.22959,3.39108,3.4207400000000003,3.4350699999999996,3.44735,3.45914,3.4704300000000003,3.48125,3.4916300000000002,3.51579,3.52509,3.5340300000000004,3.54264,3.55096,3.5590300000000004,3.5668599999999997,3.5745,3.5819699999999997,3.5893,3.5965,3.60359,3.6106,3.6175300000000004,3.6244099999999997,3.6312300000000004,3.6380199999999996,3.64477,3.6515,3.6582199999999996,3.6649300000000005,3.67165,3.6783699999999997,3.68511,3.6918699999999998,3.69865,3.70548,3.71234,3.7655300000000005,3.7724900000000003,3.7795199999999998,3.78661,3.79379,3.80105,3.8084,3.81587,3.82344,3.83114,3.8389699999999998,3.8469599999999997,3.8551,3.86341,3.87192,3.8806300000000005,3.8895699999999995,3.89875,3.9082,3.91793,3.9279699999999997,3.93834,3.94907,3.9601599999999997,3.97163,3.98349,3.99575,4.0084,4.0214300000000005,4.030930000000001,4.035419999999999,4.03989,4.04434,4.048780000000001,4.05321,4.05934,4.06989,4.080019999999999,4.08974
2M19040872+4936522_BSP_1600_HeFESTo_Input_File.txtHeFESTo_Output_File.txt,3.1257099999999998,3.13615,3.14722,3.1571700000000003,3.1669099999999997,3.17646,3.18581,3.1949799999999997,3.20398,3.2128200000000002,3.22151,3.23006,3.23846,3.24674,3.25488,3.2629099999999998,3.27082,3.27861,3.2863,3.29389,3.30137,3.30876,3.31606,3.32332,3.3313,3.339,3.3465199999999995,3.3539,3.36113,3.3682300000000005,3.37523,3.38211,3.3889,3.3956,3.40222,3.40876,3.41523,3.42164,3.4279800000000002,3.4342699999999997,3.44052,3.4467199999999996,3.4609099999999997,3.47911,3.49033,3.4961599999999997,3.50199,3.5078199999999997,3.5136800000000004,3.5195800000000004,3.5255400000000003,3.53159,3.5377699999999996,3.54414,3.5507699999999995,3.55778,3.5964300000000002,3.60449,3.6137099999999998,3.62477,3.63657,3.6472599999999997,3.6596599999999997,3.6745300000000003,3.6930699999999996,3.71717,3.74988,3.79489,3.7993099999999997,3.8037099999999997,3.8081,3.81247,3.82081,3.83071,3.84027,3.8495,3.85839,3.86694,3.87857,3.9041900000000003,3.92381
2M19505021+4804508_BSP_1600_HeFESTo_Input_File.txtHeFESTo_Output_File.txt,3.15207,3.1617900000000003,3.1703200000000002,3.17873,3.18702,3.1952,3.2032700000000003,3.21123,3.21909,3.22686,3.2345200000000003,3.2421,3.2496,3.2570099999999997,3.2643400000000002,3.27159,3.2787699999999997,3.28588,3.2936900000000002,3.30125,3.3086300000000004,3.31586,3.3229699999999998,3.32997,3.33687,3.3436800000000004,3.3504099999999997,3.3570599999999997,3.36364,3.37016,3.3766199999999995,3.38301,3.38936,3.39566,3.40191,3.4081099999999998,3.4142699999999997,3.4204,3.42648,3.43254,3.43857,3.44456,3.45054,3.4651199999999998,3.47095,3.4767699999999997,3.4825800000000005,3.4884,3.4942300000000004,3.50009,3.50598,3.5119300000000004,3.51798,3.52415,3.53051,3.53715,3.65435,3.67346,3.68115,3.69012,3.7013199999999995,3.7158,3.72695,3.74035,3.75587,3.7603400000000002,3.76479,3.76922,3.7736400000000003,3.77805,3.78243,3.7868,3.7911599999999996,3.7955,3.7998300000000005,3.8041400000000003,3.80844,3.8150699999999995,3.8387599999999997,3.86679,3.88015
2M19255247+4020378_BSP_1600_HeFESTo_Input_File.txtHeFESTo_Output_File.txt,-0.00047999999999999996,0.009040000000000001,0.0007700000000000001
2M19165219+4753040_BSP_1600_HeFESTo_Input_File.txtHeFESTo_Output_File.txt,3.15808,3.16643,3.17464,3.18273,3.1907099999999997,3.1985799999999998,3.20635,3.21402,3.2216,3.2291,3.23652,3.2438599999999997,3.25113,3.25832,3.26545,3.27251,3.2795099999999997,3.2864400000000002,3.2936199999999998,3.30084,3.3079400000000003,3.31492,3.3218099999999997,3.32861,3.33532,3.34197,3.34855,3.35506,3.36151,3.3679099999999997,3.37426,3.38056,3.3868099999999997,3.39302,3.3991800000000003,3.40531,3.4113900000000004,3.41744,3.42346,3.42944,3.43539,3.4413199999999997,3.4472199999999997,3.45813,3.4639300000000004,3.46971,3.4754699999999996,3.4812300000000005,3.4869800000000004,3.49274,3.49851,3.50431,3.51016,3.51608,3.5221199999999997,3.5283300000000004,3.6517199999999996,3.68189,3.6885199999999996,3.696,3.705,3.71708,3.73639,3.74506,3.74954,3.75401,3.75846,3.76289,3.7673099999999997,3.7717199999999997,3.7761,3.7804699999999998,3.7848300000000004,3.78917,3.7935,3.7978099999999997,3.8021,3.80836,3.8313699999999997,3.8584699999999996,3.8820300000000003
2M19343286+4249298_BSP_1600_HeFESTo_Input_File.txtHeFESTo_Output_File.txt,3.1644099999999997,3.17255,3.18056,3.18846,3.1962599999999997,3.20396,3.21157,3.2191,3.22654,3.23392,3.2412099999999997,3.24844,3.25561,3.2627099999999998,3.26974,3.27672,3.28405,3.2914,3.29861,3.30568,3.31265,3.3195300000000003,3.3263199999999995,3.3330300000000004,3.33967,3.34625,3.35276,3.3592199999999997,3.3656300000000003,3.3719900000000003,3.3783,3.38456,3.39079,3.3969699999999996,3.40311,3.40922,3.41529,3.42133,3.4273300000000004,3.4333099999999996,3.43926,3.44519,3.45109,3.46006,3.4658800000000003,3.4717,3.4775,3.48329,3.48909,3.4949,3.5007300000000003,3.5066,3.5125300000000004,3.51855,3.52471,3.5310699999999997,3.6751099999999997,3.6924300000000003,3.6993400000000003,3.7072300000000005,3.7168699999999997,3.7294300000000002,3.735,3.7405699999999995,3.7461800000000003,3.75184,3.7576,3.76349,3.7685699999999995,3.7729800000000004,3.77737,3.78175,3.78611,3.79045,3.7947800000000003,3.7991,3.8035099999999997,3.81455,3.8383300000000005,3.86594,3.88991
2M19254039+3840204_BSP_1600_HeFESTo_Input_File.txtHeFESTo_Output_File.txt,3.1562900000000003,3.16472,3.17303,3.18122,3.18931,3.19728,3.20515,3.21293,3.2206099999999998,3.2282,3.2357,3.2431200000000002,3.25047,3.25773,3.26493,3.27205,3.2791099999999997,3.2861,3.2936199999999998,3.30093,3.3081,3.3151699999999997,3.32211,3.3289699999999995,3.33574,3.3424300000000002,3.34905,3.3556,3.3620900000000002,3.3685199999999997,3.3749,3.3812300000000004,3.38751,3.39374,3.3999300000000003,3.40608,3.41218,3.41825,3.42429,3.4302900000000003,3.4362699999999995,3.44222,3.44814,3.46035,3.46615,3.47194,3.4777099999999996,3.48349,3.48926,3.49505,3.50085,3.5067,3.5126199999999996,3.51862,3.5247699999999997,3.5311199999999996,3.6521,3.68015,3.6871400000000003,3.6951099999999997,3.70486,3.7180800000000005,3.73235,3.74484,3.75118,3.75565,3.7601,3.76453,3.76895,3.77335,3.77774,3.78211,3.7864699999999996,3.79081,3.7951300000000003,3.79944,3.8037400000000003,3.8100099999999997,3.83324,3.8606300000000005,3.88145
2M19340476+4116386_BSP_1600_HeFESTo_Input_File.txtHeFESTo_Output_File.txt,3.12899,3.13936,3.15023,3.16012,3.1697900000000003,3.1792700000000003,3.18857,3.19768,3.20664,3.21543,3.22408,3.23258,3.24094,3.24918,3.2572900000000002,3.2652799999999997,3.27316,3.2831900000000003,3.29282,3.3020099999999997,3.31083,3.31934,3.3275699999999997,3.3355699999999997,3.3433599999999997,3.35097,3.3584199999999997,3.36573,3.3729199999999997,3.3799900000000003,3.38695,3.39382,3.40061,3.4073300000000004,3.4139699999999995,3.42055,3.4270699999999996,3.4335400000000003,3.4399699999999998,3.4463699999999995,3.4527400000000004,3.4605900000000003,3.47514,3.4909800000000004,3.50104,3.50717,3.51335,3.5196,3.52595,3.5324400000000002,3.5391,3.546,3.5532199999999996,3.56086,3.5687800000000003,3.57661,3.6213,3.62996,3.6393400000000002,3.64965,3.66117,3.6743099999999997,3.6896400000000003,3.7079800000000005,3.7305900000000003,3.75938,3.7875099999999997,3.7919400000000003,3.79636,3.80076,3.80514,3.80951,3.81386,3.8182,3.82349,3.83235,3.8409199999999997,3.8492,3.8649699999999996,3.8898599999999997,3.90124
2M18585736+4935542_BSP_1600_HeFESTo_Input_File.txtHeFESTo_Output_File.txt,3.14742,3.1565,3.16542,3.1742,3.18284,3.19135,3.1997299999999997,3.20798,3.21611,3.2241299999999997,3.23204,3.23984,3.24755,3.25516,3.26268,3.27011,3.27745,3.2847199999999996,3.2919,3.29901,3.30605,3.3131800000000005,3.32055,3.32778,3.33491,3.3419,3.3488,3.35561,3.3623300000000005,3.36898,3.37555,3.38206,3.3885,3.39489,3.40122,3.40749,3.4137199999999996,3.4199,3.42604,3.43214,3.4382,3.44423,3.4502300000000004,3.4645699999999997,3.4736800000000003,3.47949,3.4852800000000004,3.4910699999999997,3.49686,3.5026599999999997,3.50849,3.51436,3.52031,3.52636,3.5325699999999998,3.5390099999999998,3.64808,3.6547400000000003,3.6620800000000004,3.67055,3.68105,3.69561,3.7190800000000004,3.73737,3.75644,3.767,3.77145,3.77589,3.78031,3.7847199999999996,3.78911,3.7934900000000003,3.79785,3.8022,3.8065300000000004,3.8108400000000002,3.81514,3.82139,3.8455800000000004,3.8739199999999996,3.8825800000000004
2M19290865+4054489_BSP_1600_HeFESTo_Input_File.txtHeFESTo_Output_File.txt,3.16529,3.18034,3.02972,3.18705,3.19619,3.20344,3.21063,3.2177700000000002,3.22485,3.23188,3.23887,3.24579,3.25268,3.2595099999999997,3.26629,3.27303,3.2797199999999997,3.28637,3.2929699999999995,3.2995300000000003,3.30605,3.3125199999999997,3.3189599999999997,3.32535,3.3317099999999997,3.33808,3.34441,3.35069,3.3569199999999997,3.36312,3.3692699999999998,3.3753900000000003,3.3814800000000003,3.3875300000000004,3.3935400000000002,3.39952,3.4054699999999998,3.4113900000000004,3.41727,3.4231300000000005,3.42895,3.43474,3.4405099999999997,3.44624,3.45195,3.4576300000000004,3.46328,3.4689099999999997,3.47451,3.4800800000000005,3.4856300000000005,3.49116,3.49666,3.5021400000000003,3.5076,3.51304,3.6366400000000003,3.6978400000000002,3.7024800000000004,3.7071099999999997,3.7117199999999997,3.71631,3.7208900000000003,3.72546,3.7300199999999997,3.7345800000000002,3.7391199999999998,3.74367,3.75204,3.7615199999999995,3.76632,3.7707699999999997,3.7752,3.77961,3.78399,3.78836,3.79271,3.79704,3.81639,3.84191,3.8716800000000005
2M19144528+4109042_BSP_1600_HeFESTo_Input_File.txtHeFESTo_Output_File.txt,3.13097,3.14105,3.1515400000000002,3.16118,3.17063,3.1798900000000003,3.18898,3.1979,3.20667,3.21529,3.22377,3.23212,3.24034,3.24843,3.25641,3.26428,3.27204,3.27969,3.28725,3.29471,3.30225,3.3106400000000002,3.3187,3.32655,3.3342,3.3416900000000003,3.3490300000000004,3.35624,3.36332,3.3703,3.3771699999999996,3.38395,3.39065,3.39727,3.4038199999999996,3.4103,3.4167199999999998,3.42309,3.42941,3.4356800000000005,3.44191,3.44811,3.4555599999999997,3.4752,3.48808,3.4939699999999996,3.4998699999999996,3.5058,3.5117599999999998,3.5177699999999996,3.5238699999999996,3.53009,3.5364699999999996,3.5430800000000002,3.55001,3.5573900000000003,3.61456,3.6230599999999997,3.63286,3.64465,3.65634,3.66764,3.68079,3.69657,3.7162300000000004,3.74174,3.77629,3.78893,3.79335,3.79775,3.80214,3.80651,3.8108699999999995,3.81521,3.8236800000000004,3.83261,3.84121,3.8494900000000003,3.86499,3.892,3.9073800000000003
2M19102533+4931237_BSP_1600_HeFESTo_Input_File.txtHeFESTo_Output_File.txt,3.15959,3.16807,3.17639,3.18457,3.1926200000000002,3.20056,3.20839,3.21612,3.22376,3.2313099999999997,3.2387799999999998,3.2461599999999997,3.25347,3.26071,3.2678700000000003,3.27497,3.282,3.2889699999999995,3.29604,3.30335,3.3105300000000004,3.3175800000000004,3.32453,3.3313900000000003,3.33816,3.34485,3.3514800000000005,3.3580300000000003,3.3645300000000002,3.3709599999999997,3.37735,3.3836800000000005,3.38996,3.3962,3.40239,3.4085400000000003,3.41465,3.4207300000000003,3.42677,3.43278,3.43875,3.4447099999999997,3.4506300000000003,3.46182,3.4676400000000003,3.47345,3.47925,3.48503,3.49082,3.4966199999999996,3.5024300000000004,3.50829,3.5142,3.5202,3.52633,3.53266,3.66171,3.68117,3.6880800000000002,3.69596,3.7055800000000003,3.71872,3.73999,3.74654,3.75253,3.7585800000000003,3.76304,3.7674800000000004,3.7719,3.77631,3.7807,3.7850800000000002,3.7894400000000004,3.79379,3.7981199999999995,3.80243,3.8067300000000004,3.8158800000000004,3.8391300000000004,3.8665,3.8844300000000005
2M18444674+4729496_BSP_1600_HeFESTo_Input_File.txtHeFESTo_Output_File.txt,3.1533900000000004,3.16268,3.17108,3.17936,3.1875299999999998,3.1956,3.20356,3.21143,3.2192,3.22689,3.23448,3.24199,3.24942,3.25677,3.26405,3.27125,3.2783800000000003,3.28569,3.29334,3.30079,3.3080800000000004,3.31524,3.32228,3.32921,3.33606,3.3428199999999997,3.3495,3.3561,3.36265,3.36913,3.37555,3.38191,3.38823,3.3945,3.4007199999999997,3.4069,3.41304,3.41914,3.4252,3.4312300000000002,3.43724,3.4432099999999997,3.4491699999999996,3.46305,3.46886,3.4746599999999996,3.48046,3.4862599999999997,3.49206,3.49789,3.50375,3.50966,3.51566,3.5217699999999996,3.52805,3.53459,3.6529,3.6764699999999997,3.68391,3.69255,3.70324,3.71346,3.72365,3.73581,3.7511300000000003,3.7577599999999998,3.76221,3.76664,3.77106,3.77546,3.77985,3.78422,3.7885699999999995,3.79291,3.7972300000000003,3.80154,3.8058400000000003,3.81198,3.83554,3.8633800000000003,3.88012
Sun_BSP_1600_HeFESTo_Input_File.txtHeFESTo_Output_File.txt,3.15196,3.16091,3.16958,3.1781200000000003,3.18653,3.19482,3.2029900000000002,3.21105,3.219,3.22684,3.2345900000000003,3.2422400000000002,3.24979,3.25727,3.26465,3.27196,3.2791900000000003,3.28634,3.29356,3.3012099999999998,3.3087,3.3160300000000005,3.32321,3.33028,3.33724,3.3441099999999997,3.35089,3.35759,3.36421,3.37077,3.3772699999999998,3.3837,3.39008,3.3964,3.40268,3.4089099999999997,3.41509,3.42124,3.42735,3.43342,3.43946,3.44547,3.4514699999999996,3.46565,3.47265,3.4784800000000002,3.4843,3.4901199999999997,3.49595,3.5018,3.5077,3.51365,3.51969,3.52587,3.53223,3.5388599999999997,3.65631,3.6691199999999995,3.6768199999999998,3.6858,3.69706,3.71265,3.7292300000000003,3.74365,3.75872,3.7631900000000003,3.76765,3.77209,3.77651,3.78091,3.7853,3.78968,3.7940400000000003,3.7983800000000003,3.80271,3.8070199999999996,3.81132,3.81868,3.84254,3.8707800000000003,3.88038
