2M19330298+4121544,3.15599,3.173,3.19901,3.2486099999999998,3.2622400000000003,3.27047,3.28442,3.29699,3.30806,3.31811,3.32743,3.33621,3.34458,3.3526300000000004,3.36041,3.3679900000000003,3.3753800000000003,3.3826199999999997,3.38973,3.3967300000000002,3.4036199999999996,3.41042,3.4171300000000002,3.4237699999999998,3.43034,3.43684,3.44329,3.44967,3.45601,3.4623,3.46854,3.50046,3.50662,3.5127300000000004,3.51879,3.5248,3.5307800000000005,3.5367300000000004,3.54264,3.5485300000000004,3.55439,3.5602400000000003,3.56607,3.5719,3.5777300000000003,3.58356,3.5894199999999996,3.5953,3.60124,3.6094199999999996,3.6589199999999997,3.6648199999999997,3.67085,3.6770699999999996,3.68355,3.69038,3.6977300000000004,3.7057900000000004,3.71484,3.7252400000000003,3.73823,3.85396,3.86196,3.8728800000000003,3.88982,3.90895,3.9311599999999998,3.94262,3.9519900000000003,3.96167,3.9718199999999997,3.9785800000000004,3.98466,3.9906900000000003,4.00131,4.01064,4.01898,4.02654,4.0334900000000005,4.03995,4.0460199999999995
2M19233947+4217116,3.17025,3.19087,3.2240900000000003,3.24077,3.24971,3.2585,3.26714,3.27564,3.28599,3.29771,3.30845,3.31845,3.32787,3.3368300000000004,3.3454099999999998,3.3536900000000003,3.3617,3.3694900000000003,3.3771,3.3845400000000003,3.39183,3.39899,3.40604,3.41298,3.4198199999999996,3.42657,3.43325,3.4398400000000002,3.4463699999999995,3.4528300000000005,3.4592199999999997,3.5074699999999996,3.51513,3.52115,3.5271199999999996,3.53305,3.53895,3.5448199999999996,3.55065,3.55646,3.56224,3.5680099999999997,3.57375,3.5794900000000003,3.58523,3.59096,3.59671,3.60249,3.6083,3.61515,3.6211,3.6271699999999996,3.6334199999999996,3.63991,3.64701,3.6543099999999997,3.66226,3.6710800000000003,3.681,3.6922099999999998,3.7250300000000003,3.83986,3.9146900000000002,3.9221800000000004,3.93701,3.9544300000000003,3.9742599999999997,3.9916300000000002,4.00055,4.00941,4.01587,4.02206,4.02803,4.03604,4.04601,4.0547,4.0624199999999995,4.0694,4.07581,4.08178,4.0874
2M19275056+4225588,3.15786,3.17082,3.18897,3.22911,3.27271,3.28045,3.30495,3.31504,3.32415,3.3326300000000004,3.34067,3.34839,3.35587,3.3631599999999997,3.3703,3.3773,3.3841900000000003,3.39099,3.39771,3.4043400000000004,3.41091,3.41742,3.4238699999999995,3.4302699999999997,3.4366199999999996,3.4429199999999995,3.4491699999999996,3.45539,3.4615699999999996,3.46771,3.4738300000000004,3.4925300000000004,3.49871,3.50484,3.5109199999999996,3.51695,3.52295,3.52892,3.53485,3.5407599999999997,3.54665,3.55252,3.55839,3.5642400000000003,3.5701,3.57597,3.58186,3.5877800000000004,3.59375,3.59979,3.66267,3.70376,3.70961,3.71562,3.72185,3.72839,3.7353699999999996,3.7429699999999997,3.75146,3.7612099999999997,3.77274,3.8254599999999996,3.83335,3.8467300000000004,3.8648599999999997,3.8856699999999997,3.91017,3.92009,3.9292800000000003,3.93825,3.94445,3.9504300000000003,3.95621,3.96181,3.96725,3.9731300000000003,3.98109,3.9883599999999997,3.99508,4.00137,4.0073
2M19352029+4237298,3.19083,3.21581,3.26017,3.29184,3.2989,3.30591,3.31299,3.32177,3.33006,3.33811,3.3460099999999997,3.35388,3.36179,3.3698599999999996,3.3782300000000003,3.3869599999999997,3.3959099999999998,3.4047400000000003,3.4131699999999996,3.4211400000000003,3.4287,3.43592,3.44288,3.44959,3.4557599999999997,3.4618800000000003,3.46795,3.4739800000000005,3.47997,3.4859199999999997,3.4918400000000003,3.4977300000000002,3.5035800000000004,3.50941,3.5152099999999997,3.52098,3.52673,3.53245,3.53815,3.5440300000000002,3.5499699999999996,3.5559,3.56184,3.56779,3.5737400000000004,3.57971,3.5856800000000004,3.59166,3.59767,3.60675,3.6835,3.7659199999999995,3.77106,3.77618,3.7813,3.78641,3.79152,3.7966300000000004,3.80175,3.8068800000000005,3.8120300000000005,3.81719,3.8298400000000004,3.84516,3.86283,3.88361,3.9061199999999996,3.91151,3.91705,3.92179,3.92595,3.9300900000000003,3.9342099999999998,3.93833,3.9437699999999998,3.9496,3.9552099999999997,3.9613300000000002,3.96734,3.97326,3.97906
2M19342430+4222471,3.14845,3.15976,3.1749,3.2069400000000003,3.29028,3.2978199999999998,3.3397300000000003,3.34849,3.35655,3.36418,3.3715300000000004,3.37866,3.38564,3.3925,3.39925,3.40593,3.4125199999999998,3.41906,3.42553,3.4319599999999997,3.43834,3.44467,3.45096,3.4572199999999995,3.4634400000000003,3.46962,3.4757800000000003,3.48191,3.48801,3.4940900000000004,3.5001599999999997,3.5102300000000004,3.5163900000000003,3.52251,3.5285900000000003,3.5346300000000004,3.54065,3.54665,3.55263,3.5586,3.5645599999999997,3.57051,3.57648,3.58245,3.58845,3.59447,3.60055,3.6066800000000003,3.6129,3.6226800000000003,3.69175,3.7392,3.74536,3.7517699999999996,3.7584800000000005,3.7656099999999997,3.77331,3.7818099999999997,3.7914,3.80153,3.8085,3.8156,3.8272199999999996,3.8437900000000003,3.86404,3.8879699999999997,3.8997300000000004,3.9104400000000004,3.9198,3.92639,3.9327400000000003,3.93885,3.94476,3.9504900000000003,3.9560400000000002,3.962,3.9703800000000005,3.9780300000000004,3.9851099999999997,3.99174,3.998
2M19331205+4131240,3.13279,3.1431299999999998,3.154,3.20553,3.27503,3.2831300000000003,3.32709,3.33774,3.3473599999999997,3.35627,3.36467,3.37269,3.3804300000000005,3.38792,3.39523,3.40239,3.40941,3.4163099999999997,3.4231199999999995,3.42984,3.43649,3.44306,3.4495699999999996,3.4560199999999996,3.46242,3.4687699999999997,3.47508,3.48135,3.48759,3.49379,3.4999599999999997,3.5243900000000004,3.53064,3.53684,3.5430099999999998,3.5491300000000003,3.55522,3.56129,3.56733,3.5733599999999996,3.5793800000000005,3.5854,3.5914300000000003,3.59746,3.60353,3.60963,3.6157800000000004,3.622,3.6283199999999995,3.63475,3.67726,3.7031199999999997,3.70975,3.7166699999999997,3.7239699999999996,3.7317699999999996,3.74025,3.74965,3.7603,3.77261,3.7871,3.8558199999999996,3.8653,3.8750699999999996,3.8926800000000004,3.91265,3.9303199999999996,3.93764,3.94461,3.9512699999999996,3.95765,3.9637800000000003,3.9696800000000003,3.9753800000000004,3.9809,3.9862599999999997,3.99148,3.9965599999999997,4.001530000000001,4.0064,4.01117
2M19004559+4601406,3.16142,3.17709,3.20071,3.24385,3.26262,3.2707,3.28605,3.29797,3.3085400000000003,3.31819,3.3271900000000003,3.3357099999999997,3.34385,3.3517,3.35932,3.36675,3.3740099999999997,3.3811400000000003,3.38814,3.3950400000000003,3.40184,3.40856,3.4152,3.4217699999999995,3.4282800000000004,3.4347199999999996,3.4411099999999997,3.44745,3.45373,3.4599699999999998,3.4661699999999995,3.49479,3.5009099999999997,3.50697,3.513,3.5189800000000004,3.52492,3.53084,3.53672,3.5425800000000005,3.5484199999999997,3.55424,3.56005,3.56585,3.57165,3.57746,3.5832800000000002,3.5891300000000004,3.5950300000000004,3.6009800000000003,3.6576199999999996,3.6752800000000003,3.68117,3.68721,3.6934699999999996,3.70005,3.70706,3.7147,3.7232199999999995,3.7329800000000004,3.74441,3.84584,3.85353,3.86274,3.8796800000000005,3.8989199999999995,3.92135,3.93669,3.9458,3.9552199999999997,3.96295,3.96904,3.97491,3.9806,3.9891699999999997,3.9979199999999997,4.00577,4.012919999999999,4.01952,4.02568,4.0315
2M19180152+4522155,3.17795,3.19135,3.21117,3.24111,3.2799300000000002,3.2875699999999997,3.31072,3.3205199999999997,3.32944,3.33777,3.3457,3.35333,3.36073,3.36796,3.3750400000000003,3.38199,3.38884,3.3956,3.40228,3.40889,3.41543,3.4219199999999996,3.42835,3.4347199999999996,3.44105,3.44734,3.45358,3.4597800000000003,3.46595,3.47209,3.47819,3.4941699999999996,3.50025,3.5062900000000004,3.5123,3.51827,3.52421,3.53013,3.5360199999999997,3.54189,3.54774,3.5535900000000002,3.55942,3.56525,3.5710900000000003,3.57694,3.58281,3.58872,3.59467,3.61176,3.67901,3.71584,3.7216,3.7275099999999997,3.7336300000000002,3.74005,3.74689,3.7543300000000004,3.7626199999999996,3.7721199999999997,3.7833099999999997,3.81796,3.82865,3.8452,3.86381,3.88525,3.9035599999999997,3.9124199999999996,3.9214900000000004,3.93091,3.9408300000000005,3.94843,3.95466,3.96536,3.97468,3.98295,3.99042,3.99727,4.00363,4.0096099999999995,4.01529
2M19240775+4902249,
2M19342205+4105425,3.21769,3.25279,3.2804300000000004,3.3006300000000004,3.30775,3.3148,3.32179,3.32976,3.3379300000000005,3.34593,3.3538699999999997,3.36188,3.37016,3.37909,3.3892800000000003,3.4008,3.4122,3.42246,3.4315900000000004,3.43991,3.44763,3.45494,3.46195,3.4687300000000003,3.4753,3.4814,3.48746,3.4934800000000004,3.49946,3.5054,3.51131,3.51718,3.5230300000000003,3.52885,3.53465,3.54046,3.54645,3.5524400000000003,3.5584300000000004,3.5644400000000003,3.5704599999999997,3.57649,3.58253,3.5886,3.5946800000000003,3.6007800000000003,3.6069,3.61305,3.61924,3.62546,3.69951,3.77469,3.78004,3.7853800000000004,3.79071,3.79605,3.8014,3.8067599999999997,3.8121400000000003,3.81754,3.8229900000000003,3.82959,3.84365,3.8594699999999995,3.87718,3.8971699999999996,3.9121699999999997,3.9163900000000003,3.9206,3.9247900000000002,3.9289699999999996,3.9331400000000003,3.93729,3.94159,3.94886,3.9560400000000002,3.96311,3.9700800000000003,3.97692,3.9836400000000003,3.99022
2M19384178+4204321,3.16597,3.18414,3.21604,3.24585,3.2544,3.26281,3.27109,3.28111,3.29299,3.3037099999999997,3.3136,3.32286,3.33164,3.34004,3.3481300000000003,3.35598,3.3636199999999996,3.3710699999999996,3.3783800000000004,3.38554,3.39259,3.3995300000000004,3.4063800000000004,3.41313,3.4198,3.4264,3.4329300000000003,3.43939,3.4458,3.45214,3.45844,3.4978599999999997,3.50397,3.5100300000000004,3.51605,3.52202,3.52795,3.53384,3.5397,3.5455300000000003,3.55134,3.55712,3.5628900000000003,3.5686400000000003,3.57439,3.58014,3.58589,3.5916699999999997,3.5974800000000005,3.60549,3.6426,3.6484,3.65432,3.6604,3.6667199999999998,3.6733599999999997,3.68048,3.6882800000000002,3.69735,3.70882,3.72163,3.8372800000000002,3.8843,3.8916800000000005,3.90717,3.9251,3.9457400000000002,3.96463,3.97321,3.982,3.9893300000000003,3.99539,4.0012300000000005,4.006880000000001,4.01457,4.023280000000001,4.03106,4.038130000000001,4.04464,4.05071,4.056430000000001
2M19134816+4014431,3.2640700000000002,3.3066400000000002,2.61369,3.44058
2M19071403+4918590,3.177,3.19041,3.21038,3.23964,3.2783599999999997,3.2859599999999998,3.30895,3.3186400000000003,3.32746,3.3357099999999997,3.3435699999999997,3.35115,3.3585,3.3656800000000002,3.3727199999999997,3.37965,3.3864699999999996,3.3932,3.39986,3.4064400000000004,3.4129699999999996,3.41943,3.42584,3.4322,3.43851,3.4447900000000002,3.4510099999999997,3.45721,3.4633599999999998,3.4694800000000003,3.47557,3.4906099999999998,3.49669,3.50273,3.50874,3.5147,3.52064,3.52655,3.5324400000000002,3.53831,3.5441599999999998,3.54999,3.5558199999999998,3.56165,3.5674699999999997,3.5733099999999998,3.5791699999999995,3.58506,3.59099,3.60546,3.67182,3.7143,3.72002,3.72588,3.7319400000000003,3.73829,3.74502,3.75233,3.76044,3.76971,3.7806,3.8118199999999995,3.82148,3.8378400000000004,3.85624,3.8774599999999997,3.89724,3.9060099999999998,3.91499,3.9243,3.9340900000000003,3.94371,3.95191,3.96256,3.97183,3.9800699999999996,3.9875199999999995,3.99435,4.0007,4.00667,4.01233
2M19415676+5100486,3.15082,3.16439,3.18451,3.22788,3.2834,3.2909900000000003,3.3212900000000003,3.3307599999999997,3.3393300000000004,3.34735,3.355,3.3623800000000004,3.3695699999999995,3.3766,3.38352,3.3903300000000005,3.39705,3.4037,3.4102699999999997,3.41679,3.42326,3.4296699999999998,3.43603,3.44235,3.44863,3.4548699999999997,3.4610800000000004,3.46725,3.47339,3.4795,3.48558,3.4975400000000003,3.50379,3.50999,3.5161300000000004,3.52224,3.5283,3.53433,3.5403300000000004,3.5463,3.55226,3.5582,3.56414,3.57007,3.5760199999999998,3.5819699999999997,3.58796,3.5939900000000002,3.60008,3.61616,3.68225,3.71365,3.71964,3.72581,3.7322300000000004,3.73901,3.7462699999999995,3.75423,3.76316,3.77346,3.7856400000000003,3.80269,3.8161300000000002,3.83319,3.85236,3.8744300000000003,3.88585,3.8955,3.90536,3.9155599999999997,3.92625,3.93762,3.94639,3.9563599999999997,3.96729,3.97695,3.9856300000000005,3.9935199999999997,4.00079,4.00756,4.01391
2M19263381+4114277,3.16866,3.1783900000000003,3.19087,3.2328099999999997,3.28729,3.29439,3.3146699999999996,3.3243099999999997,3.33336,3.34205,3.3503300000000005,3.3574300000000004,3.36438,3.3711900000000004,3.3779,3.3845199999999998,3.39106,3.39753,3.40394,3.4102900000000003,3.4165900000000002,3.4228400000000003,3.42905,3.4352199999999997,3.44135,3.4474400000000003,3.4535,3.45952,3.4655099999999996,3.4714699999999996,3.4774,3.4833,3.4891699999999997,3.49502,3.50084,3.5066300000000004,3.51241,3.51816,3.52389,3.52961,3.5353,3.5409800000000002,3.54665,3.5523,3.5579400000000003,3.5635800000000004,3.56921,3.5748300000000004,3.58045,3.5935599999999996,3.66285,3.74404,3.7491,3.75417,3.75926,3.7643800000000005,3.76954,3.77474,3.77998,3.7852900000000003,3.7906699999999995,3.7961300000000002,3.80597,3.82104,3.8384699999999996,3.8590400000000002,3.88289,3.8891199999999997,3.89566,3.90257,3.90993,3.9178300000000004,3.92539,3.92951,3.93589,3.94286,3.95055,3.95761,3.9641800000000003,3.97036,3.97621
2M19324327+4137039,3.1921,3.20661,3.22918,3.25588,3.27313,3.2807800000000005,3.29461,3.30473,3.31391,3.32246,3.3305800000000003,3.33837,3.34591,3.3532599999999997,3.36044,3.3675,3.3744300000000003,3.3812699999999998,3.3880199999999996,3.39469,3.40129,3.40783,3.4143,3.4207199999999998,3.42708,3.4334,3.4396699999999996,3.4459,3.4520800000000005,3.4582300000000004,3.46434,3.4820599999999997,3.4881,3.49411,3.50009,3.50602,3.5119300000000004,3.5178,3.52365,3.52947,3.5352699999999997,3.54105,3.54681,3.5525599999999997,3.5583099999999996,3.56405,3.5698,3.57556,3.58135,3.59968,3.66514,3.70225,3.70775,3.71334,3.71907,3.7250099999999997,3.73124,3.7379,3.74519,3.7534199999999998,3.763,3.8139800000000004,3.8228400000000002,3.83829,3.8556199999999996,3.8755300000000004,3.89855,3.9062300000000003,3.9140099999999998,3.922,3.93033,3.93917,3.9653199999999997,3.9750300000000003,3.9835300000000005,3.9911199999999996,3.99802,4.00439,4.010330000000001,4.01595,4.0213
2M19492496+4118001,3.17915,3.19157,3.20948,3.23717,3.27895,3.2864699999999996,3.31034,3.3196,3.3280800000000004,3.33607,3.3437300000000003,3.3511300000000004,3.35834,3.3654,3.3723300000000003,3.3791599999999997,3.38591,3.3925699999999996,3.3991599999999997,3.4056900000000003,3.4121599999999996,3.41857,3.4249400000000003,3.43126,3.4375400000000003,3.4437699999999998,3.4499699999999995,3.4561300000000004,3.4622599999999997,3.46835,3.47442,3.4876400000000003,3.4937099999999996,3.49974,3.5057300000000002,3.51169,3.51761,3.5235199999999995,3.5293900000000002,3.53525,3.54109,3.5469199999999996,3.55274,3.55855,3.56437,3.57019,3.5760300000000003,3.5819099999999997,3.58782,3.6007,3.66795,3.7212199999999998,3.72687,3.73265,3.73863,3.74488,3.7515,3.75866,3.7665900000000003,3.7756300000000005,3.78625,3.8089800000000005,3.8178099999999997,3.8342300000000002,3.8527400000000003,3.87413,3.8961300000000003,3.9047300000000003,3.9135400000000002,3.92266,3.93224,3.9392099999999997,3.9449,3.95445,3.9634400000000003,3.97145,3.9787,3.9853699999999996,3.99159,3.99745,4.00303
2M19063321+3929164,3.16337,3.1774299999999998,3.19774,3.2408200000000003,3.27061,3.27843,3.2977300000000005,3.3083699999999996,3.3179,3.32672,3.33503,3.3429800000000003,3.35065,3.3581,3.3653699999999995,3.3725,3.3795,3.38639,3.39319,3.3999099999999998,3.40655,3.41313,3.4196400000000002,3.4260900000000003,3.4324800000000004,3.4388300000000003,3.4451300000000002,3.4513800000000003,3.4576,3.46377,3.46991,3.4911,3.4972800000000004,3.5034,3.50947,3.5155,3.52149,3.5274400000000004,3.5333699999999997,3.53926,3.5451300000000003,3.55099,3.55683,3.5626599999999997,3.56849,3.5743199999999997,3.58017,3.58605,3.59197,3.6018199999999996,3.6646400000000003,3.69444,3.7002300000000004,3.7061699999999997,3.7123199999999996,3.71875,3.7256099999999996,3.73305,3.74135,3.75087,3.76211,3.8292900000000003,3.83702,3.85097,3.86864,3.88884,3.9125300000000003,3.92225,3.93108,3.94014,3.94956,3.9563699999999997,3.9622,3.96786,3.9751300000000005,3.98394,3.99185,3.99908,4.0057599999999995,4.012,4.01789
2M19480452+5024323,3.16085,3.17682,3.20114,3.24762,3.26839,3.27632,3.29265,3.30396,3.3140199999999997,3.32323,3.33187,3.34007,3.34796,3.3555900000000003,3.3630199999999997,3.3702699999999997,3.37739,3.3843900000000002,3.39128,3.39808,3.4048,3.4114400000000002,3.4180099999999998,3.4245099999999997,3.43096,3.43735,3.44369,3.44999,3.45624,3.46245,3.46861,3.49179,3.4979699999999996,3.5041,3.51019,3.5162199999999997,3.52222,3.5281800000000003,3.5341099999999996,3.5400099999999997,3.5458800000000004,3.55174,3.55758,3.5634099999999997,3.56924,3.5750699999999997,3.58092,3.58679,3.59271,3.6050400000000002,3.6656800000000005,3.6802599999999996,3.6861,3.6921,3.6983099999999998,3.7048099999999997,3.7117400000000003,3.7192800000000004,3.72769,3.7373199999999995,3.74864,3.8255800000000004,3.83342,3.8484300000000005,3.8656699999999997,3.8853,3.9062300000000003,3.9150300000000002,3.9239599999999997,3.9331400000000003,3.94274,3.9529699999999997,3.9665800000000004,3.97855,3.98895,3.99815,4.0064,4.01392,4.02084,4.02729,4.03336
2M19295476+4208322,3.16493,3.17826,3.1970400000000003,3.2439,3.27392,3.2815,3.30021,3.30974,3.3184199999999997,3.3265599999999997,3.3343199999999995,3.34182,3.34911,3.35625,3.36325,3.37015,3.37695,3.3836699999999995,3.3903199999999996,3.39689,3.40341,3.4098699999999997,3.4162800000000004,3.4226400000000003,3.42896,3.4352300000000002,3.44145,3.4476400000000003,3.45379,3.45991,3.46599,3.48096,3.4872199999999998,3.4934199999999995,3.49956,3.50565,3.5117,3.5177,3.52366,3.5295900000000002,3.5354900000000002,3.54136,3.5472099999999998,3.55305,3.5588699999999998,3.5647,3.5705199999999997,3.57637,3.58224,3.5979099999999997,3.66287,3.7011,3.70672,3.71244,3.7183300000000004,3.72445,3.7309099999999997,3.73785,3.7455,3.75423,3.7645,3.8091199999999996,3.81819,3.8340699999999996,3.85178,3.87207,3.8946,3.90274,3.91089,3.91914,3.9276,3.93641,3.9456900000000004,3.9547800000000004,3.9646800000000004,3.97359,3.9816300000000004,3.989,3.9958099999999996,4.002190000000001,4.0082
2M18473976+4246318,3.1842900000000003,3.1966099999999997,3.2137,3.2571,3.27736,3.28464,3.29871,3.3072,3.3150699999999995,3.32257,3.3298300000000003,3.33691,3.34385,3.35069,3.35745,3.3641199999999998,3.37074,3.3772900000000003,3.3837800000000002,3.3902300000000003,3.3966300000000005,3.4029800000000003,3.40929,3.4155599999999997,3.42179,3.4279800000000002,3.43414,3.44025,3.44634,3.4523900000000003,3.4584099999999998,3.4670900000000002,3.4733400000000003,3.47951,3.4856300000000005,3.4917,3.4977099999999997,3.50368,3.50961,3.5155,3.52136,3.5271800000000004,3.5329800000000002,3.53875,3.5445,3.55024,3.55597,3.56169,3.56742,3.59157,3.6601,3.7130400000000003,3.71831,3.72364,3.7290400000000004,3.7345699999999997,3.7402900000000003,3.7463,3.75274,3.7598599999999998,3.76805,3.78871,3.8007800000000005,3.81639,3.8339199999999996,3.8540900000000002,3.87629,3.8832800000000005,3.8902,3.8971199999999997,3.9041300000000003,3.91134,3.91888,3.9350699999999996,3.95189,3.9632300000000003,3.97223,3.97937,3.9857699999999996,3.9918199999999997,3.99756
2M19481670+4031304,3.19786,3.21144,3.2301900000000003,3.25276,3.27662,3.2896199999999998,3.3007199999999997,3.3104400000000003,3.31934,3.3276800000000004,3.33563,3.34329,3.3507300000000004,3.35799,3.3651,3.3720800000000004,3.3789599999999997,3.38575,3.39245,3.39909,3.40565,3.41215,3.41859,3.42499,3.4313300000000004,3.43762,3.4438699999999995,3.4500800000000003,3.45625,3.4623800000000005,3.4684800000000005,3.48501,3.4910300000000003,3.497,3.50295,3.50886,3.51475,3.52061,3.52644,3.53226,3.53805,3.5438300000000003,3.5495900000000002,3.55535,3.5611,3.5668599999999997,3.5726199999999997,3.57841,3.5842199999999997,3.60351,3.67105,3.71379,3.71929,3.7249,3.73066,3.7366300000000003,3.74292,3.74965,3.75705,3.7654,3.77512,3.81693,3.82637,3.8422300000000003,3.8600800000000004,3.8806300000000005,3.90349,3.9113300000000004,3.9193300000000004,3.9275900000000004,3.93624,3.95175,3.96255,3.9717800000000003,3.97986,3.98708,3.9936800000000003,3.99979,4.00552,4.01096,4.01617
2M19214099+3751064,3.20307,3.22324,3.24221,3.25755,3.2820400000000003,3.28904,3.3005,3.30838,3.3161,3.3237300000000003,3.33134,3.33903,3.34688,3.3549800000000003,3.3633599999999997,3.3718199999999996,3.3799300000000003,3.38645,3.3928800000000003,3.39925,3.40556,3.41181,3.4180099999999998,3.4241699999999997,3.4302900000000003,3.4363599999999996,3.4424,3.44841,3.4543800000000005,3.46032,3.46622,3.4721,3.4779400000000003,3.4837599999999997,3.48955,3.49531,3.50104,3.50675,3.51243,3.51809,3.5237300000000005,3.5293400000000004,3.53494,3.54051,3.5460599999999998,3.5516,3.55712,3.56262,3.5681,3.5762400000000003,3.6576800000000005,3.7507099999999998,3.7555099999999997,3.7603199999999997,3.7651199999999996,3.7699300000000004,3.77474,3.7795699999999997,3.78442,3.7892900000000003,3.7942,3.79914,3.8041300000000002,3.8177300000000005,3.8345599999999997,3.8544,3.87819,3.8969199999999997,3.9024699999999997,3.9083099999999997,3.91286,3.9180300000000003,3.92427,3.93024,3.9359900000000003,3.94153,3.9469,3.95211,3.95718,3.9621199999999996,3.96696
2M19274845+4304289,3.18713,3.2006200000000002,3.2201,3.26012,3.27427,3.28168,3.29376,3.3030199999999996,3.31147,3.3194199999999996,3.32703,3.33439,3.34157,3.34861,3.3555300000000003,3.36235,3.3690900000000004,3.37575,3.38234,3.38887,3.39535,3.4017699999999995,3.40814,3.41446,3.4207400000000003,3.4269800000000004,3.4331699999999996,3.4393300000000004,3.44545,3.4515300000000004,3.45758,3.46927,3.4754400000000003,3.48156,3.4876199999999997,3.4936300000000005,3.4996,3.5055300000000003,3.5114199999999998,3.5172800000000004,3.5231,3.5289,3.5346699999999998,3.5404199999999997,3.54615,3.5518699999999996,3.55758,3.5632900000000003,3.56901,3.59071,3.65723,3.7047199999999996,3.7100199999999997,3.71539,3.72084,3.72643,3.73221,3.7383,3.74485,3.75211,3.7604599999999997,3.7922599999999997,3.80304,3.8183,3.83544,3.85514,3.87765,3.88466,3.89165,3.89868,3.9058699999999997,3.91333,3.92366,3.9505800000000004,3.9658800000000003,3.9758400000000003,3.98311,3.98984,3.99612,4.00205,4.00769
2M19562938+4152003,3.1786,3.19267,3.2143200000000003,3.2475099999999997,3.27664,3.28427,3.30329,3.3132300000000003,3.3222199999999997,3.33061,3.3385800000000003,3.34625,3.35368,3.36093,3.3680199999999996,3.375,3.3818599999999996,3.38864,3.3953300000000004,3.40195,3.4085099999999997,3.415,3.42144,3.4278199999999996,3.43416,3.44045,3.4467,3.4529,3.4590699999999996,3.46521,3.47131,3.48717,3.4932800000000004,3.49934,3.5053699999999997,3.51135,3.5173,3.52322,3.52912,3.53499,3.54083,3.5466599999999997,3.55248,3.55829,3.5641,3.5699099999999997,3.57573,3.58158,3.5874699999999997,3.60514,3.67098,3.7067300000000003,3.7123800000000005,3.7181599999999997,3.72411,3.7303300000000004,3.7369,3.744,3.75187,3.76084,3.7713699999999997,3.8106400000000002,3.82099,3.83701,3.8549800000000003,3.87565,3.89486,3.90321,3.91171,3.92046,3.92962,3.93937,3.95705,3.9678,3.9771699999999996,3.9855,3.99303,3.99994,4.00634,4.01236,4.01806
2M19294013+4125007,3.16933,3.1826,3.20211,3.2311799999999997,3.2776699999999996,3.28528,3.3115699999999997,3.3212099999999998,3.3299800000000004,3.33819,3.3460099999999997,3.35354,3.3608599999999997,3.36801,3.3750199999999997,3.38191,3.3887099999999997,3.3954199999999997,3.40205,3.40861,3.4151199999999995,3.42156,3.4279599999999997,3.4343,3.4406,3.44686,3.45307,3.45925,3.4654,3.47151,3.4776,3.4921,3.4981800000000005,3.5042199999999997,3.5102300000000004,3.5162,3.5221400000000003,3.52806,3.53396,3.5398300000000003,3.54569,3.55154,3.5573900000000003,3.5632300000000003,3.5690800000000005,3.5749400000000002,3.58083,3.58675,3.5927300000000004,3.60185,3.66696,3.7143699999999997,3.72016,3.72612,3.7322900000000003,3.7387599999999996,3.7456400000000003,3.75313,3.76145,3.77095,3.78209,3.80884,3.8170900000000003,3.83355,3.85207,3.87344,3.89408,3.90329,3.91276,3.9226,3.93299,3.94038,3.9468300000000003,3.95776,3.96726,3.9757,3.98331,3.9902900000000003,3.9967699999999997,4.00286,4.00863
2M19342073+4255440,3.11638,3.1337200000000003,3.1597299999999997,3.21786,3.2583,3.2669,3.29189,3.3056400000000004,3.31757,3.32829,3.33814,3.3473599999999997,3.35609,3.36445,3.3725,3.3803,3.38789,3.3953,3.40257,3.4097,3.4167199999999998,3.42363,3.43045,3.43718,3.4438400000000002,3.45042,3.4569400000000003,3.4634,3.46981,3.4761699999999998,3.4824900000000003,3.52185,3.52812,3.5343199999999997,3.5404699999999996,3.5465800000000005,3.5526400000000002,3.5586699999999998,3.5646699999999996,3.57065,3.57661,3.58256,3.58851,3.5944599999999998,3.6004300000000002,3.6064199999999995,3.61246,3.6185400000000003,3.62471,3.6309699999999996,3.64532,3.6518300000000004,3.65856,3.6656,3.6730300000000002,3.681,3.68968,3.69929,3.7100800000000005,3.7223699999999997,3.73656,3.87646,3.8898599999999997,3.89912,3.9126199999999995,3.9324,3.9552699999999996,3.96526,3.9727699999999997,3.97994,3.9868,3.9933699999999996,3.99969,4.005780000000001,4.01167,4.01736,4.022880000000001,4.0283,4.03625,4.04358,4.05041
2M19174175+4643342,3.19827,3.20916,3.2227799999999998,3.23895,3.28537,3.29521,3.3182300000000002,3.3262300000000002,3.3337800000000004,3.34104,3.3481,3.35503,3.36184,3.3685699999999996,3.3752199999999997,3.3818,3.3883300000000003,3.3948,3.4012300000000004,3.4076,3.41394,3.42023,3.42648,3.4327,3.4388900000000002,3.44504,3.45116,3.45724,3.4633,3.4693400000000003,3.47535,3.48213,3.48812,3.4940900000000004,3.50003,3.5059400000000003,3.5118300000000002,3.51769,3.5235300000000005,3.52936,3.53517,3.5409699999999997,3.54676,3.55254,3.55833,3.5641300000000005,3.5699400000000003,3.5757800000000004,3.58166,3.59956,3.6710300000000005,3.7430199999999996,3.7484800000000003,3.75406,3.75981,3.7657800000000003,3.77138,3.77691,3.7824800000000005,3.7881,3.79379,3.79956,3.81063,3.82611,3.84407,3.86534,3.88626,3.8929300000000002,3.9003400000000004,3.9091,3.9183,3.9275599999999997,3.9380800000000002,3.9471,3.9550400000000003,3.9621800000000005,3.9687300000000003,3.97482,3.9805699999999997,3.9860300000000004,3.99128
2M19293325+4213597,3.19823,3.21148,3.22762,3.2478599999999997,3.27503,3.28946,3.30073,3.31061,3.31963,3.32809,3.3361400000000003,3.3438800000000004,3.3513900000000003,3.3587,3.3658699999999997,3.3729,3.3798199999999996,3.3866400000000003,3.3933800000000005,3.40004,3.4066300000000003,3.41315,3.4196199999999997,3.4260300000000004,3.4323900000000003,3.4387,3.4449699999999996,3.45119,3.45738,3.4635199999999995,3.4696300000000004,3.4874099999999997,3.4934,3.49936,3.50529,3.51119,3.51707,3.5229199999999996,3.52875,3.53455,3.54035,3.5461300000000002,3.55189,3.55766,3.56342,3.5691800000000002,3.57496,3.58077,3.58661,3.6021199999999998,3.66845,3.71153,3.7170900000000002,3.72276,3.7286,3.7346699999999995,3.7410699999999997,3.7479400000000003,3.7554800000000004,3.76398,3.7738199999999997,3.8193699999999997,3.82732,3.8431699999999998,3.861,3.88153,3.9056900000000003,3.91396,3.92239,3.93115,3.9403699999999997,3.9555800000000003,3.96611,3.9750699999999997,3.98291,3.9899400000000003,3.9963599999999997,4.00234,4.007969999999999,4.013330000000001,4.01847
2M19441136+4244348,3.15462,3.17025,3.19365,3.23615,3.2652900000000002,3.2735,3.2936099999999997,3.3058099999999997,3.31661,3.32646,3.3356199999999996,3.34427,3.3525400000000003,3.36049,3.3681900000000002,3.37569,3.38301,3.39019,3.39725,3.4041900000000003,3.4110300000000002,3.4177800000000005,3.42445,3.43105,3.43759,3.44406,3.4504699999999997,3.45683,3.46314,3.46941,3.4756400000000003,3.50642,3.51252,3.5185800000000005,3.5245900000000003,3.5305699999999995,3.53652,3.54244,3.54834,3.5542199999999995,3.56008,3.5659300000000003,3.57177,3.5776199999999996,3.5834699999999997,3.58935,3.59524,3.6011900000000003,3.60719,3.6132699999999995,3.6691800000000003,3.6785300000000003,3.68465,3.6909699999999996,3.6975800000000003,3.70457,3.7121,3.7203800000000005,3.72968,3.74036,3.75282,3.85785,3.86595,3.87575,3.89335,3.9133400000000003,3.93666,3.9494,3.9573300000000002,3.9639800000000003,3.97036,3.9765,3.98242,3.98815,3.99369,4.0008099999999995,4.00892,4.0163,4.02309,4.02944,4.03541
2M18455585+4712289,3.20011,3.21103,3.2246200000000003,3.24114,3.28,3.2873,3.30957,3.3178900000000002,3.3257,3.3331800000000005,3.3404300000000005,3.3475099999999998,3.35446,3.3613,3.36805,3.3747199999999995,3.3813199999999997,3.38786,3.39434,3.4007699999999996,3.40715,3.4134900000000004,3.4197800000000003,3.4260300000000004,3.43225,3.43842,3.44456,3.4506699999999997,3.45675,3.46279,3.46881,3.47822,3.4842,3.49015,3.49606,3.50195,3.5078199999999997,3.51366,3.5194699999999997,3.52527,3.5310599999999996,3.53683,3.5425800000000005,3.54834,3.55409,3.5598400000000003,3.56561,3.57139,3.57721,3.59078,3.66048,3.7355400000000003,3.74093,3.7464199999999996,3.7520599999999997,3.7579,3.7640300000000004,3.7705699999999998,3.77771,3.7857300000000005,3.7945300000000004,3.80039,3.8077300000000003,3.8239699999999996,3.8424400000000003,3.8639,3.88935,3.89804,3.9061,3.91445,3.9232,3.9293400000000003,3.93886,3.9474400000000003,3.9550199999999998,3.96185,3.9681300000000004,3.974,3.97955,3.98485,3.98996
2M19370743+4217274,3.18582,3.20193,3.2267,3.2623900000000003,3.27018,3.27788,3.2854900000000002,3.2960199999999995,3.3056300000000003,3.31449,3.32285,3.3308400000000002,3.33854,3.3460300000000003,3.35333,3.36049,3.36752,3.3744400000000003,3.3812699999999998,3.38801,3.3946699999999996,3.4012599999999997,3.4077900000000003,3.41426,3.42067,3.4270300000000002,3.4333400000000003,3.4396,3.44581,3.4519900000000003,3.4581199999999996,3.4777,3.48385,3.48995,3.496,3.502,3.5079599999999997,3.5138800000000003,3.5197599999999998,3.52561,3.5314300000000003,3.5372199999999996,3.5429800000000005,3.5487300000000004,3.5544599999999997,3.56017,3.5658800000000004,3.5716,3.57732,3.6012800000000005,3.6651599999999998,3.68444,3.6898800000000005,3.69538,3.701,3.70678,3.7128,3.71919,3.72614,3.73394,3.74402,3.8121199999999997,3.82294,3.8378400000000004,3.8544400000000003,3.8733800000000005,3.8939,3.90109,3.90827,3.91552,3.92296,3.9307199999999995,3.9495699999999996,3.9769900000000002,3.9916,3.9998099999999996,4.00726,4.014130000000001,4.020519999999999,4.02652,4.03222
2M18472048+4409213,3.17548,3.1903,3.21126,3.24092,3.2702,3.2848800000000002,3.2979199999999995,3.3091800000000005,3.3193,3.3286300000000004,3.33739,3.3460900000000002,3.35382,3.36145,3.3689699999999996,3.3763099999999997,3.38349,3.39055,3.3974900000000003,3.4043400000000004,3.41109,3.4177699999999995,3.4243699999999997,3.4309,3.43738,3.4437900000000004,3.45015,3.4564699999999995,3.46273,3.46896,3.47515,3.5015,3.5075199999999995,3.5135,3.51946,3.52538,3.53128,3.5371599999999996,3.5430099999999998,3.54885,3.5546699999999998,3.56049,3.56629,3.5721,3.5779199999999998,3.58375,3.5896,3.5954900000000003,3.60143,3.61038,3.67306,3.69429,3.70019,3.70626,3.71257,3.71921,3.7263,3.7340400000000002,3.7426800000000005,3.75254,3.7640300000000004,3.84723,3.85486,3.86783,3.8856599999999997,3.90602,3.92985,3.94081,3.9503,3.95672,3.9628900000000002,3.96883,3.9745699999999995,3.9811099999999997,3.99024,3.9983,4.00557,4.01225,4.01846,4.02431,4.02988
2M19253372+4210501,3.1426,3.15424,3.17395,3.21568,3.26735,3.27563,3.3048699999999998,3.31714,3.3279900000000002,3.33786,3.3470400000000002,3.3557,3.36396,3.3719099999999997,3.37961,3.3871,3.3944199999999998,3.40159,3.4086300000000005,3.4155599999999997,3.42239,3.4291400000000003,3.4358,3.44239,3.4489199999999998,3.4553800000000003,3.46179,3.46815,3.4744599999999997,3.4807300000000003,3.48696,3.5188699999999997,3.5249699999999997,3.53102,3.53704,3.54302,3.5489800000000002,3.5549199999999996,3.5608400000000002,3.5667400000000002,3.5726400000000003,3.57853,3.5844199999999997,3.5903300000000002,3.59625,3.60221,3.6082,3.61426,3.62039,3.6266199999999995,3.6737,3.6856199999999997,3.69202,3.6986800000000004,3.7056699999999996,3.7131199999999995,3.7212,3.73011,3.74015,3.75165,3.765,3.86865,3.8773400000000002,3.88611,3.90251,3.92165,3.9437900000000004,3.9521800000000002,3.95909,3.9656800000000003,3.9719900000000004,3.97805,3.98388,3.9895099999999997,3.99497,4.00026,4.0054099999999995,4.01043,4.01534,4.02191,4.02816
2M19162065+4133465,3.1711099999999997,3.1838,3.20115,3.2278599999999997,3.27406,3.2818199999999997,3.3080800000000004,3.3181800000000004,3.3273699999999997,3.3359400000000003,3.34407,3.35187,3.3594199999999996,3.3667599999999998,3.37394,3.38098,3.3879,3.3947199999999995,3.40145,3.4081099999999998,3.4146900000000002,3.4212,3.42766,3.4340599999999997,3.44041,3.44671,3.4529699999999997,3.45919,3.4653699999999996,3.4715199999999995,3.4776300000000004,3.49707,3.5030900000000003,3.50906,3.5150099999999997,3.52094,3.5268300000000004,3.53271,3.5385699999999995,3.54441,3.55024,3.55606,3.5618800000000004,3.5677,3.5735300000000003,3.5793800000000005,3.58525,3.5911699999999995,3.5971300000000004,3.6031800000000005,3.6645800000000004,3.71295,3.7187900000000003,3.7248,3.7310300000000005,3.7375800000000003,3.7445699999999995,3.7521699999999996,3.7606300000000004,3.77028,3.7815300000000005,3.82959,3.8372699999999997,3.84997,3.86839,3.88961,3.9146199999999998,3.9260900000000003,3.93261,3.9388699999999996,3.9448800000000004,3.9506699999999997,3.9562800000000005,3.96171,3.96699,3.9749199999999996,3.9821800000000005,3.98886,3.9950900000000003,4.00098,4.00659
2M19322220+4121198,3.13565,3.1533700000000002,3.18072,3.23064,3.2603,3.2688599999999997,3.2903,3.30395,3.3159,3.32666,3.3365699999999996,3.34584,3.3546199999999997,3.36301,3.37109,3.37892,3.3865300000000005,3.3939699999999995,3.40124,3.4083900000000003,3.41541,3.42233,3.42915,3.43589,3.44254,3.4491300000000003,3.45565,3.46211,3.46852,3.47488,3.4811900000000002,3.52005,3.52618,3.5322699999999996,3.5383199999999997,3.5443300000000004,3.5503099999999996,3.55626,3.5622,3.56811,3.57401,3.5799,3.5857900000000003,3.5916900000000003,3.5976,3.60354,3.60952,3.61555,3.62165,3.6278599999999996,3.6507199999999997,3.65708,3.6636599999999997,3.6705099999999997,3.67774,3.6854699999999996,3.6938800000000005,3.70318,3.71363,3.7255,3.73956,3.87704,3.88625,3.8951,3.9111599999999997,3.9309,3.9537400000000003,3.9653300000000002,3.97274,3.97981,3.98659,3.99309,3.99934,4.00537,4.01119,4.01789,4.0269,4.035019999999999,4.04245,4.04933,4.05576
2M19394766+4626191,3.18288,3.19385,3.2085,3.22991,3.28105,3.2884,3.31584,3.32427,3.3321400000000003,3.33964,3.34691,3.35399,3.36093,3.3677699999999997,3.37451,3.3811699999999996,3.3877599999999997,3.39428,3.40075,3.40717,3.4135400000000002,3.4198699999999995,3.42615,3.4324,3.4386,3.44478,3.45091,3.4570199999999995,3.4630900000000002,3.4691400000000003,3.47517,3.4846,3.49062,3.49661,3.5025699999999995,3.5085,3.5144,3.52028,3.5261400000000003,3.5319800000000003,3.5378,3.5436099999999997,3.5494199999999996,3.5552300000000003,3.56104,3.5668599999999997,3.5727,3.5785699999999996,3.58448,3.59398,3.66265,3.73478,3.7403699999999995,3.74609,3.752,3.7581599999999997,3.7646900000000003,3.7717300000000002,3.7795,3.78833,3.7961099999999997,3.8023,3.80951,3.8252900000000003,3.8442,3.86615,3.89028,3.8989300000000005,3.90781,3.91704,3.9236199999999997,3.9293400000000003,3.93488,3.9419800000000005,3.9504900000000003,3.9581,3.9650300000000005,3.97145,3.9774599999999998,3.98316,3.9886
2M19104752+4220194,3.2429,3.26062,3.27015,3.27975,3.2867699999999997,3.29374,3.30065,3.3075099999999997,3.31439,3.3216,3.32879,3.33598,3.34331,3.35125,3.3611,3.3717699999999997,3.3809400000000003,3.38902,3.39646,3.4035,3.41028,3.41687,3.4233300000000004,3.4296800000000003,3.43595,3.44216,3.4483,3.4544,3.46045,3.46651,3.47404,3.47994,3.48582,3.49166,3.4974800000000004,3.50328,3.50905,3.5148099999999998,3.5205599999999997,3.5263,3.5320300000000002,3.53776,3.5434900000000003,3.5492199999999996,3.55496,3.56072,3.5664800000000003,3.5722699999999996,3.5780800000000004,3.58391,3.64995,3.7614699999999996,3.76645,3.7714199999999996,3.77638,3.78134,3.78629,3.79124,3.7959699999999996,3.8005,3.80502,3.8095199999999996,3.8140099999999997,3.82703,3.8435099999999998,3.86292,3.88617,3.90401,3.9081699999999997,3.91232,3.91645,3.92058,3.92469,3.92878,3.93356,3.93937,3.9451300000000002,3.9508199999999998,3.95643,3.96196,3.9674
2M19322256+4253471,3.1774299999999998,3.19235,3.21447,3.2538,3.26567,3.27355,3.28554,3.2967,3.30669,3.3158800000000004,3.32451,3.33273,3.3406300000000004,3.34827,3.35572,3.36299,3.3701199999999996,3.3771400000000003,3.38404,3.39085,3.3975699999999995,3.4042199999999996,3.41079,3.4173,3.42375,3.43014,3.4364800000000004,3.44277,3.44901,3.4552099999999997,3.4613699999999996,3.4858599999999997,3.4919599999999997,3.498,3.50401,3.5099699999999996,3.51589,3.52179,3.52765,3.5334800000000004,3.5392900000000003,3.5450800000000005,3.55085,3.5566,3.56236,3.56811,3.57386,3.5796300000000003,3.58543,3.59626,3.65812,3.68537,3.69099,3.69673,3.70263,3.70876,3.71524,3.72221,3.72991,3.7386699999999995,3.74893,3.83495,3.8420900000000002,3.8540900000000002,3.87091,3.8900900000000003,3.9125099999999997,3.92689,3.93497,3.9432400000000003,3.95186,3.9609900000000002,3.96711,3.9763699999999997,3.98547,3.9935400000000003,4.0008300000000006,4.0075199999999995,4.013730000000001,4.01957,4.02511
2M19284485+4143373,3.14756,3.15984,3.1764099999999997,3.20991,3.27768,3.2854900000000002,3.32059,3.3307300000000004,3.3399,3.3484300000000005,3.3565,3.36424,3.3717300000000003,3.3790199999999997,3.38615,3.39315,3.40003,3.4068199999999997,3.4135199999999997,3.42014,3.4267,3.43319,3.43963,3.44601,3.45235,3.45864,3.46489,3.4711,3.4772800000000004,3.4834300000000002,3.48955,3.50864,3.51474,3.52081,3.5268300000000004,3.53283,3.5388,3.54475,3.5506699999999998,3.5565900000000004,3.56249,3.56839,3.5743,3.5802099999999997,3.5861400000000003,3.5921,3.5981,3.60416,3.6102800000000004,3.61651,3.6732099999999996,3.7163,3.72246,3.7288300000000003,3.7355,3.7425599999999997,3.7501800000000003,3.7585599999999997,3.76798,3.7788199999999996,3.79156,3.834,3.8424300000000002,3.8559300000000003,3.8752199999999997,3.89745,3.9191199999999995,3.9261800000000004,3.9329099999999997,3.9393599999999998,3.94555,3.95151,3.9572599999999998,3.9628300000000003,3.96824,3.97349,3.9786099999999998,3.9845300000000003,3.9914199999999997,3.9978800000000003,4.00399
2M19510878+4753100,3.17083,3.18528,3.20633,3.24906,3.2688599999999997,3.2766900000000003,3.29195,3.3027699999999998,3.3124599999999997,3.3214,3.32982,3.33786,3.3456,3.3531199999999997,3.36045,3.36763,3.37468,3.38162,3.38845,3.3952,3.4018800000000002,3.4084800000000004,3.4150099999999997,3.4214800000000003,3.4279,3.4342599999999996,3.44058,3.4468400000000003,3.45307,3.45925,3.46539,3.4876300000000002,3.49378,3.49988,3.50593,3.51194,3.5179099999999996,3.5238400000000003,3.5297400000000003,3.5356099999999997,3.54146,3.54728,3.55309,3.5588800000000003,3.5646699999999996,3.57047,3.5762699999999996,3.58209,3.58794,3.6000099999999997,3.6628199999999995,3.6906,3.6962800000000002,3.7021,3.7080900000000003,3.71435,3.72097,3.72813,3.73607,3.74515,3.75584,3.8305300000000004,3.8379800000000004,3.85176,3.86904,3.88875,3.91184,3.9229800000000004,3.9313300000000004,3.9398699999999995,3.9487400000000004,3.9581,3.96401,3.97024,3.97983,3.9883300000000004,3.99599,4.0029900000000005,4.00949,4.01556,4.02131
2M19140739+4056322,3.17789,3.1919,3.2124599999999996,3.25107,3.27342,3.28113,3.2973199999999996,3.3076,3.3168800000000003,3.32551,3.3336699999999997,3.3414900000000003,3.3490599999999997,3.3564199999999995,3.3636199999999996,3.37069,3.3776300000000004,3.3844800000000004,3.3912400000000003,3.3979199999999996,3.4045199999999998,3.4110699999999996,3.41755,3.4239699999999997,3.43035,3.43667,3.44295,3.44918,3.45537,3.46153,3.46765,3.4864599999999997,3.4926,3.4986800000000002,3.5047099999999998,3.51071,3.51666,3.52259,3.5284800000000005,3.5343400000000003,3.5401800000000003,3.546,3.5518099999999997,3.5576,3.56339,3.5691800000000002,3.5749800000000005,3.5807900000000004,3.58664,3.60342,3.66857,3.7006900000000003,3.7063099999999998,3.71205,3.7179699999999998,3.7241199999999997,3.73063,3.73766,3.7454300000000003,3.7543,3.76474,3.8215800000000004,3.8300699999999996,3.8458300000000003,3.86345,3.88364,3.90639,3.9145,3.9227,3.93111,3.93986,3.9491199999999997,3.95802,3.9687099999999997,3.97804,3.98633,3.9938300000000004,4.0007,4.00708,4.01306,4.018730000000001
2M19283906+4101236,3.16301,3.17766,3.19968,3.2394,3.2688900000000003,3.27675,3.29619,3.30709,3.3168300000000004,3.3258099999999997,3.33425,3.3423,3.35006,3.3575800000000005,3.36491,3.3720800000000004,3.37912,3.38605,3.3928800000000003,3.3996199999999996,3.40628,3.41287,3.4194,3.4258599999999997,3.4322699999999995,3.4386300000000003,3.4449300000000003,3.4512,3.4574199999999995,3.4636,3.4697400000000003,3.49159,3.4977199999999997,3.5038099999999996,3.50984,3.5158400000000003,3.5218,3.5277300000000005,3.5336300000000005,3.53951,3.5453699999999997,3.5512099999999998,3.55704,3.5628599999999997,3.56868,3.57451,3.5803599999999998,3.58624,3.59216,3.59885,3.66016,3.69067,3.6964900000000003,3.70246,3.70865,3.7151300000000003,3.7220199999999997,3.72951,3.73785,3.74738,3.7585699999999997,3.8264699999999996,3.8341800000000004,3.8469599999999997,3.86446,3.88446,3.9079300000000003,3.9184900000000003,3.9275900000000004,3.93699,3.9468400000000003,3.9547800000000004,3.9606800000000004,3.96861,3.9785,3.98725,3.9951199999999996,4.0023,4.00894,4.01515,4.0210099999999995
2M18561467+4530246,3.19298,3.2062,3.22526,3.2488599999999996,3.28013,3.29083,3.3073,3.3166900000000004,3.3253,3.3334099999999998,3.34116,3.34865,3.3559400000000004,3.3630699999999996,3.37006,3.37695,3.38375,3.39046,3.39709,3.40366,3.41017,3.4166199999999995,3.4230199999999997,3.4293699999999996,3.4356699999999996,3.44193,3.44815,3.45434,3.4604800000000004,3.46659,3.47267,3.4865800000000005,3.4926199999999996,3.49862,3.5045900000000003,3.5105199999999996,3.51643,3.52231,3.52817,3.53401,3.5398199999999997,3.5456300000000005,3.55142,3.5572,3.56299,3.5687800000000003,3.57458,3.5804099999999996,3.58627,3.6067,3.67527,3.7200800000000003,3.72563,3.7313,3.73714,3.7432199999999995,3.7496300000000002,3.75654,3.76415,3.7728,3.7829099999999998,3.8101800000000003,3.8214599999999996,3.83771,3.85604,3.87719,3.8967300000000002,3.90485,3.91315,3.92173,3.9307199999999995,3.94034,3.9566800000000004,3.96639,3.97488,3.9824599999999997,3.98936,3.9957300000000004,4.00168,4.0073099999999995,4.01269
2M19405434+5033323,
2M18495813+4358487,3.16265,3.17605,3.19507,3.2383900000000003,3.27065,3.2783,3.2980400000000003,3.30795,3.31691,3.3252599999999997,3.3332,3.3408300000000004,3.34824,3.3554699999999995,3.36255,3.36951,3.37636,3.3831300000000004,3.3898099999999998,3.3964199999999996,3.40297,3.4094599999999997,3.41589,3.4222699999999997,3.4286,3.43489,3.4411300000000002,3.4473300000000004,3.45349,3.4596199999999997,3.46571,3.4825800000000005,3.4887900000000003,3.49495,3.50105,3.5071,3.5131099999999997,3.51908,3.5250199999999996,3.5309199999999996,3.5368,3.5426599999999997,3.54849,3.5543199999999997,3.56014,3.56596,3.57179,3.57764,3.5835199999999996,3.5919300000000005,3.65489,3.6981800000000002,3.70385,3.70965,3.71562,3.7218400000000003,3.72841,3.7355,3.7433300000000003,3.7522599999999997,3.7627599999999997,3.81315,3.82081,3.83461,3.8521400000000003,3.87224,3.8958699999999995,3.90668,3.9151300000000004,3.9237599999999997,3.93267,3.942,3.9499400000000002,3.95559,3.96458,3.97335,3.98126,3.98849,3.99519,4.00145,4.00736
2M19253263+4159249,3.16997,3.18284,3.20113,3.23253,3.27169,3.27941,3.30237,3.3125,3.3216900000000003,3.3302400000000003,3.33835,3.3461300000000005,3.3536599999999996,3.36098,3.36815,3.3751800000000003,3.3820900000000003,3.3889099999999996,3.39563,3.40228,3.40886,3.41537,3.42182,3.4282199999999996,3.43457,3.44087,3.4471199999999995,3.4533400000000003,3.45951,3.46565,3.4717599999999997,3.49082,3.4968800000000004,3.5029,3.5088800000000004,3.5148300000000003,3.52074,3.5266300000000004,3.5325,3.53835,3.5441800000000003,3.55,3.5558099999999997,3.5616199999999996,3.5674300000000003,3.57325,3.5790900000000003,3.5849699999999998,3.5908800000000003,3.5968699999999996,3.6581300000000003,3.70745,3.7132099999999997,3.7191099999999997,3.7252199999999998,3.73161,3.73841,3.7457800000000003,3.75397,3.7633099999999997,3.77426,3.8252599999999997,3.83275,3.84479,3.8627599999999997,3.88343,3.9077900000000003,3.92079,3.92995,3.93685,3.94288,3.9487,3.95434,3.9598,3.9657400000000003,3.97385,3.98118,3.98792,3.99419,4.00009,4.0057
2M19052120+4844387,3.16845,3.18249,3.20289,3.24122,3.26625,3.27415,3.29149,3.30252,3.31241,3.3215199999999996,3.33008,3.3382300000000003,3.3460699999999997,3.3536699999999997,3.36107,3.3683,3.3754,3.3823800000000004,3.38925,3.39603,3.4027199999999995,3.4093400000000003,3.4159,3.42239,3.4288199999999995,3.43519,3.4415199999999997,3.4477900000000004,3.4540300000000004,3.4602199999999996,3.4663699999999995,3.4906900000000003,3.49678,3.5028300000000003,3.50883,3.51479,3.52072,3.52662,3.53249,3.5383400000000003,3.54417,3.54998,3.55577,3.56156,3.56735,3.57315,3.57896,3.5848,3.59067,3.5966,3.65646,3.6909,3.69666,3.70256,3.70865,3.7150300000000005,3.72181,3.72916,3.7373199999999995,3.74665,3.7576099999999997,3.8384199999999997,3.84585,3.8558800000000004,3.87316,3.8929,3.91604,3.93195,3.94075,3.94854,3.9546099999999997,3.9604699999999995,3.96613,3.9716099999999996,3.97695,3.9850199999999996,3.9924699999999995,3.99928,4.00561,4.01155,4.017180000000001
2M19045932+5014326,3.15758,3.16852,3.1832,3.20724,3.2912800000000004,3.29861,3.34069,3.3487,3.3561,3.3631599999999997,3.3700900000000003,3.3769099999999996,3.38363,3.39028,3.3968599999999998,3.4033800000000003,3.40985,3.41626,3.4226300000000003,3.42896,3.43525,3.44149,3.44771,3.4538900000000003,3.46003,3.46615,3.47224,3.4783,3.48434,3.49035,3.49634,3.50231,3.5082699999999996,3.51421,3.52014,3.52605,3.5319599999999998,3.53786,3.54376,3.54965,3.55555,3.56146,3.56737,3.57329,3.57922,3.5851699999999997,3.59114,3.59712,3.60313,3.6122199999999998,3.6815900000000004,3.74597,3.7515699999999996,3.7572099999999997,3.7629099999999998,3.7686599999999997,3.7744699999999995,3.78036,3.78634,3.7924300000000004,3.79865,3.80501,3.8169800000000005,3.8328,3.85126,3.87325,3.8878800000000004,3.89586,3.9044800000000004,3.9133,3.91848,3.9245699999999997,3.9304699999999997,3.93643,3.9463800000000004,3.9552199999999997,3.9632199999999997,3.97055,3.9773699999999996,3.98377,3.98984
2M19571668+4123047,3.1907900000000002,3.20204,3.21617,3.23326,3.2869900000000003,3.3031800000000002,3.32344,3.3315900000000003,3.33924,3.3465599999999998,3.35368,3.36064,3.3674800000000005,3.3742300000000003,3.3809,3.3875,3.3940300000000003,3.4005099999999997,3.40694,3.41333,3.4196699999999995,3.4259699999999995,3.43223,3.43845,3.44464,3.4508,3.4569199999999998,3.4630199999999998,3.46909,3.4751300000000005,3.48115,3.4880699999999996,3.4940800000000003,3.50006,3.50602,3.51194,3.51785,3.5237300000000005,3.5296,3.53545,3.5412800000000004,3.54711,3.55294,3.55876,3.56459,3.57044,3.5763,3.58221,3.58816,3.60509,3.6760699999999997,3.74245,3.7480599999999997,3.7538099999999996,3.75975,3.76591,3.7715400000000003,3.77722,3.78295,3.78874,3.79461,3.80059,3.81251,3.8281099999999997,3.84626,3.8677900000000003,3.88541,3.89249,3.9007400000000003,3.91026,3.92032,3.9282800000000004,3.93948,3.94906,3.9574599999999998,3.9649900000000002,3.97186,3.9782300000000004,3.98421,3.9898800000000003,3.99531
2M19383520+4153027,3.09362,3.11353,3.14525,3.22912,3.25414,3.26565,3.28128,3.2941,3.30525,3.31532,3.3246300000000004,3.3334,3.34176,3.34979,3.3575699999999995,3.36515,3.3725400000000003,3.3797900000000003,3.3869,3.39391,3.40081,3.40763,3.41436,3.42101,3.4276,3.4341199999999996,3.4405900000000003,3.44699,3.45335,3.45966,3.46593,3.4973199999999998,3.50391,3.51041,3.51683,3.5231800000000004,3.52947,3.53569,3.54186,3.54799,3.5540800000000004,3.5601300000000005,3.56616,3.57217,3.5781699999999996,3.5841800000000004,3.59019,3.5962400000000003,3.6023199999999997,3.60848,3.6177599999999996,3.62411,3.63065,3.63743,3.64454,3.65211,3.6602900000000003,3.66945,3.67971,3.6909199999999998,3.7057,3.8310199999999996,3.8414099999999998,3.8516800000000004,3.86815,3.88635,3.9047099999999997,3.91523,3.92571,3.93632,3.9472099999999997,3.9585800000000004,3.9706,3.9834300000000002,3.99338,4.00584,4.01697,4.02701,4.03615,4.04456,4.05236
2M19344300+4651099,3.1852099999999997,3.1968,3.21272,3.23648,3.27608,3.2835400000000003,3.30614,3.31515,3.3234800000000004,3.3313599999999997,3.3389300000000004,3.3462699999999996,3.3534300000000004,3.36044,3.36734,3.37414,3.3808599999999998,3.38749,3.3940599999999996,3.4005699999999996,3.4070199999999997,3.41342,3.4197699999999998,3.4260699999999997,3.4323300000000003,3.43855,3.4447300000000003,3.4508699999999997,3.45698,3.46306,3.4691099999999997,3.4821699999999995,3.4881900000000003,3.4941800000000005,3.5001300000000004,3.50604,3.5119300000000004,3.5178,3.5236400000000003,3.52946,3.53526,3.54105,3.5468300000000004,3.55261,3.55838,3.5641599999999998,3.56996,3.5757800000000004,3.58163,3.59001,3.6570199999999997,3.7238599999999997,3.72939,3.73504,3.74086,3.7469099999999997,3.7533,3.76016,3.7677099999999997,3.77625,3.7862199999999997,3.80911,3.8161400000000003,3.83094,3.84915,3.8702199999999998,3.8951599999999997,3.9065300000000005,3.91497,3.92371,3.93035,3.9359900000000003,3.94147,3.94809,3.95641,3.96385,3.9706300000000003,3.9769,3.98279,3.9883800000000003,3.9937099999999996
2M19285614+4134307,3.1337900000000003,3.1484799999999997,3.16953,3.2227,3.26602,3.27405,3.2988800000000005,3.3100400000000003,3.31998,3.3291199999999996,3.33771,3.34588,3.35374,3.36136,3.3687699999999996,3.3760199999999996,3.38314,3.39013,3.39702,3.40381,3.4105199999999996,3.41716,3.4237300000000004,3.4302300000000003,3.4366800000000004,3.4430699999999996,3.44942,3.45571,3.4619699999999995,3.4681800000000003,3.47436,3.49959,3.5058800000000003,3.51212,3.5182900000000004,3.5244199999999997,3.53051,3.53655,3.54256,3.54854,3.55449,3.56043,3.56635,3.5722699999999996,3.57819,3.5841300000000005,3.5900800000000004,3.59608,3.6021199999999998,3.60825,3.6606099999999997,3.67901,3.68514,3.69147,3.69806,3.7050300000000003,3.71251,3.7207199999999996,3.72994,3.74055,3.75306,3.84026,3.849,3.8591300000000004,3.8768599999999998,3.89698,3.92049,3.9320699999999995,3.9418300000000004,3.95114,3.95767,3.96395,3.97001,3.9758699999999996,3.98155,3.9870699999999997,3.99244,4.00015,4.0076,4.0145,4.02096
2M19155629+4003522,3.17067,3.18192,3.19658,3.2327,3.27526,3.2827900000000003,3.30634,3.31532,3.32363,3.33152,3.33909,3.34645,3.35362,3.3606599999999998,3.3675800000000002,3.3744,3.3811400000000003,3.3877900000000003,3.3943800000000004,3.4009099999999997,3.4073800000000003,3.4138,3.4201699999999997,3.4264900000000003,3.4327699999999997,3.439,3.4452,3.4513599999999998,3.45749,3.4635800000000003,3.46965,3.4842699999999995,3.4904300000000004,3.4965300000000004,3.50259,3.50861,3.51459,3.52054,3.52645,3.53234,3.53821,3.54406,3.54989,3.55571,3.56154,3.56736,3.5732,3.5790599999999997,3.5849599999999997,3.59367,3.66025,3.7181800000000003,3.72381,3.72957,3.7355099999999997,3.74171,3.7482800000000003,3.75536,3.7632199999999996,3.77219,3.78281,3.8189699999999998,3.82643,3.84079,3.8590400000000002,3.88007,3.9049,3.91636,3.92456,3.9314,3.93725,3.94291,3.9483900000000003,3.95371,3.9589,3.9639599999999997,3.9689,3.97486,3.9811900000000002,3.98714,3.99278
2M19284107+4054587,3.1230900000000004,3.13237,3.14204,3.1964200000000003,3.2927699999999995,3.30055,3.38459,3.3925400000000003,3.40003,3.40721,3.4141800000000004,3.421,3.4277,3.4343,3.4408300000000005,3.44728,3.4536800000000003,3.46003,3.46633,3.4726,3.47882,3.48501,3.4911800000000004,3.4973099999999997,3.5034199999999998,3.5095099999999997,3.5155800000000004,3.52164,3.52769,3.5337199999999998,3.53976,3.54926,3.55554,3.56178,3.56799,3.5741699999999996,3.5803300000000005,3.58647,3.5926,3.5987400000000003,3.60488,3.61104,3.61723,3.62345,3.62972,3.63606,3.64247,3.64899,3.65564,3.66244,3.6809,3.75213,3.75925,3.76672,3.77466,3.7831900000000003,3.7924900000000004,3.80281,3.81262,3.8206900000000004,3.82893,3.8373800000000005,3.8428699999999996,3.84996,3.8666199999999997,3.8869,3.89439,3.90153,3.90835,3.91489,3.9211699999999996,3.92723,3.9330800000000004,3.93876,3.9442699999999995,3.94964,3.9548699999999997,3.9599900000000003,3.96501,3.9699199999999997,3.97475
2M19310830+4312575,3.17381,3.19022,3.21579,3.25477,3.26283,3.27078,3.27889,3.29074,3.3011,3.31057,3.31943,3.3278300000000005,3.3358800000000004,3.34365,3.35121,3.3585800000000003,3.3658,3.37289,3.37986,3.3867300000000005,3.39351,3.40021,3.4068400000000003,3.41339,3.4198800000000005,3.42631,3.4326800000000004,3.4390099999999997,3.4452800000000003,3.4515,3.4576800000000003,3.484,3.4901400000000002,3.49623,3.5022699999999998,3.50826,3.51421,3.5201300000000004,3.526,3.53185,3.53767,3.54346,3.54923,3.55499,3.5607300000000004,3.56647,3.5722099999999997,3.57796,3.58373,3.59648,3.6565,3.67184,3.67746,3.68319,3.6890699999999996,3.6951699999999996,3.7016,3.70851,3.71613,3.72479,3.73524,3.8336300000000003,3.8408800000000003,3.8531699999999995,3.8694900000000003,3.88801,3.9095800000000005,3.9230400000000003,3.93091,3.9389300000000005,3.9472300000000002,3.9559900000000003,3.9676400000000003,3.98431,3.99382,4.002269999999999,4.00989,4.016859999999999,4.02332,4.02937,4.03509
2M19004979+4523036,3.17658,3.1907,3.21172,3.2436,3.2702,3.2780099999999996,3.2960300000000005,3.30666,3.31624,3.3251199999999996,3.3335,3.3415,3.34922,3.3567099999999996,3.3640199999999996,3.3711800000000003,3.3782099999999997,3.38513,3.39194,3.3986699999999996,3.40533,3.4119099999999998,3.41842,3.4248800000000004,3.43128,3.4376300000000004,3.4439300000000004,3.4501800000000005,3.4564,3.46257,3.4687,3.4902599999999997,3.49632,3.50233,3.50831,3.51425,3.5201599999999997,3.52604,3.5319,3.5377400000000003,3.54356,3.54936,3.55515,3.56094,3.56673,3.57252,3.5783300000000002,3.58416,3.59004,3.59904,3.6622800000000004,3.6983800000000002,3.7040900000000003,3.7099300000000004,3.7159699999999996,3.7222800000000005,3.72897,3.73621,3.74424,3.75339,3.76409,3.82942,3.83675,3.84995,3.8675,3.88761,3.91123,3.92295,3.93172,3.9407900000000002,3.94961,3.95551,3.9612199999999995,3.96985,3.9788900000000003,3.98691,3.99416,4.0008099999999995,4.007,4.01283,4.01837
2M19244068+4238269,3.14371,3.1535599999999997,3.16403,3.1907,3.28079,3.2888900000000003,3.3467,3.3573800000000005,3.36694,3.3757599999999996,3.38405,3.3919599999999996,3.3995800000000003,3.4069800000000003,3.4141800000000004,3.42124,3.4281699999999997,3.43499,3.4417199999999997,3.4483599999999996,3.4549300000000005,3.4614300000000005,3.46788,3.4742699999999997,3.4806199999999996,3.4869199999999996,3.49318,3.4994099999999997,3.50561,3.5117800000000003,3.5179300000000002,3.5408199999999996,3.5469,3.55295,3.5589800000000005,3.5649900000000003,3.5709800000000005,3.5769599999999997,3.58293,3.58891,3.5948900000000004,3.60089,3.60691,3.6129599999999997,3.61905,3.6252,3.63141,3.63772,3.64413,3.65069,3.67965,3.7248699999999997,3.73169,3.73884,3.7464,3.7545,3.7633099999999997,3.77304,3.78398,3.7964599999999997,3.81041,3.8542,3.86067,3.86765,3.8854599999999997,3.90585,3.9212300000000004,3.9283300000000003,3.93509,3.94155,3.94774,3.9537,3.9594400000000003,3.965,3.9704,3.97565,3.9807699999999997,3.98578,3.9906800000000002,3.99549,4.00021
2M19011470+4750549,3.14942,3.16434,3.18593,3.23346,3.26151,3.26958,3.2879099999999997,3.29955,3.3098699999999996,3.3193099999999998,3.3281400000000003,3.3365099999999996,3.3445400000000003,3.3523,3.35985,3.36721,3.3744099999999997,3.3814900000000003,3.38845,3.39531,3.4020900000000003,3.40878,3.41539,3.42194,3.4284199999999996,3.43485,3.4412199999999995,3.44754,3.45381,3.4600400000000002,3.4662300000000004,3.4942900000000003,3.50049,3.50664,3.5127300000000004,3.5187699999999995,3.5247800000000002,3.53074,3.5366699999999995,3.5425800000000005,3.54846,3.5543199999999997,3.5601599999999998,3.566,3.5718400000000003,3.5776800000000004,3.58354,3.58943,3.59536,3.60135,3.6525800000000004,3.6751,3.6810400000000003,3.68715,3.69349,3.70015,3.7072599999999998,3.7150199999999995,3.72369,3.73365,3.7453800000000004,3.8471699999999998,3.85521,3.86309,3.8795800000000003,3.8989199999999995,3.9214900000000004,3.93905,3.9482199999999996,3.95535,3.96164,3.96769,3.9735300000000002,3.9791800000000004,3.98466,3.98999,3.99594,4.00341,4.01029,4.0167,4.02273
2M19432625+4756222,3.19656,3.20927,3.2265099999999998,3.24762,3.2810900000000003,3.2954199999999996,3.3090699999999997,3.3182300000000002,3.32668,3.33466,3.34231,3.3497199999999996,3.35695,3.3640199999999996,3.37097,3.37782,3.38458,3.39126,3.3978699999999997,3.40441,3.41089,3.4173199999999997,3.4237,3.43004,3.4363300000000003,3.44257,3.44878,3.45495,3.4610800000000004,3.4671800000000004,3.47326,3.48636,3.4923800000000003,3.49836,3.50431,3.51024,3.5161300000000004,3.522,3.52785,3.53367,3.53948,3.5452800000000004,3.5510699999999997,3.55685,3.5626300000000004,3.5684099999999996,3.57421,3.5800300000000003,3.5859,3.60605,3.67539,3.72515,3.73067,3.7363199999999996,3.7421300000000004,3.7481800000000005,3.7545599999999997,3.7614199999999998,3.7689699999999995,3.7775300000000005,3.7875199999999998,3.8099,3.82105,3.8374,3.8558800000000004,3.8772300000000004,3.8975,3.90562,3.91393,3.92253,3.93157,3.94368,3.95464,3.964,3.9722,3.97954,3.9862300000000004,3.99243,3.99825,4.003769999999999,4.00905
2M19283288+4225459,3.2231400000000003,3.24747,3.26539,3.28148,3.29355,3.30056,3.30875,3.31664,3.3243400000000003,3.3319400000000003,3.33952,3.34715,3.3549900000000004,3.3632699999999995,3.37225,3.38176,3.391,3.3995599999999997,3.4074699999999996,3.414,3.42035,3.4266300000000003,3.43286,3.4390400000000003,3.4451699999999996,3.45126,3.4573099999999997,3.4633300000000005,3.4693099999999997,3.47526,3.4811699999999997,3.48706,3.4929099999999997,3.49874,3.5045300000000004,3.5103,3.51605,3.5217699999999996,3.52746,3.5331300000000003,3.5387800000000005,3.5444,3.55001,3.55559,3.56149,3.5674300000000003,3.5733699999999997,3.57931,3.58526,3.59988,3.6753400000000003,3.7636300000000005,3.7686599999999997,3.77368,3.77869,3.78358,3.7884300000000004,3.7932900000000003,3.7981800000000003,3.80309,3.8080300000000005,3.81301,3.82358,3.83877,3.8563099999999997,3.87693,3.90155,3.9100300000000003,3.91514,3.91929,3.9234400000000003,3.92856,3.93474,3.94064,3.94631,3.9517599999999997,3.9570300000000005,3.9621199999999996,3.9674400000000003,3.97296,3.97839
2M19092707+3838585,3.19235,3.2018400000000002,3.2132099999999997,3.2275099999999997,3.2836,3.29074,3.3192199999999996,3.3266,3.33379,3.34081,3.3477099999999997,3.3545,3.3612,3.36783,3.3744,3.3809,3.38735,3.39376,3.4001099999999997,3.40642,3.4127,3.4189300000000005,3.4251199999999997,3.43128,3.43741,3.4435,3.44956,3.45559,3.46159,3.4675599999999998,3.4735,3.4794099999999997,3.4853,3.49117,3.49701,3.5028300000000003,3.50863,3.5144,3.5201599999999997,3.5259099999999997,3.5316400000000003,3.53735,3.54305,3.54874,3.55442,3.5601,3.5657699999999997,3.5714300000000003,3.5771,3.58658,3.6567300000000005,3.7480800000000003,3.75315,3.7582400000000002,3.76336,3.7685,3.77368,3.7789,3.7841699999999996,3.7895,3.79491,3.80041,3.8074,3.82254,3.8401,3.86087,3.8858699999999997,3.89698,3.9037300000000004,3.91068,3.9148300000000003,3.9189599999999998,3.92309,3.93088,3.9387199999999996,3.9457800000000005,3.9522800000000005,3.95834,3.9640699999999995,3.9695300000000002,3.9747800000000004
2M19351595+4212449,3.08947,3.09992,3.1108700000000002,3.1945200000000002,3.27866,3.29684,3.34387,3.35395,3.36309,3.37161,3.3796699999999995,3.3874,3.39488,3.40215,3.40927,3.41624,3.42311,3.4298800000000003,3.43656,3.44317,3.4497199999999997,3.4562,3.4626300000000003,3.46901,3.47535,3.48164,3.4879,3.49413,3.5003300000000004,3.5065,3.51265,3.53266,3.53911,3.5455,3.5518400000000003,3.5581300000000002,3.56439,3.57061,3.5768,3.5829800000000005,3.58915,3.5953199999999996,3.60149,3.6076900000000003,3.6139099999999997,3.62017,3.62649,3.63289,3.6394,3.64603,3.6793699999999996,3.69995,3.7069300000000003,3.71425,3.7219800000000003,3.7302699999999995,3.7392800000000004,3.74926,3.7605199999999996,3.77345,3.78856,3.8412800000000002,3.8521199999999998,3.86372,3.8839,3.90691,3.92104,3.9288300000000005,3.93626,3.94337,3.95019,3.95674,3.9630400000000003,3.9691300000000003,3.9750199999999998,3.9807300000000003,3.9862699999999998,3.99166,3.99692,4.00206,4.00708
2M19364610+3937084,3.1604799999999997,3.1732,3.19117,3.22401,3.2781300000000004,3.2858400000000003,3.3153599999999996,3.3252599999999997,3.3342400000000003,3.3426199999999997,3.35057,3.3582199999999998,3.3656300000000003,3.3728599999999997,3.37994,3.38689,3.39374,3.40049,3.4071599999999997,3.41376,3.4203,3.42677,3.43319,3.44214,3.44834,3.4521599999999997,3.4584,3.4646,3.47076,3.4769,3.483,3.4999800000000003,3.5060800000000003,3.51214,3.51816,3.52415,3.5301099999999996,3.5360400000000003,3.54195,3.54785,3.5537300000000003,3.5596099999999997,3.5654800000000004,3.57135,3.57724,3.58314,3.5890800000000005,3.5950599999999997,3.6011,3.6074599999999997,3.67253,3.71571,3.72166,3.7278,3.7341900000000003,3.74093,3.74815,3.75605,3.7649,3.77507,3.78704,3.8231800000000002,3.8312,3.8471,3.866,3.8877900000000003,3.90921,3.91895,3.92898,3.93571,3.94195,3.94795,3.95376,3.95939,3.96485,3.97336,3.98121,3.9883900000000003,3.99505,4.0013,4.00721
2M19310175+4325368,3.17237,3.1848799999999997,3.20238,3.24535,3.2793699999999997,3.2867599999999997,3.30695,3.31575,3.32385,3.33152,3.3389,3.34608,3.35311,3.36001,3.3668199999999997,3.37354,3.3801900000000002,3.38677,3.3933,3.3997699999999997,3.40619,3.41256,3.41889,3.42518,3.4314199999999997,3.4376300000000004,3.4438,3.4499400000000002,3.4560400000000002,3.46211,3.4681599999999997,3.4782,3.48444,3.4906300000000003,3.49675,3.5028300000000003,3.50886,3.51485,3.5208,3.5267199999999996,3.53261,3.5384800000000003,3.54432,3.55015,3.5559800000000004,3.5617900000000002,3.56762,3.57345,3.57931,3.5996599999999996,3.66741,3.7144800000000004,3.72001,3.7256400000000003,3.7314199999999995,3.7374099999999997,3.7437099999999996,3.75046,3.75788,3.7663,3.7762,3.79567,3.80767,3.82385,3.8420199999999998,3.86294,3.88195,3.8898900000000003,3.89785,3.90594,3.91426,3.92294,3.9321699999999997,3.94847,3.9595300000000004,3.9682,3.97606,3.9832699999999996,3.9899699999999996,3.9962400000000002,4.00217
2M19300081+4304593,3.19489,3.2058,3.22047,3.23857,3.2894400000000004,3.29662,3.32325,3.3308,3.3381300000000005,3.3452800000000003,3.3522800000000004,3.3591699999999998,3.36596,3.3726599999999998,3.37929,3.3858599999999996,3.3923699999999997,3.3988199999999997,3.40522,3.4115800000000003,3.4178900000000003,3.4241699999999997,3.4304,3.4366,3.44276,3.4488800000000004,3.45497,3.4610300000000005,3.46706,3.47306,3.4790400000000004,3.48498,3.4909,3.4968,3.5026699999999997,3.50852,3.51435,3.5201599999999997,3.52595,3.5317300000000005,3.53749,3.54324,3.5489800000000002,3.55471,3.56043,3.56615,3.5718699999999997,3.5775900000000003,3.5833,3.62152,3.6780199999999996,3.74675,3.7519,3.75708,3.7622699999999996,3.7675,3.77276,3.77806,3.7834199999999996,3.78884,3.7943300000000004,3.7999099999999997,3.81335,3.8288599999999997,3.84681,3.868,3.8867199999999995,3.89315,3.8999599999999996,3.90725,3.9152,3.92469,3.93605,3.94559,3.9539699999999995,3.9614800000000003,3.96834,3.9747,3.98066,3.98631,3.99171
2M18575579+4423529,3.15302,3.1684,3.19085,3.23652,3.26264,3.2709,3.2894699999999997,3.3019199999999995,3.3129,3.32289,3.33216,3.3409,3.34924,3.3572599999999997,3.3650300000000004,3.37258,3.37996,3.3871800000000003,3.39428,3.4012599999999997,3.40814,3.4149199999999995,3.4216300000000004,3.42825,3.4348099999999997,3.4413099999999996,3.44774,3.4541199999999996,3.46045,3.46673,3.4729699999999997,3.50607,3.5121900000000004,3.5182599999999997,3.52429,3.5302800000000003,3.5362400000000003,3.54216,3.54806,3.5539400000000003,3.5598,3.56564,3.57148,3.57732,3.58316,3.5890199999999997,3.59491,3.60083,3.60681,3.6128699999999996,3.66643,3.67476,3.68088,3.6872,3.6938,3.70079,3.7083199999999996,3.7166,3.7259300000000004,3.7366599999999996,3.7492400000000004,3.8676800000000005,3.87572,3.88372,3.9007699999999996,3.9205099999999997,3.9427,3.95623,3.96305,3.96956,3.9758,3.9818,3.9875800000000003,3.9931699999999997,3.9985800000000005,4.00384,4.00896,4.014959999999999,4.021730000000001,4.02804,4.03399
2M19331737+4252028,3.1631400000000003,3.1764900000000003,3.19537,3.2490200000000002,3.27369,3.28114,3.2972599999999996,3.3062400000000003,3.3145,3.32231,3.32982,3.33711,3.34424,3.35124,3.3581199999999995,3.3649199999999997,3.37163,3.37828,3.3848599999999998,3.3913800000000003,3.39785,3.40427,3.4106400000000003,3.41696,3.4232400000000003,3.4294800000000003,3.4356800000000005,3.44184,3.4479599999999997,3.45405,3.46011,3.4722199999999996,3.47856,3.48483,3.4910400000000004,3.49718,3.50328,3.5093199999999998,3.5153199999999996,3.5212800000000004,3.5272,3.5330800000000004,3.53894,3.5447800000000003,3.5506,3.5564,3.5622,3.568,3.57381,3.5937300000000003,3.65909,3.6977599999999997,3.70324,3.7088,3.7144800000000004,3.72033,3.72644,3.73293,3.74,3.74796,3.7572400000000004,3.79673,3.8076199999999996,3.8233,3.84075,3.86067,3.88274,3.8904900000000002,3.89813,3.90576,3.9134800000000003,3.9214,3.92965,3.9384,3.9542300000000004,3.96706,3.9763,3.9838400000000003,3.99084,3.9974,4.00358
2M19322962+4056051,3.15614,3.16712,3.18087,3.20275,3.28416,3.29685,3.33344,3.3426699999999996,3.3511699999999998,3.3591900000000003,3.36685,3.3742699999999997,3.3814800000000003,3.3885400000000003,3.3954699999999995,3.40228,3.40901,3.41565,3.42222,3.4287300000000003,3.4351800000000003,3.44158,3.44792,3.4542300000000004,3.46049,3.46671,3.4729,3.47906,3.4851900000000002,3.4912900000000002,3.4973699999999996,3.51208,3.51809,3.52406,3.5300199999999995,3.53595,3.54187,3.54777,3.55367,3.55955,3.56544,3.57133,3.5772199999999996,3.58313,3.5890699999999995,3.59504,3.60106,3.6071400000000002,3.6133,3.61956,3.6790599999999998,3.737,3.74312,3.7494699999999996,3.7561199999999997,3.76316,3.77075,3.77907,3.78838,3.79904,3.81146,3.8265599999999997,3.83511,3.85094,3.8711599999999997,3.8927199999999997,3.91077,3.9176,3.92412,3.93037,3.9363699999999997,3.94215,3.94774,3.95316,3.95842,3.96355,3.9685599999999996,3.9744900000000003,3.9811699999999997,3.9874699999999996,3.99346
2M19315309+4102087,3.18423,3.19963,3.2236599999999997,3.2548,3.26831,3.27616,3.28884,3.29985,3.30974,3.3188699999999995,3.32746,3.33564,3.3435099999999998,3.35114,3.35857,3.3658300000000003,3.37295,3.37995,3.3868400000000003,3.39364,3.40036,3.407,3.4135699999999995,3.4200699999999995,3.4265199999999996,3.4329099999999997,3.43925,3.44553,3.45177,3.4579699999999995,3.4641300000000004,3.4875300000000005,3.49358,3.49959,3.5055699999999996,3.5115,3.51741,3.5232900000000003,3.5291300000000003,3.53496,3.5407599999999997,3.5465400000000002,3.55231,3.55807,3.5638199999999998,3.56958,3.57534,3.58112,3.58693,3.6011900000000003,3.6639800000000005,3.68885,3.6944800000000004,3.70022,3.7061300000000004,3.7122800000000002,3.7187699999999997,3.7257599999999997,3.7334699999999996,3.74223,3.7524599999999997,3.8302099999999997,3.8372900000000003,3.85165,3.8686599999999998,3.88809,3.9108300000000003,3.9214800000000003,3.9296599999999997,3.9380800000000002,3.94688,3.95626,3.9725099999999998,3.98268,3.9915300000000005,3.9994,4.00651,4.01304,4.01912,4.02484,4.03028
2M19312961+4257580,3.14185,3.1564900000000002,3.17749,3.22327,3.2669200000000003,3.27507,3.3002300000000004,3.31201,3.3224400000000003,3.33196,3.34085,3.3492800000000003,3.35734,3.36513,3.3727,3.3800800000000004,3.3873,3.39439,3.40136,3.40823,3.4150099999999997,3.4217,3.4283300000000003,3.43488,3.4413699999999996,3.44781,3.45419,3.46052,3.4668099999999997,3.47305,3.47926,3.50799,3.5141699999999996,3.5203,3.52639,3.5324400000000002,3.53844,3.5444199999999997,3.5503699999999996,3.5563,3.56221,3.56811,3.574,3.5799,3.5858,3.59173,3.5976800000000004,3.6036900000000003,3.60975,3.6159,3.66835,3.6834599999999997,3.6896699999999996,3.69611,3.70284,3.7099800000000003,3.71768,3.7261699999999998,3.7357400000000003,3.74678,3.75975,3.8558800000000004,3.8643300000000003,3.87376,3.8917699999999997,3.91226,3.93621,3.94625,3.95321,3.95986,3.96624,3.9723699999999997,3.9782900000000003,3.984,3.9895300000000002,3.99491,4.00014,4.0058,4.01293,4.01955,4.02578
2M19095484+3813438,3.1601,3.17768,3.20712,3.24484,3.25325,3.26153,3.26969,3.2811199999999996,3.2925699999999996,3.3029300000000004,3.3125,3.3215,3.33005,3.33825,3.3461800000000004,3.35388,3.3613800000000005,3.3687199999999997,3.37592,3.38299,3.38996,3.3968199999999995,3.4035900000000003,3.41028,3.4169,3.4234400000000003,3.4299199999999996,3.4363300000000003,3.4426900000000002,3.449,3.45525,3.49111,3.49727,3.5033800000000004,3.5094199999999995,3.5154300000000003,3.52138,3.5273,3.53318,3.5390300000000003,3.54485,3.55065,3.5564199999999997,3.56218,3.56794,3.5736800000000004,3.57944,3.58521,3.59101,3.59685,3.6447800000000004,3.6505099999999997,3.65635,3.66232,3.6685,3.6749699999999996,3.68185,3.6893300000000004,3.6976699999999996,3.70721,3.71955,3.82878,3.87034,3.87775,3.89152,3.90931,3.92985,3.95131,3.9597599999999997,3.9683800000000002,3.9773300000000003,3.9836199999999997,3.98946,3.9951199999999996,4.00179,4.01063,4.01855,4.02575,4.03239,4.03857,4.04439
2M19010446+4833360,3.1943599999999996,3.20897,3.23085,3.25658,3.2722700000000002,3.27998,3.2931800000000004,3.30347,3.3128,3.3214900000000003,3.3297199999999996,3.3376099999999997,3.34524,3.3526599999999998,3.3599099999999997,3.3670199999999997,3.3740099999999997,3.38089,3.3876800000000005,3.39439,3.4010199999999995,3.4075800000000003,3.4140800000000002,3.4205300000000003,3.42691,3.43325,3.43954,3.4457800000000005,3.4519800000000003,3.45814,3.4642699999999995,3.4836400000000003,3.48967,3.49566,3.5016199999999995,3.50754,3.5134300000000005,3.5193,3.5251300000000003,3.53094,3.5367300000000004,3.54251,3.54826,3.55401,3.55974,3.5654800000000004,3.57122,3.5769800000000003,3.5827699999999996,3.6008,3.66615,3.70099,3.70649,3.7120900000000003,3.7178400000000003,3.72379,3.7300400000000002,3.7367199999999996,3.74405,3.7523199999999997,3.7619300000000004,3.82047,3.8286300000000004,3.8440300000000005,3.8613,3.8811199999999997,3.90438,3.91298,3.92078,3.9288,3.93716,3.94605,3.96863,3.9781199999999997,3.98642,3.9938300000000004,4.00057,4.0068,4.012630000000001,4.01815,4.02341
2M19262685+4206574,3.19178,3.20432,3.22295,3.2473099999999997,3.28356,3.29095,3.31242,3.32125,3.3294,3.33714,3.34458,3.35181,3.35888,3.3658300000000003,3.3726599999999998,3.37941,3.38608,3.3926800000000004,3.3992199999999997,3.4057,3.4121300000000003,3.41851,3.42484,3.43114,3.43739,3.4436,3.4497699999999996,3.45592,3.46202,3.4681,3.47415,3.4843800000000003,3.49045,3.4964699999999995,3.5024599999999997,3.5084199999999996,3.51435,3.5202400000000003,3.5261199999999997,3.53197,3.5378,3.5436199999999998,3.5494199999999996,3.55522,3.5610199999999996,3.56682,3.57263,3.57847,3.58434,3.60696,3.6770699999999996,3.7280599999999997,3.7335800000000003,3.7392199999999995,3.74502,3.75105,3.7574199999999998,3.7642599999999997,3.77181,3.78038,3.79043,3.8003099999999996,3.8134699999999997,3.82999,3.84867,3.8702900000000002,3.88743,3.89549,3.90371,3.9121900000000003,3.9210599999999998,3.9305,3.9490300000000005,3.9589199999999996,3.96759,3.97534,3.9823800000000005,3.9888800000000004,3.99495,4.0006900000000005,4.00615
2M19294569+4312339,3.17659,3.18808,3.2029099999999997,3.22301,3.2897199999999995,3.3127199999999997,3.33241,3.34099,3.34895,3.3565199999999997,3.36383,3.37095,3.3779199999999996,3.3847699999999996,3.3915300000000004,3.3982,3.40481,3.41134,3.41782,3.42425,3.4306300000000003,3.4369699999999996,3.44326,3.4495199999999997,3.45574,3.4619199999999997,3.4680699999999995,3.4742,3.4803,3.4863699999999995,3.4924199999999996,3.50161,3.5076400000000003,3.51365,3.5196199999999997,3.52558,3.53151,3.5374199999999996,3.5433199999999996,3.54921,3.5550900000000003,3.5609699999999997,3.56685,3.57274,3.57864,3.58457,3.5905400000000003,3.5965599999999998,3.60264,3.6177900000000003,3.6884900000000003,3.74284,3.74873,3.7548,3.7611199999999996,3.76779,3.77494,3.78275,3.79118,3.79744,3.80381,3.81031,3.82283,3.8389900000000003,3.8579,3.8805400000000003,3.89416,3.90414,3.91451,3.9236699999999995,3.92985,3.9358199999999997,3.94159,3.95091,3.9600800000000005,3.96824,3.97566,3.9824900000000003,3.9888800000000004,3.99491,4.00065
2M18523616+4508233,3.16915,3.18696,3.21476,3.2502,3.25862,3.2669,3.27507,3.28684,3.29826,3.30862,3.3182199999999997,3.32724,3.33581,3.34404,3.3519900000000002,3.3597,3.3672199999999997,3.37457,3.3817800000000005,3.3888599999999998,3.39584,3.40271,3.4094900000000004,3.4161900000000003,3.4228099999999997,3.42936,3.4358400000000002,3.4422699999999997,3.44864,3.45495,3.4612199999999995,3.4964800000000005,3.5025800000000005,3.50864,3.51465,3.5206199999999996,3.52655,3.53245,3.53831,3.54415,3.54996,3.55576,3.5615300000000003,3.5673,3.57306,3.57882,3.58459,3.59038,3.5962,3.60721,3.6510599999999998,3.6568300000000002,3.6627099999999997,3.66874,3.67499,3.6815599999999997,3.6885800000000004,3.6962599999999997,3.7048400000000004,3.71576,3.72862,3.844,3.87,3.8799,3.89616,3.9144699999999997,3.93563,3.95034,3.95894,3.96777,3.977,3.98593,3.99185,4.00217,4.01203,4.0207,4.0284699999999996,4.03554,4.04206,4.04814,4.05387
2M19325217+4243145,3.14344,3.1525,3.16193,3.20118,3.29445,3.30217,3.3772300000000004,3.38531,3.3929,3.40018,3.40725,3.41414,3.4209199999999997,3.4275900000000004,3.4341699999999995,3.44069,3.44714,3.4535400000000003,3.45989,3.4662,3.47246,3.4786900000000003,3.48489,3.49106,3.4972,3.5033199999999995,3.50941,3.5154900000000002,3.52156,3.5276099999999997,3.53366,3.5440199999999997,3.5502,3.55635,3.56247,3.56857,3.57465,3.58072,3.58678,3.5928400000000003,3.5989199999999997,3.60501,3.6111199999999997,3.6172800000000005,3.6234800000000003,3.62974,3.63608,3.6425199999999998,3.64908,3.65581,3.6903900000000003,3.7586699999999995,3.76559,3.77285,3.78056,3.78885,3.79789,3.8079400000000003,3.8174900000000003,3.8251,3.8329199999999997,3.83869,3.84311,3.8546099999999996,3.8718199999999996,3.892,3.8993,3.90625,3.91289,3.91925,3.9253699999999996,3.9312699999999996,3.9369699999999996,3.94251,3.94789,3.9531400000000003,3.9582599999999997,3.9632699999999996,3.9681900000000003,3.97301,3.97776
2M19505021+4804508,3.1644200000000002,3.17735,3.19607,3.23088,3.2779599999999998,3.2856,3.312,3.3217199999999996,3.33054,3.33879,3.3466400000000003,3.3542,3.36154,3.3687,3.3757300000000003,3.3826400000000003,3.38945,3.3961699999999997,3.4028199999999997,3.40939,3.41591,3.42236,3.42876,3.4351199999999995,3.4414300000000004,3.44769,3.4539199999999997,3.46011,3.4662599999999997,3.4723800000000002,3.4784800000000002,3.49389,3.5000199999999997,3.5061,3.51215,3.51816,3.5241300000000004,3.53007,3.53599,3.54189,3.54777,3.55364,3.5595,3.5653599999999996,3.5712300000000003,3.5771,3.58301,3.58895,3.5949400000000002,3.60503,3.67049,3.71379,3.7196300000000004,3.72563,3.73185,3.7383900000000003,3.74537,3.7529800000000004,3.7614699999999996,3.77121,3.7827,3.8153699999999997,3.8237300000000003,3.84029,3.85891,3.88036,3.9009400000000003,3.91014,3.9195599999999997,3.9293099999999996,3.9384699999999997,3.9445099999999997,3.95036,3.95603,3.96549,3.9741800000000005,3.98202,3.98918,3.9958199999999997,4.00204,4.0079199999999995
2M19040872+4936522,3.15299,3.1726900000000002,3.19841,3.2398599999999997,3.24847,3.25694,3.2652799999999997,3.27366,3.2857300000000005,3.29645,3.3063599999999997,3.31566,3.3244800000000003,3.33293,3.3410699999999998,3.34896,3.3566300000000004,3.3641300000000003,3.3714699999999995,3.3786699999999996,3.38575,3.3927199999999997,3.3995900000000003,3.40637,3.41307,3.41969,3.42624,3.4327199999999998,3.4391300000000005,3.44549,3.4518,3.4932,3.4994300000000003,3.5056,3.5117199999999995,3.5177699999999996,3.5237800000000004,3.5297400000000003,3.53566,3.54155,3.54739,3.55321,3.55901,3.5647800000000003,3.5705400000000003,3.57629,3.58205,3.5878099999999997,3.5936,3.5994300000000004,3.6285800000000004,3.6344,3.6403300000000005,3.6464,3.6527,3.65933,3.66641,3.6741699999999997,3.68396,3.6951400000000003,3.70765,3.82164,3.88861,3.89635,3.9084,3.92571,3.94551,3.96861,3.9769099999999997,3.9852300000000005,3.99287,3.99895,4.0048,4.01047,4.01596,4.0212900000000005,4.02677,4.03434,4.04129,4.04775,4.0538
2M19255247+4020378,3.19791,3.20799,3.21691,3.22878,3.2875199999999998,3.2981800000000003,3.3160199999999995,3.32406,3.33206,3.3401099999999997,3.34829,3.3566599999999998,3.36522,3.3723199999999998,3.37899,3.38556,3.39205,3.3984699999999997,3.4048300000000005,3.41115,3.41741,3.42363,3.42981,3.43595,3.44205,3.44812,3.45415,3.46015,3.4661199999999996,3.47206,3.4779699999999996,3.48385,3.4897,3.4955199999999995,3.5013199999999998,3.5071,3.51285,3.5185699999999995,3.52428,3.52996,3.5356199999999998,3.54127,3.5468900000000003,3.5525,3.5581,3.56368,3.56926,3.57482,3.58037,3.5919199999999996,3.66285,3.7566300000000004,3.76155,3.7664800000000005,3.7714199999999996,3.77639,3.7813800000000004,3.7864,3.79146,3.7965699999999996,3.80175,3.807,3.8143599999999998,3.8294900000000003,3.84703,3.86774,3.89264,3.9044300000000005,3.90933,3.9134900000000004,3.91764,3.9217699999999995,3.9268300000000003,3.93345,3.9397699999999998,3.94581,3.9516199999999997,3.9572199999999995,3.96265,3.96792,3.97305
2M19165219+4753040,3.18173,3.19386,3.21137,3.24173,3.2787699999999997,3.28619,3.3077300000000003,3.31665,3.3248800000000003,3.33265,3.3401300000000003,3.3473900000000003,3.3544699999999996,3.3614300000000004,3.3682800000000004,3.3750400000000003,3.38171,3.3883199999999998,3.39486,3.40135,3.4077800000000003,3.41416,3.42049,3.4267800000000004,3.4330300000000005,3.4392400000000003,3.44542,3.4515599999999997,3.4576599999999997,3.46374,3.46978,3.4809900000000003,3.4870900000000002,3.49315,3.49917,3.50515,3.5110900000000003,3.517,3.5228900000000003,3.52875,3.53459,3.54041,3.54621,3.5520099999999997,3.55781,3.5636,3.56941,3.57524,3.5811,3.5962699999999996,3.6640699999999997,3.72157,3.7271,3.73274,3.73854,3.7445800000000005,3.7509300000000003,3.7577599999999998,3.76528,3.7738199999999997,3.7838199999999995,3.80136,3.8107900000000003,3.8269900000000003,3.8452699999999997,3.8664099999999997,3.88885,3.8969199999999997,3.9051199999999997,3.91355,3.9223199999999996,3.93161,3.9406199999999996,3.9508199999999998,3.95975,3.96772,3.97495,3.98161,3.9878199999999997,3.99367,3.9992400000000004
2M19443187+4858386,2.9616,2.79718,2.9448,2.9879,3.37931,3.39152,3.12146,3.4127300000000003,3.56566,3.57781,3.78915,3.65469
2M19282524+4222491,3.13511,3.14392,3.15395,3.18038,3.29854,3.30579,3.3476,3.35715,3.3663,3.37521,3.3839699999999997,3.3924300000000005,3.3993300000000004,3.4060900000000003,3.4127199999999998,3.41926,3.42571,3.4321,3.43842,3.4447,3.4509199999999995,3.4571,3.4632400000000003,3.46935,3.4754099999999997,3.48145,3.48745,3.4934199999999995,3.49937,3.50529,3.5111800000000004,3.51705,3.5228900000000003,3.52872,3.5345199999999997,3.54031,3.5460800000000003,3.5518400000000003,3.55758,3.56331,3.56904,3.57475,3.5804699999999996,3.58618,3.5918900000000002,3.59761,3.60333,3.60906,3.61481,3.6205800000000004,3.6877,3.76359,3.76891,3.7742699999999996,3.77969,3.78517,3.79072,3.79635,3.80209,3.8079400000000003,3.8139199999999995,3.82007,3.83101,3.84697,3.8655800000000005,3.8877,3.90432,3.9085400000000003,3.91275,3.91695,3.9211300000000002,3.9253,3.92945,3.93359,3.9377199999999997,3.94184,3.9459400000000002,3.95191,3.95917,3.9659800000000005,3.9724199999999996
2M19220642+3808347,3.1655,3.18055,3.2029099999999997,3.24194,3.26668,3.27478,3.29271,3.30447,3.31494,3.3245400000000003,3.3335,3.34199,3.3501199999999995,3.35796,3.3655699999999995,3.37299,3.38025,3.3873599999999997,3.39436,3.4012599999999997,3.40806,3.41477,3.42141,3.4279699999999997,3.43448,3.4409199999999998,3.44731,3.45364,3.4599300000000004,3.4661699999999995,3.4723699999999997,3.50112,3.50719,3.5132199999999996,3.5192099999999997,3.5251699999999997,3.5311,3.537,3.5428699999999997,3.54872,3.55456,3.5603800000000003,3.5662,3.5720099999999997,3.5778300000000005,3.58366,3.58952,3.5954099999999998,3.60135,3.60777,3.6686900000000002,3.6850699999999996,3.69101,3.69714,3.7035099999999996,3.7102199999999996,3.7174199999999997,3.72528,3.7341,3.74422,3.7560800000000003,3.85353,3.86125,3.8721300000000003,3.8896599999999997,3.90961,3.9329,3.9460599999999997,3.95442,3.96089,3.9671,3.97307,3.97884,3.9844199999999996,3.98984,3.9978,4.00547,4.0124699999999995,4.01895,4.02501,4.03076
2M19102533+4931237,3.19118,3.2041,3.22327,3.248,3.28146,3.2889199999999996,3.30936,3.31849,3.32689,3.3348199999999997,3.3424300000000002,3.34979,3.35698,3.3640199999999996,3.37094,3.37776,3.38449,3.39115,3.39773,3.40426,3.4107300000000005,3.41715,3.42351,3.4298300000000004,3.4361099999999998,3.44235,3.44855,3.45471,3.46083,3.4669300000000005,3.4729900000000002,3.4851099999999997,3.49117,3.49718,3.50317,3.50912,3.51504,3.5209300000000003,3.5268,3.5326400000000002,3.53847,3.54428,3.5500800000000003,3.5558699999999996,3.56166,3.56746,3.57326,3.5791,3.5849599999999997,3.6061,3.67521,3.7230800000000004,3.72862,3.7342699999999995,3.7400900000000004,3.74615,3.75253,3.75941,3.76698,3.7755900000000002,3.7856699999999996,3.80484,3.8168900000000003,3.83324,3.8517,3.87302,3.89154,3.8996199999999996,3.9078699999999995,3.91638,3.92529,3.9347800000000004,3.95234,3.96222,3.97086,3.97859,3.9856,3.99208,3.99813,4.00384,4.00928
2M18444674+4729496,3.1621799999999998,3.17448,3.19163,3.22832,3.27835,3.28594,3.31314,3.32254,3.33112,3.3391699999999997,3.34686,3.3543,3.36153,3.36861,3.3755599999999997,3.3824099999999997,3.38916,3.39584,3.4024400000000004,3.40898,3.41546,3.4218900000000003,3.42827,3.4346,3.4408800000000004,3.4471300000000005,3.4533400000000003,3.45951,3.46565,3.47175,3.4778300000000004,3.4921599999999997,3.49833,3.50444,3.5105199999999996,3.51655,3.5225400000000002,3.52851,3.53444,3.5403599999999997,3.54625,3.5521300000000005,3.558,3.5638699999999996,3.5697400000000004,3.57562,3.5815300000000003,3.5874699999999997,3.59346,3.60311,3.66908,3.71662,3.72243,3.72841,3.73461,3.7411199999999996,3.7480599999999997,3.7556199999999995,3.76405,3.77375,3.78522,3.81461,3.8227300000000004,3.8393599999999997,3.85806,3.87961,3.9011,3.91017,3.91941,3.9289199999999997,3.9367099999999997,3.9427,3.94849,3.95411,3.95957,3.9683,3.9761800000000003,3.98339,3.99007,3.99632,4.00223
Sun,3.17967,3.19315,3.2126,3.23983,3.2749200000000003,3.28261,3.3041,3.31411,3.32321,3.3317,3.33976,3.3475,3.355,3.36231,3.3694599999999997,3.3764800000000004,3.3833800000000003,3.39019,3.3969099999999997,3.40355,3.4101199999999996,3.4166300000000005,3.42309,3.4294800000000003,3.43583,3.44213,3.4483900000000003,3.4546,3.46078,3.4669199999999996,3.4730300000000005,3.49086,3.49689,3.5029,3.50886,3.5148,3.52071,3.5266,3.53246,3.5383,3.5441199999999995,3.5499400000000003,3.55574,3.56154,3.56735,3.5731599999999997,3.57899,3.58486,3.59076,3.6017,3.6669199999999997,3.71006,3.71576,3.7216099999999996,3.72765,3.73397,3.7406800000000002,3.74793,3.75598,3.76515,3.77587,3.8203199999999997,3.82769,3.8434199999999996,3.86151,3.8823300000000005,3.9062,3.91495,3.92392,3.93324,3.9425800000000004,3.9484800000000004,3.9548099999999997,3.96505,3.97396,3.9818800000000003,3.98905,3.9956400000000003,4.00179,4.0076,4.01312
2M19144528+4109042,3.1509099999999997,3.1678,3.19358,3.23868,3.26142,3.26983,3.2878,3.30085,3.31236,3.3227800000000003,3.3324199999999995,3.3414699999999997,3.35006,3.35831,3.36626,3.37397,3.3814900000000003,3.38884,3.39604,3.40312,3.4100800000000002,3.41695,3.42372,3.4304099999999997,3.4370300000000005,3.4435800000000003,3.4500599999999997,3.45649,3.46286,3.46918,3.47546,3.5116300000000003,3.5177300000000002,3.5237800000000004,3.52979,3.53577,3.5417099999999997,3.5476300000000003,3.5535300000000003,3.5594,3.56526,3.57111,3.5769599999999997,3.58281,3.58866,3.5945400000000003,3.6004400000000003,3.60639,3.6124099999999997,3.6185,3.6591,3.6652,3.67147,3.6779699999999997,3.6847800000000004,3.6920300000000004,3.6998699999999998,3.70851,3.71824,3.72937,3.7425800000000002,3.86997,3.88001,3.8882800000000004,3.9055400000000002,3.9251199999999997,3.9478199999999997,3.96156,3.96867,3.97546,3.98196,3.98821,3.9942300000000004,4.00004,4.005669999999999,4.012980000000001,4.0213,4.02884,4.035769999999999,4.0422199999999995,4.04828
2M19254039+3840204,3.18399,3.19603,3.2128,3.23684,3.27637,3.28386,3.3066199999999997,3.3157900000000002,3.3242300000000005,3.3322,3.33984,3.34724,3.3544400000000003,3.3615,3.36844,3.3752699999999995,3.382,3.38867,3.39525,3.4017800000000005,3.40825,3.41466,3.4210199999999995,3.42734,3.43361,3.4398400000000002,3.4460300000000004,3.4521900000000003,3.45831,3.4644,3.47045,3.4839800000000003,3.49001,3.49599,3.50195,3.5078699999999996,3.5137699999999996,3.5196400000000003,3.5254800000000004,3.53131,3.53712,3.5429199999999996,3.54871,3.55449,3.5602699999999996,3.56607,3.5718699999999997,3.5777099999999997,3.5835800000000004,3.5927800000000003,3.6594900000000004,3.72163,3.7272,3.7328900000000003,3.7387599999999996,3.7448699999999997,3.7513300000000003,3.7582699999999996,3.7659300000000004,3.77461,3.78474,3.8092900000000003,3.81642,3.83183,3.8500699999999997,3.87115,3.8961,3.90599,3.91459,3.92349,3.93166,3.93739,3.94294,3.95165,3.96012,3.96769,3.9745699999999995,3.9809300000000003,3.9868900000000003,3.99254,3.99793
2M19343286+4249298,3.18645,3.19838,3.214,3.23345,3.28531,3.3000199999999995,3.32115,3.32971,3.33765,3.34522,3.3525199999999997,3.35964,3.3666099999999997,3.3734599999999997,3.3802300000000005,3.3869,3.39351,3.40005,3.40654,3.4129699999999996,3.4193599999999997,3.4257,3.432,3.4382599999999996,3.4444800000000004,3.45066,3.45681,3.4629300000000005,3.4690300000000005,3.4750900000000002,3.4811300000000003,3.48998,3.49601,3.502,3.50797,3.5139,3.5198199999999997,3.5257099999999997,3.5315800000000004,3.53744,3.54328,3.54912,3.55495,3.5607800000000003,3.56662,3.5724699999999996,3.57835,3.58426,3.5902199999999995,3.6063099999999997,3.6760699999999997,3.7357099999999996,3.7413800000000004,3.7471900000000002,3.7532,3.7594800000000004,3.7661599999999997,3.77339,3.78139,3.7887,3.7948199999999996,3.80104,3.81233,3.82801,3.84631,3.86858,3.88564,3.8946099999999997,3.90386,3.91351,3.9237,3.93161,3.9432199999999997,3.9531300000000003,3.9618,3.9695400000000003,3.9765900000000003,3.9831,3.9891900000000002,3.99496,4.00047
2M19340476+4116386,3.11338,3.12546,3.13837,3.1848799999999997,3.26673,3.2753200000000002,3.31895,3.3321699999999996,3.3436800000000004,3.3540300000000003,3.3635900000000003,3.3725400000000003,3.38105,3.3892,3.39707,3.4047099999999997,3.41215,3.41943,3.42656,3.43358,3.4404800000000004,3.44729,3.45402,3.46066,3.4672400000000003,3.47376,3.4802199999999996,3.4866300000000003,3.4929900000000003,3.49931,3.5056,3.54222,3.5484400000000003,3.5546,3.5607300000000004,3.56682,3.5728800000000005,3.5789199999999997,3.58494,3.59095,3.5969599999999997,3.60298,3.609,3.61505,3.6211300000000004,3.62725,3.6334400000000002,3.63971,3.6460800000000004,3.6525800000000004,3.6689300000000005,3.6757400000000002,3.6828199999999995,3.69025,3.6981300000000004,3.7065900000000003,3.71581,3.726,3.7374300000000003,3.75041,3.7652699999999997,3.8850800000000003,3.89519,3.90235,3.91395,3.93284,3.95033,3.9580699999999998,3.9654300000000005,3.97245,3.97915,3.98558,3.99175,3.9977,4.00344,4.009,4.0144,4.01966,4.024780000000001,4.029780000000001,4.034680000000001
2M18585736+4935542,3.18798,3.20275,3.2255599999999998,3.25589,3.26626,3.2740400000000003,3.2849199999999996,3.2957,3.3054099999999997,3.31439,3.32286,3.33095,3.33874,3.3463,3.3536699999999997,3.3608800000000003,3.36795,3.37491,3.3817699999999995,3.3885300000000003,3.3952199999999997,3.4018300000000004,3.4083699999999997,3.41485,3.4212800000000003,3.4276400000000002,3.43396,3.4402199999999996,3.44644,3.4526199999999996,3.45876,3.48116,3.4872,3.4932,3.49915,3.5050800000000004,3.51097,3.5168199999999996,3.52265,3.52845,3.5342300000000004,3.53999,3.5457300000000003,3.55146,3.5571800000000002,3.5628900000000003,3.56861,3.5743400000000003,3.58009,3.5918099999999997,3.65446,3.69015,3.69565,3.7012400000000003,3.70696,3.7128900000000002,3.7191,3.7257300000000004,3.73299,3.74115,3.75064,3.82669,3.83348,3.84591,3.86259,3.8816599999999997,3.90401,3.91889,3.92657,3.93445,3.94265,3.95134,3.96714,3.97675,3.98515,3.99264,3.99945,4.005730000000001,4.0116,4.01715,4.0224400000000005
2M19290865+4054489,3.21627,3.24206,3.26075,3.27756,3.29342,3.30045,3.3096900000000002,3.31771,3.32553,3.3332599999999997,3.3409699999999996,3.34878,3.3568300000000004,3.3653800000000005,3.3746099999999997,3.3842800000000004,3.3936300000000004,3.40228,3.4090199999999995,3.41543,3.4217800000000005,3.42806,3.4342900000000003,3.44046,3.44659,3.4526800000000004,3.45874,3.46475,3.47073,3.47667,3.48259,3.4884699999999995,3.4943199999999996,3.50014,3.5059400000000003,3.51171,3.51745,3.52317,3.52886,3.53453,3.5401800000000003,3.54581,3.5514099999999997,3.557,3.5625699999999996,3.5681300000000005,3.5741,3.58009,3.5860800000000004,3.60124,3.6755699999999996,3.76185,3.7668,3.77166,3.7765199999999997,3.78139,3.7862699999999996,3.79118,3.7961,3.8010599999999997,3.80605,3.81109,3.8232199999999996,3.83679,3.85429,3.87488,3.8995,3.9070400000000003,3.91285,3.91817,3.9223199999999996,3.929,3.93551,3.9417199999999997,3.9476699999999996,3.95338,3.95888,3.9641900000000003,3.9693400000000003,3.97433,3.97919
