2M19330298+4121544,3.15727,3.17435,3.20082,3.24567,3.25525,3.26345,3.27487,3.28755,3.29871,3.30884,3.3182300000000002,3.32706,3.3354800000000004,3.3435599999999996,3.3513699999999997,3.35897,3.3663800000000004,3.3736300000000004,3.38075,3.38775,3.3946400000000003,3.40144,3.40815,3.41479,3.42135,3.42785,3.43428,3.44066,3.44699,3.4532599999999998,3.45949,3.49192,3.4980300000000004,3.50409,3.5101,3.5160699999999996,3.52201,3.52791,3.53378,3.5396199999999998,3.54545,3.55125,3.55703,3.56281,3.56859,3.57436,3.58015,3.58596,3.5918099999999997,3.5977099999999997,3.6449599999999998,3.6573,3.66319,3.6692400000000003,3.67549,3.68204,3.6890199999999997,3.69659,3.7050099999999997,3.7146,3.72575,3.83494,3.85561,3.8632,3.8771699999999996,3.8953599999999997,3.91647,3.9363099999999998,3.94536,3.9546900000000003,3.9644800000000004,3.9721,3.9780699999999998,3.98684,3.9969099999999997,4.005780000000001,4.013719999999999,4.02094,4.02759,4.0338,4.03965
2M19233947+4217116,3.17565,3.19636,3.22084,3.22991,3.23882,3.24758,3.25619,3.26465,3.27298,3.28255,3.29334,3.3033699999999997,3.31282,3.3218,3.3304099999999996,3.3387,3.3467300000000004,3.35454,3.36215,3.3696,3.37689,3.38406,3.3911,3.3980300000000003,3.40487,3.4116199999999997,3.41828,3.42486,3.43137,3.43781,3.4441800000000002,3.48135,3.5008800000000004,3.50684,3.51275,3.5186300000000004,3.5244699999999995,3.5302800000000003,3.53606,3.5418,3.5475199999999996,3.5532199999999996,3.5588900000000003,3.56455,3.5702,3.5758300000000003,3.5814699999999995,3.5871199999999996,3.5927800000000003,3.5984800000000003,3.60945,3.6152300000000004,3.62112,3.62716,3.63343,3.6400099999999997,3.6475199999999997,3.6559199999999996,3.6642,3.67351,3.6905300000000003,3.8011800000000004,3.90676,3.9136,3.92045,3.9356,3.95365,3.97473,3.9921599999999997,4.00044,4.00821,4.014130000000001,4.0235,4.03356,4.04215,4.04968,4.05641,4.06257,4.06829,4.07367,4.078790000000001
2M19275056+4225588,3.15825,3.17121,3.1894099999999996,3.22853,3.27103,3.2787599999999997,3.3027699999999998,3.31291,3.32206,3.33057,3.33863,3.34637,3.35386,3.36116,3.3683099999999997,3.37532,3.38222,3.38902,3.3957300000000004,3.4023800000000004,3.40895,3.41546,3.42191,3.4283,3.43465,3.44095,3.4472099999999997,3.4534199999999995,3.4596,3.4657400000000003,3.47185,3.49076,3.49692,3.5030300000000003,3.5091,3.5151199999999996,3.5211,3.5270599999999996,3.5329800000000002,3.5388800000000002,3.54475,3.55061,3.55646,3.5623099999999996,3.56815,3.57401,3.57988,3.5857900000000003,3.59174,3.59776,3.6574199999999997,3.7022199999999996,3.70804,3.7140199999999997,3.72021,3.7267099999999997,3.7336300000000002,3.74115,3.7495199999999995,3.7591300000000003,3.77045,3.82435,3.83216,3.8441400000000003,3.8620900000000002,3.88269,3.90695,3.919,3.92815,3.93684,3.9430099999999997,3.94896,3.95471,3.96029,3.96571,3.9718699999999996,3.9797300000000004,3.9869199999999996,3.9935699999999996,3.99979,4.00568
2M19352029+4237298,3.19463,3.21965,3.25947,3.2850599999999996,3.29569,3.30269,3.3106,3.31911,3.3272699999999995,3.33523,3.3430699999999995,3.3509,3.35881,3.3669300000000004,3.37541,3.3842800000000004,3.39333,3.40216,3.4105199999999996,3.41839,3.42585,3.433,3.43989,3.4461800000000005,3.45234,3.45844,3.4645,3.4705199999999996,3.4765,3.48244,3.4883599999999997,3.49424,3.50009,3.5059099999999996,3.5117,3.51747,3.5232099999999997,3.52892,3.53462,3.54029,3.54605,3.55197,3.55789,3.5638099999999997,3.56975,3.5756900000000003,3.58165,3.5876099999999997,3.5936,3.5996,3.67429,3.76335,3.7684800000000003,3.77359,3.77869,3.78379,3.7888900000000003,3.79399,3.7991,3.8042199999999995,3.80935,3.8144099999999996,3.82459,3.83969,3.8571400000000002,3.8776699999999997,3.9022099999999997,3.90919,3.9141,3.91826,3.9224099999999997,3.92655,3.9306699999999997,3.9347800000000004,3.94054,3.94631,3.9518699999999995,3.9579699999999995,3.9639699999999998,3.96987,3.9756699999999996
2M19342430+4222471,3.15128,3.16234,3.1770400000000003,3.20486,3.28438,3.29186,3.33189,3.34053,3.3485,3.35607,3.3633599999999997,3.37045,3.37739,3.3842199999999996,3.39094,3.39759,3.40416,3.4106699999999996,3.4171199999999997,3.4235300000000004,3.4298800000000003,3.4361900000000003,3.44246,3.4487,3.4549,3.46106,3.4672,3.4733,3.47939,3.48545,3.49148,3.50105,3.50715,3.5132199999999996,3.51925,3.52525,3.53122,3.5371699999999997,3.54311,3.54903,3.55494,3.56085,3.56676,3.57268,3.57862,3.58459,3.59059,3.59665,3.60278,3.609,3.67049,3.7352800000000004,3.7412900000000002,3.7475099999999997,3.754,3.7608699999999997,3.7682300000000004,3.7763,3.78533,3.79415,3.8008599999999997,3.8077,3.8149900000000003,3.83091,3.84984,3.87298,3.89206,3.9025,3.91166,3.91813,3.92436,3.93037,3.9361800000000002,3.94181,3.9472699999999996,3.95439,3.9624,3.96975,3.9765699999999997,3.9829800000000004,3.98905
2M19331205+4131240,3.13993,3.14993,3.1604099999999997,3.20036,3.26763,3.27564,3.31599,3.32659,3.3361199999999998,3.34495,3.3532900000000003,3.36125,3.3689199999999997,3.3763699999999996,3.38364,3.39075,3.39773,3.4046,3.41137,3.4180599999999997,3.42467,3.4312099999999996,3.4376900000000004,3.44412,3.4504900000000003,3.45681,3.4630900000000002,3.4693199999999997,3.4755300000000005,3.48169,3.48783,3.51151,3.5176800000000004,3.5238099999999997,3.52989,3.5359300000000005,3.54195,3.54794,3.5539099999999997,3.55986,3.5658,3.57174,3.5776800000000004,3.5836300000000003,3.5896,3.5956,3.60164,3.60774,3.6139099999999997,3.62019,3.64915,3.69995,3.7063099999999998,3.71291,3.71984,3.72718,3.7351099999999997,3.7438300000000004,3.7536199999999997,3.7648900000000003,3.77812,3.8456300000000003,3.8545300000000005,3.86099,3.8727099999999997,3.8917599999999997,3.91402,3.92699,3.9337,3.94012,3.9462599999999997,3.9521699999999997,3.9578699999999998,3.96339,3.9687300000000003,3.97393,3.979,3.98395,3.9887900000000003,3.9935400000000003,3.99821
2M19004559+4601406,3.16201,3.17775,3.2017599999999997,3.24171,3.25787,3.2659599999999998,3.27984,3.29185,3.3025,3.3122300000000005,3.3212800000000002,3.32985,3.3380400000000003,3.3459199999999996,3.3535699999999995,3.36102,3.3683,3.37544,3.38246,3.38936,3.3961699999999997,3.4029,3.4095400000000002,3.4161099999999998,3.4226199999999998,3.4290599999999998,3.4354400000000003,3.4417699999999996,3.44806,3.4542900000000003,3.4604800000000004,3.48969,3.49577,3.5018,3.50779,3.5137400000000003,3.51965,3.5255400000000003,3.53139,3.5372199999999996,3.5430300000000003,3.5488199999999996,3.5546,3.56037,3.5661400000000003,3.57191,3.5777,3.58351,3.58935,3.59525,3.64325,3.67012,3.6759199999999996,3.6818699999999995,3.68802,3.69445,3.7012699999999996,3.70865,3.7168300000000003,3.72612,3.73695,3.83965,3.85019,3.8576300000000003,3.8721,3.8907199999999995,3.91243,3.93341,3.94237,3.9516199999999997,3.9593300000000005,3.9653400000000003,3.97115,3.97698,3.98656,3.9950099999999997,4.0026,4.009530000000001,4.01595,4.02195,4.02764
2M19180152+4522155,3.17803,3.19143,3.21081,3.23736,3.27408,3.28171,3.30375,3.31359,3.32254,3.3309,3.33886,3.34651,3.35394,3.3611800000000005,3.36827,3.37523,3.3820900000000003,3.38885,3.39554,3.40215,3.40869,3.41517,3.4216,3.4279699999999997,3.4343,3.4405699999999997,3.4468099999999997,3.45301,3.45917,3.46529,3.47139,3.4878099999999996,3.49385,3.49985,3.5058199999999995,3.5117599999999998,3.51767,3.52355,3.52941,3.53525,3.5410800000000004,3.5468900000000003,3.55269,3.55849,3.56429,3.5701,3.5759300000000005,3.58178,3.58768,3.59614,3.66068,3.7099900000000003,3.71567,3.72148,3.72749,3.73375,3.7404,3.74756,3.75549,3.7645,3.77501,3.81322,3.82059,3.8355099999999998,3.8535,3.8742199999999998,3.89868,3.90771,3.91665,3.92593,3.93571,3.9430199999999997,3.9510699999999996,3.9613099999999997,3.9702300000000004,3.97816,3.9853400000000003,3.99195,3.9981199999999997,4.00393,4.00946
2M19240775+4902249,
2M19342205+4105425,3.22228,3.25749,3.2763299999999997,3.29642,3.3039400000000003,3.3109900000000003,3.3179800000000004,3.3263199999999995,3.33439,3.3423199999999995,3.3502099999999997,3.3582199999999998,3.36657,3.37574,3.3864900000000002,3.3985199999999995,3.4099199999999996,3.41994,3.4288199999999995,3.4369199999999998,3.4444800000000004,3.45165,3.45855,3.4652199999999995,3.47135,3.47744,3.48348,3.4894800000000004,3.4954400000000003,3.5013699999999996,3.5072699999999997,3.51314,3.5189699999999995,3.5247900000000003,3.5305699999999995,3.5363300000000004,3.54207,3.5478699999999996,3.5538300000000005,3.55979,3.5657699999999997,3.57176,3.5777699999999997,3.58379,3.58984,3.59591,3.602,3.6081199999999995,3.6142800000000004,3.62048,3.6885199999999996,3.7717199999999997,3.77705,3.7823800000000003,3.7877,3.79302,3.7983599999999997,3.8037,3.8090699999999997,3.8144699999999996,3.8199,3.8253699999999995,3.8377,3.8524,3.86898,3.88861,3.9079300000000003,3.91214,3.91634,3.9205300000000003,3.9247099999999997,3.92887,3.9330199999999995,3.9375199999999997,3.94478,3.95194,3.9590099999999997,3.9659800000000005,3.9728199999999996,3.97954,3.9861199999999997
2M19384178+4204321,3.16925,3.18739,3.21731,3.23656,3.24506,3.2534400000000003,3.26168,3.2698,3.2800199999999995,3.29083,3.3008,3.3101199999999995,3.3189599999999997,3.32741,3.33554,3.34341,3.3510699999999995,3.35854,3.36585,3.3730300000000004,3.3800800000000004,3.3870199999999997,3.3938599999999997,3.4006,3.4072699999999996,3.4138599999999997,3.4203699999999997,3.4268199999999998,3.43321,3.43954,3.44581,3.48582,3.49186,3.49785,3.50379,3.5097,3.51557,3.5214,3.5272,3.5329699999999997,3.5387199999999996,3.5444400000000003,3.5501400000000003,3.5558300000000003,3.5615,3.56716,3.57283,3.5785,3.5842,3.5899199999999998,3.63188,3.6389400000000003,3.6446400000000003,3.65045,3.6564300000000003,3.66265,3.6692099999999996,3.6762699999999997,3.68404,3.6928300000000003,3.7038300000000004,3.8050300000000004,3.87607,3.8829300000000004,3.89057,3.90721,3.92636,3.94901,3.96478,3.97296,3.98115,3.987,3.99266,4.00019,4.00914,4.01703,4.02413,4.03061,4.036630000000001,4.04228,4.047630000000001
2M19134816+4014431,
2M19071403+4918590,3.1773700000000002,3.19077,3.2105900000000003,3.23842,3.27655,3.28415,3.30681,3.31651,3.32534,3.3336,3.3414699999999997,3.34905,3.35641,3.3635900000000003,3.3706400000000003,3.37756,3.3843900000000002,3.39112,3.3977800000000005,3.40436,3.41088,3.41735,3.4237599999999997,3.4301199999999996,3.43643,3.4427,3.4489199999999998,3.45511,3.46127,3.46739,3.47347,3.48864,3.4947,3.5007300000000003,3.5067199999999996,3.5126699999999995,3.5186,3.5245,3.53038,3.53623,3.54207,3.5479,3.5537099999999997,3.55953,3.56534,3.5711699999999995,3.57701,3.5828800000000003,3.5888,3.60051,3.66605,3.7127,3.7183900000000003,3.72422,3.7302400000000002,3.73654,3.74321,3.75043,3.75843,3.7675400000000003,3.77821,3.8103599999999997,3.81861,3.8348,3.85301,3.8740099999999997,3.8958699999999995,3.9046,3.9135400000000002,3.9228099999999997,3.9325699999999997,3.9419699999999995,3.95085,3.9613199999999997,3.97045,3.97856,3.9859,3.99264,3.9989199999999996,4.00482,4.01043
2M19415676+5100486,3.1509099999999997,3.16447,3.1846900000000002,3.22666,3.28165,3.28924,3.31926,3.32875,3.33735,3.3453800000000005,3.35304,3.3604300000000005,3.36763,3.3746699999999996,3.38159,3.3884,3.39512,3.4017699999999995,3.40835,3.4148699999999996,3.42133,3.42774,3.4341,3.4404199999999996,3.4467,3.4529400000000003,3.45914,3.4653099999999997,3.4714400000000003,3.47755,3.4836300000000002,3.49571,3.50195,3.5081300000000004,3.5142599999999997,3.52035,3.5264,3.5324199999999997,3.5384,3.54437,3.5503099999999996,3.55625,3.5621699999999996,3.56809,3.5740199999999995,3.57997,3.5859400000000003,3.59195,3.5980300000000005,3.6112800000000003,3.67651,3.71211,3.7180699999999995,3.72421,3.7306,3.7373300000000005,3.74453,3.7524,3.76122,3.7713699999999997,3.78335,3.80119,3.81325,3.83015,3.8491199999999997,3.87099,3.8843699999999997,3.89399,3.90383,3.9140099999999998,3.92469,3.93606,3.94456,3.95505,3.9658599999999997,3.9754199999999997,3.98401,3.99183,3.9990300000000003,4.00574,4.01204
2M19263381+4114277,3.16945,3.1792,3.19184,3.22635,3.2848300000000004,3.2919300000000002,3.31314,3.3226199999999997,3.33155,3.34015,3.34792,3.3549800000000003,3.3618900000000003,3.3686800000000003,3.3753699999999998,3.38197,3.38849,3.39495,3.40135,3.40769,3.41399,3.42023,3.42644,3.4326,3.4387300000000005,3.4448199999999995,3.4508699999999997,3.45689,3.46288,3.46883,3.47476,3.48066,3.48653,3.4923699999999998,3.49819,3.50399,3.50976,3.51551,3.52124,3.52695,3.53265,3.53833,3.54399,3.54965,3.5552900000000003,3.56092,3.56655,3.5721800000000004,3.5778,3.5873800000000005,3.6557199999999996,3.7419,3.74695,3.75202,3.75711,3.7622400000000003,3.7673900000000002,3.77259,3.7778400000000003,3.78314,3.7885199999999997,3.79399,3.8021,3.81701,3.83428,3.85466,3.87917,3.88734,3.8938900000000003,3.90084,3.90827,3.91627,3.9227199999999995,3.9268300000000003,3.9336800000000003,3.9412300000000005,3.94878,3.95572,3.96219,3.9682699999999995,3.97404
2M19324327+4137039,3.19239,3.20692,3.22922,3.25503,3.2721,3.27975,3.2934400000000004,3.30356,3.3127400000000002,3.3213,3.32942,3.33722,3.3447699999999996,3.3521099999999997,3.3593,3.36636,3.3733,3.3801400000000004,3.38689,3.39356,3.40016,3.40669,3.4131699999999996,3.4195800000000003,3.42595,3.4322699999999995,3.43853,3.44476,3.45094,3.45709,3.4632,3.48101,3.48705,3.49305,3.4990099999999997,3.50494,3.51084,3.51671,3.52255,3.52837,3.53416,3.53994,3.54569,3.55144,3.5571800000000002,3.5629199999999996,3.56866,3.57441,3.5802,3.5969599999999997,3.66195,3.7013300000000005,3.70681,3.71239,3.7181,3.72402,3.7302199999999996,3.73684,3.7440800000000003,3.7522300000000004,3.76169,3.81325,3.8213199999999996,3.83667,3.8539,3.8736900000000003,3.89695,3.9055199999999997,3.9132800000000003,3.92125,3.92955,3.93837,3.9649300000000003,3.97453,3.98294,3.99045,3.9972800000000004,4.00359,4.00949,4.01506,4.02037
2M19492496+4118001,3.17956,3.19198,3.20981,3.23637,3.2774900000000002,3.285,3.30856,3.3178199999999998,3.3263199999999995,3.3343199999999995,3.3419800000000004,3.3493800000000005,3.3566,3.36366,3.3706,3.37744,3.38418,3.3908400000000003,3.39744,3.4039599999999997,3.4104400000000004,3.41685,3.4232199999999997,3.4295400000000003,3.43581,3.44205,3.44824,3.4544,3.4605300000000003,3.46662,3.4726800000000004,3.48602,3.49208,3.4980900000000004,3.5040699999999996,3.51002,3.51594,3.5218300000000005,3.5277,3.53355,3.5393800000000004,3.5452,3.5510099999999998,3.55681,3.56262,3.56843,3.5742599999999998,3.5801199999999995,3.5860199999999995,3.59674,3.66335,3.7199400000000002,3.72557,3.7313300000000003,3.7372699999999996,3.7434800000000004,3.75005,3.75714,3.7649800000000004,3.7739,3.7843400000000003,3.80786,3.8155699999999997,3.83185,3.8502,3.8714199999999996,3.89511,3.9036699999999995,3.91244,3.92153,3.9310699999999996,3.93785,3.94352,3.95349,3.96235,3.97025,3.97741,3.98401,3.9901699999999996,3.9959800000000003,4.00151
2M19063321+3929164,3.1637299999999997,3.17778,3.19815,3.24024,3.26914,3.27696,3.29584,3.30652,3.3160800000000004,3.3249199999999997,3.3332599999999997,3.34122,3.3489,3.35636,3.36364,3.37077,3.3777800000000004,3.3846800000000004,3.39149,3.3982,3.40485,3.4114199999999997,3.41793,3.42438,3.4307800000000004,3.4371199999999997,3.4434199999999997,3.44967,3.45589,3.4620599999999997,3.4681900000000003,3.4895699999999996,3.4957300000000004,3.50184,3.5079,3.5139199999999997,3.51989,3.52584,3.53175,3.5376300000000005,3.5434900000000003,3.54934,3.5551699999999995,3.5609900000000003,3.5668,3.57263,3.5784599999999998,3.5843300000000005,3.5902300000000005,3.5979,3.6600599999999996,3.69309,3.69886,3.70477,3.71089,3.71728,3.7240800000000003,3.73145,3.73965,3.74905,3.76011,3.82835,3.83601,3.84875,3.86626,3.88628,3.90976,3.9213199999999997,3.93011,3.93914,3.9485300000000003,3.9551199999999995,3.9609300000000003,3.96656,3.97419,3.9828900000000003,3.9907199999999996,3.99787,4.00448,4.010669999999999,4.01651
2M19480452+5024323,3.16128,3.17726,3.20173,3.24683,3.26687,3.2748,3.2907,3.30205,3.3121300000000002,3.3213699999999995,3.3300199999999998,3.3382400000000003,3.34614,3.35417,3.36133,3.3684800000000004,3.3756,3.3826,3.3895,3.3963,3.4030099999999996,3.4096599999999997,3.41623,3.4227300000000005,3.42918,3.43557,3.44191,3.44821,3.45445,3.46066,3.4668300000000003,3.4901699999999996,3.49634,3.5024599999999997,3.5085300000000004,3.51455,3.52054,3.5264900000000003,3.53241,3.5383,3.5441599999999998,3.55001,3.5558400000000003,3.56166,3.56748,3.5733,3.57913,3.5849900000000003,3.5908900000000004,3.6009900000000004,3.6609300000000005,3.6787900000000002,3.68462,3.69058,3.69676,3.70321,3.7100800000000005,3.71754,3.72583,3.7353199999999998,3.74644,3.82453,3.8323099999999997,3.84608,3.8631599999999997,3.8826,3.9052,3.91394,3.9228199999999998,3.9319599999999997,3.94151,3.95169,3.96601,3.97784,3.98812,3.99721,4.00537,4.0128,4.01965,4.02604,4.0320599999999995
2M19295476+4208322,3.1656,3.17896,3.1978400000000002,3.24283,3.27136,3.27894,3.297,3.30666,3.3154199999999996,3.3236199999999996,3.33143,3.3389699999999998,3.34629,3.35345,3.36047,3.3673900000000003,3.3742,3.38093,3.3875800000000003,3.39417,3.40069,3.4071599999999997,3.4135699999999995,3.4199300000000004,3.42625,3.43252,3.43875,3.4449400000000003,3.45109,3.4572,3.46328,3.4787,3.48494,3.4911199999999996,3.4972300000000005,3.5033,3.5093300000000003,3.51531,3.52125,3.52716,3.53304,3.5388900000000003,3.5447300000000004,3.55055,3.5563599999999997,3.56216,3.56797,3.5737900000000002,3.57964,3.5914099999999998,3.6551699999999996,3.69875,3.70434,3.71003,3.7158800000000003,3.72195,3.72834,3.7351900000000002,3.7427300000000003,3.7512800000000004,3.7613199999999996,3.8079699999999996,3.8155699999999997,3.8306699999999996,3.8481099999999997,3.86809,3.8915800000000003,3.9015,3.90959,3.9178,3.92624,3.93505,3.9443599999999996,3.9537400000000003,3.96355,3.97229,3.9801900000000003,3.9874199999999997,3.9941199999999997,4.0004,4.00632
2M18473976+4246318,3.1898,3.2023200000000003,3.2199299999999997,3.2540400000000003,3.26775,3.27507,3.28635,3.2952800000000004,3.3034800000000004,3.31124,3.3187,3.32594,3.33302,3.3399699999999997,3.34681,3.35356,3.36024,3.3668400000000003,3.3733800000000005,3.37986,3.3862900000000002,3.39267,3.399,3.40529,3.4115300000000004,3.41773,3.42389,3.43002,3.4361,3.44216,3.4481699999999997,3.45886,3.46498,3.47105,3.47706,3.4830300000000003,3.48896,3.49484,3.50069,3.5065,3.51229,3.51804,3.52377,3.52947,3.53516,3.54083,3.5464800000000003,3.5521300000000005,3.55778,3.56797,3.63222,3.70456,3.7097300000000004,3.7149400000000004,3.72022,3.72559,3.7311199999999998,3.7368699999999997,3.74296,3.74959,3.75706,3.7852,3.79167,3.8046,3.8210900000000003,3.8401099999999997,3.86259,3.8794,3.8859800000000004,3.89259,3.8993300000000004,3.9062900000000003,3.91585,3.93985,3.9535099999999996,3.96233,3.9690800000000004,3.97536,3.98126,3.98686,3.9922199999999997
2M19481670+4031304,3.19829,3.21178,3.22946,3.25069,3.2739700000000003,3.28546,3.29768,3.3074,3.3163,3.32464,3.3326,3.34026,3.3477,3.3549599999999997,3.36208,3.3690599999999997,3.37594,3.3827300000000005,3.38944,3.39607,3.4026300000000003,3.40913,3.4155699999999998,3.42196,3.4283,3.43459,3.44084,3.44705,3.45321,3.45934,3.46544,3.4821199999999997,3.48812,3.4940800000000003,3.50001,3.5059199999999997,3.51179,3.51764,3.52346,3.52926,3.53504,3.54081,3.54656,3.5523,3.55804,3.5637800000000004,3.5695300000000003,3.5752900000000003,3.5810800000000005,3.5964400000000003,3.66279,3.71129,3.71676,3.7223300000000004,3.72804,3.73395,3.74015,3.74678,3.75403,3.7621599999999997,3.77158,3.81475,3.82219,3.8378099999999997,3.8553800000000003,3.87563,3.89949,3.90924,3.91718,3.9253699999999996,3.93395,3.95075,3.9612199999999995,3.9701699999999995,3.97802,3.98505,3.99149,3.99746,4.00309,4.008430000000001,4.01356
2M19214099+3751064,3.20307,3.22324,3.24221,3.25756,3.2820400000000003,3.28904,3.3005,3.30838,3.3161,3.3237300000000003,3.33135,3.33903,3.34688,3.3549900000000004,3.3633599999999997,3.3718199999999996,3.3799300000000003,3.38645,3.39289,3.39925,3.40556,3.41181,3.4180099999999998,3.4241699999999997,3.4302900000000003,3.4363699999999997,3.4424099999999997,3.44841,3.4543800000000005,3.46032,3.46622,3.4721,3.4779400000000003,3.4837599999999997,3.48955,3.49531,3.50104,3.50675,3.51243,3.51809,3.5237300000000005,3.52935,3.53494,3.54051,3.5460599999999998,3.5516,3.55712,3.56262,3.56811,3.57625,3.65769,3.7507099999999998,3.7555199999999997,3.7603199999999997,3.7651199999999996,3.7699300000000004,3.77475,3.77958,3.78442,3.7893,3.7942,3.79914,3.8041300000000002,3.8177300000000005,3.83457,3.8544,3.8782,3.8969199999999997,3.9024699999999997,3.9083099999999997,3.91286,3.9180300000000003,3.92427,3.93024,3.9359900000000003,3.94153,3.9469,3.95211,3.95718,3.96213,3.96696
2M19274845+4304289,3.19005,3.2036599999999997,3.2235099999999997,3.25684,3.26782,3.27524,3.28575,3.2951900000000003,3.3037900000000002,3.31187,3.31958,3.32703,3.33428,3.3413800000000005,3.34835,3.35521,3.3619800000000004,3.36867,3.3752800000000005,3.3818300000000003,3.3883199999999998,3.3947599999999998,3.4011400000000003,3.4074699999999996,3.41376,3.42,3.4262,3.4323599999999996,3.4384699999999997,3.44456,3.4506,3.4634,3.4695,3.47555,3.48155,3.4875,3.4934199999999995,3.4993,3.5051400000000004,3.51096,3.51674,3.5224900000000003,3.5282199999999997,3.5339300000000002,3.5396300000000003,3.5453,3.5509699999999995,3.5566400000000002,3.5623,3.57465,3.63824,3.6987300000000003,3.7039699999999995,3.70926,3.7146199999999996,3.7201,3.72575,3.7316599999999998,3.73795,3.74485,3.7526800000000002,3.7890900000000003,3.7956199999999995,3.80968,3.8261199999999995,3.8450699999999998,3.86741,3.88133,3.8881099999999997,3.89495,3.90196,3.90924,3.9293400000000003,3.95301,3.9660599999999997,3.9735300000000002,3.9803800000000003,3.98673,3.99269,3.9983400000000002,4.00373
2M19562938+4152003,3.1789,3.193,3.21486,3.24559,3.27408,3.2817,3.30033,3.31029,3.3193099999999998,3.32772,3.3357099999999997,3.3433900000000003,3.35083,3.35808,3.36519,3.3721699999999997,3.3790400000000003,3.38582,3.3925099999999997,3.3991300000000004,3.4056900000000003,3.41218,3.4186199999999998,3.425,3.43134,3.4376300000000004,3.4438699999999995,3.4500800000000003,3.45624,3.4623699999999995,3.4684699999999995,3.48455,3.4906300000000003,3.4966800000000005,3.5026800000000002,3.50865,3.51459,3.52049,3.5263699999999996,3.5322199999999997,3.53805,3.5438699999999996,3.54967,3.5554699999999997,3.56126,3.56705,3.57286,3.57869,3.58455,3.59826,3.66289,3.70434,3.7099699999999998,3.71571,3.7216199999999997,3.7277699999999996,3.7342699999999995,3.7412699999999997,3.74899,3.7577599999999998,3.76801,3.8086,3.81699,3.8327699999999996,3.8504699999999996,3.8708400000000003,3.8929,3.90119,3.90964,3.91835,3.9274699999999996,3.93718,3.95574,3.9662599999999997,3.9754400000000003,3.9836,3.99099,3.9977699999999996,4.00407,4.01,4.015619999999999
2M19294013+4125007,3.16973,3.18298,3.2023,3.2299700000000002,3.27552,3.28312,3.30893,3.3185800000000003,3.3273599999999997,3.33558,3.34341,3.35095,3.35828,3.3654300000000004,3.37245,3.37935,3.38614,3.39285,3.39949,3.40605,3.41255,3.419,3.42539,3.4317300000000004,3.4380300000000004,3.44429,3.4505,3.4566800000000004,3.46282,3.4689300000000003,3.4750099999999997,3.48967,3.49574,3.50176,3.50775,3.5137099999999997,3.5196400000000003,3.52555,3.5314300000000003,3.53729,3.54314,3.5489800000000002,3.55481,3.5606400000000002,3.56647,3.5723199999999995,3.57819,3.58409,3.59004,3.59606,3.66014,3.71235,3.71811,3.72402,3.73014,3.73655,3.74336,3.75074,3.7589099999999998,3.7682300000000004,3.7791099999999997,3.8071099999999998,3.8147599999999997,3.8299800000000004,3.84827,3.8693699999999995,3.89246,3.90161,3.9110199999999997,3.9208,3.93114,3.93837,3.94553,3.9562699999999995,3.96561,3.97391,3.98141,3.98829,3.9946800000000002,4.0007,4.00641
2M19342073+4255440,3.12473,3.14194,3.168,3.22087,3.25063,3.25916,3.2793400000000004,3.29319,3.30522,3.3160199999999995,3.3259300000000005,3.3351800000000003,3.3439400000000004,3.3523099999999997,3.3603699999999996,3.36818,3.3757699999999997,3.3831800000000003,3.3904300000000003,3.39756,3.40456,3.41146,3.41826,3.42498,3.43161,3.4381800000000005,3.4446800000000004,3.4511199999999995,3.4575,3.46383,3.4701199999999996,3.50812,3.51557,3.52167,3.52774,3.53375,3.53974,3.5456800000000004,3.5516,3.5575,3.5633800000000004,3.56925,3.57511,3.5809699999999998,3.58684,3.5927300000000004,3.59864,3.6046,3.6106199999999995,3.61671,3.6398699999999997,3.64609,3.6524900000000002,3.6591199999999997,3.6660699999999995,3.67345,3.6814,3.69012,3.6998699999999998,3.71095,3.7237,3.8461800000000004,3.8804300000000005,3.8891,3.89784,3.9145800000000004,3.93601,3.9570199999999995,3.9643,3.97125,3.97789,3.9842699999999995,3.9904,3.99631,4.00202,4.00756,4.01293,4.0204,4.0278,4.03466,4.0410699999999995
2M19174175+4643342,3.1987,3.2095,3.22267,3.23812,3.28385,3.29295,3.3164300000000004,3.3244300000000004,3.3319699999999997,3.33923,3.34629,3.35322,3.36003,3.3667599999999998,3.37341,3.3799900000000003,3.3865199999999995,3.39299,3.39941,3.40579,3.41212,3.4184099999999997,3.42467,3.43088,3.43706,3.4432099999999997,3.4493300000000002,3.4554199999999997,3.46147,3.4675,3.4735099999999997,3.4803599999999997,3.48634,3.4923,3.4982300000000004,3.5041300000000004,3.51001,3.5158699999999996,3.5217,3.5275199999999995,3.53332,3.53911,3.54489,3.5506699999999998,3.55645,3.56224,3.5680400000000003,3.57387,3.57973,3.59542,3.66623,3.74171,3.74715,3.7527,3.75841,3.76435,3.77003,3.7755400000000003,3.78108,3.7866699999999995,3.7923400000000003,3.79808,3.8080199999999995,3.8233800000000002,3.84121,3.8623199999999995,3.88498,3.89161,3.89909,3.90781,3.9169699999999996,3.9268099999999997,3.9371300000000002,3.94599,3.9538,3.96084,3.9673,3.9733099999999997,3.979,3.98441,3.98961
2M19293325+4213597,3.19865,3.21155,3.2269400000000004,3.24643,3.2723400000000002,3.28606,3.2973199999999996,3.3072,3.3162300000000005,3.3246900000000004,3.33275,3.34049,3.34801,3.3553300000000004,3.36249,3.36953,3.37645,3.3832800000000005,3.3900099999999997,3.39667,3.40326,3.40979,3.41625,3.42266,3.4290199999999995,3.4353300000000004,3.44159,3.44781,3.454,3.46014,3.46625,3.4841800000000003,3.49016,3.49611,3.5020300000000004,3.50792,3.51378,3.5196199999999997,3.52544,3.53124,3.5370199999999996,3.5427800000000005,3.54854,3.5542800000000003,3.5600300000000002,3.56578,3.57154,3.57732,3.58313,3.5950599999999997,3.66024,3.7087800000000004,3.7143,3.71993,3.72571,3.7317,3.738,3.74473,3.7521,3.76035,3.76986,3.8172699999999997,3.8241400000000003,3.83888,3.8564199999999995,3.87661,3.9003699999999997,3.9119099999999998,3.92024,3.92887,3.93795,3.95459,3.96478,3.9734599999999998,3.98107,3.98791,3.9941800000000005,4.000030000000001,4.00555,4.01082,4.0159
2M19441136+4244348,3.15823,3.1738,3.19705,3.23374,3.25808,3.2662400000000003,3.28361,3.2957699999999996,3.3065599999999997,3.31642,3.32559,3.33426,3.3425300000000004,3.35049,3.3582,3.3657,3.37302,3.3802,3.38725,3.3941800000000004,3.40101,3.4077599999999997,3.41442,3.42101,3.4275300000000004,3.4339800000000005,3.44038,3.44673,3.4530199999999995,3.4592699999999996,3.46547,3.49635,3.50239,3.5083800000000003,3.5143400000000002,3.5202699999999996,3.5261699999999996,3.5320400000000003,3.5378800000000004,3.54371,3.54952,3.5553199999999996,3.5611099999999998,3.5668900000000003,3.57268,3.5784800000000003,3.5843,3.59015,3.59605,3.60201,3.6453,3.6720699999999997,3.678,3.68411,3.69043,3.69708,3.70416,3.7118599999999997,3.7204099999999998,3.7301300000000004,3.7414,3.8481099999999997,3.85815,3.8658699999999997,3.87894,3.89793,3.9200699999999995,3.9420699999999997,3.9501,3.9565900000000003,3.96282,3.96881,3.97459,3.9801900000000003,3.98611,3.9945699999999995,4.00218,4.009119999999999,4.01555,4.02158,4.02729
2M18455585+4712289,3.2004799999999998,3.2113,3.2244599999999997,3.2402900000000003,3.2784699999999996,3.28577,3.30776,3.31607,3.32387,3.33135,3.3386,3.3456900000000003,3.3526300000000004,3.3594699999999995,3.3662199999999998,3.37289,3.37949,3.3860300000000003,3.3925099999999997,3.39894,3.4053199999999997,3.41166,3.41795,3.4242,3.4304099999999997,3.4365900000000003,3.4427199999999996,3.4488300000000005,3.4549,3.46095,3.46697,3.47645,3.48241,3.48835,3.4942599999999997,3.50014,3.506,3.5118300000000002,3.51764,3.5234300000000003,3.52921,3.5349699999999995,3.54072,3.5464599999999997,3.5522,3.55795,3.5637,3.5694800000000004,3.5752800000000002,3.5866599999999997,3.65571,3.7341800000000003,3.73955,3.74502,3.75063,3.7564300000000004,3.76251,3.76899,3.77604,3.7839300000000002,3.7930300000000003,3.79892,3.8052699999999997,3.8214,3.8397099999999997,3.86099,3.8862300000000003,3.89687,3.90489,3.91319,3.9218900000000003,3.9281300000000003,3.9379199999999996,3.94634,3.9537699999999996,3.9605,3.9666900000000003,3.97249,3.97798,3.9832300000000003,3.98829
2M19370743+4217274,3.18672,3.20284,3.22788,3.25913,3.2669200000000003,3.2746299999999997,3.2822400000000003,3.29221,3.30188,3.3108,3.3192,3.3272199999999996,3.3349599999999997,3.3424699999999996,3.34979,3.3569699999999996,3.36401,3.37095,3.3777800000000004,3.3845300000000003,3.3912,3.3978,3.4043300000000003,3.4108,3.41721,3.42357,3.4298800000000003,3.43614,3.44236,3.4485300000000003,3.45466,3.47473,3.48085,3.4869199999999996,3.49294,3.4989199999999996,3.50485,3.51075,3.51661,3.52244,3.5282400000000003,3.53401,3.53976,3.54549,3.5512,3.55689,3.56258,3.5682699999999996,3.5739699999999996,3.5929699999999998,3.6553199999999997,3.6813599999999997,3.68676,3.6922300000000003,3.6978,3.7035199999999997,3.7094699999999996,3.71575,3.7225599999999996,3.73015,3.73892,3.81039,3.81872,3.83331,3.8495699999999995,3.8681300000000003,3.88985,3.89928,3.90637,3.91355,3.9209099999999997,3.9286,3.9523099999999998,3.97811,3.99045,3.99842,4.00566,4.01234,4.01858,4.02445,4.0300199999999995
2M18472048+4409213,3.17731,3.19183,3.21104,3.23683,3.26227,3.27025,3.28765,3.2988699999999995,3.30896,3.31828,3.32703,3.3353599999999997,3.34335,3.3510800000000005,3.3586,3.36593,3.37311,3.3801699999999997,3.3871,3.39394,3.40069,3.40735,3.41395,3.42047,3.4269300000000005,3.4333400000000003,3.43969,3.4459800000000005,3.45224,3.45845,3.4646199999999996,3.49119,3.4971699999999997,3.5031199999999996,3.50904,3.5149199999999996,3.5207900000000003,3.52662,3.5324400000000002,3.53824,3.5440199999999997,3.5497900000000002,3.55555,3.5613,3.5670599999999997,3.5728199999999997,3.57861,3.5844199999999997,3.59026,3.59617,3.64782,3.68641,3.69215,3.69803,3.7041,3.71043,3.71714,3.7243699999999995,3.73233,3.74131,3.75165,3.8399699999999997,3.8472800000000005,3.8546199999999997,3.87094,3.89025,3.91285,3.93364,3.94285,3.94936,3.9553800000000003,3.96118,3.96679,3.9756099999999996,3.98405,3.9915599999999998,3.9983699999999995,4.004659999999999,4.01056,4.01614,4.02147
2M19253372+4210501,3.15104,3.16237,3.18195,3.21667,3.25955,3.2677400000000003,3.29295,3.30496,3.31567,3.32545,3.33457,3.3431900000000003,3.3514199999999996,3.35934,3.36701,3.3745800000000004,3.3817699999999995,3.38953,3.39603,3.4029599999999998,3.40982,3.41658,3.42314,3.4297199999999997,3.43605,3.44248,3.44886,3.45519,3.46147,3.4677,3.4739,3.5051400000000004,3.51113,3.5171,3.5230300000000003,3.52894,3.53482,3.5406800000000005,3.54653,3.5523599999999997,3.55818,3.56399,3.5698,3.57562,3.58145,3.5873,3.5931800000000003,3.5991,3.6050800000000005,3.6111400000000002,3.64545,3.6812400000000003,3.6873400000000003,3.69363,3.70019,3.7071099999999997,3.7145099999999998,3.7225800000000002,3.7315400000000003,3.7417199999999995,3.7534400000000003,3.8584400000000003,3.86657,3.87414,3.8833699999999998,3.90153,3.92257,3.9427300000000005,3.9493300000000002,3.95563,3.96167,3.9674699999999996,3.97307,3.9784800000000002,3.98372,3.9888199999999996,3.9938,3.99865,4.00411,4.0103,4.01616
2M19162065+4133465,3.1720099999999998,3.1846400000000004,3.2015,3.22592,3.26932,3.2770699999999997,3.3020099999999997,3.3121199999999997,3.32133,3.3299199999999995,3.3380699999999996,3.3458900000000003,3.35345,3.36081,3.368,3.37505,3.38197,3.3888,3.39554,3.40219,3.4087699999999996,3.41529,3.4217400000000002,3.42814,3.4344900000000003,3.4407900000000002,3.4470400000000003,3.4532599999999998,3.4594300000000002,3.4655699999999996,3.47168,3.4915300000000005,3.4975099999999997,3.50366,3.5093900000000002,3.51528,3.52116,3.5270099999999998,3.53284,3.5386599999999997,3.54446,3.55025,3.5560400000000003,3.5618300000000005,3.5676300000000003,3.57344,3.5792800000000002,3.58514,3.5910599999999997,3.5970400000000002,3.65003,3.7080800000000003,3.71383,3.7197400000000003,3.72586,3.7322599999999997,3.73905,3.7463900000000003,3.7545,3.76369,3.7743300000000004,3.82616,3.8336699999999997,3.8426,3.86049,3.8810800000000003,3.9053699999999996,3.92244,3.92887,3.9350400000000003,3.94096,3.94668,3.95221,3.9575699999999996,3.96348,3.97119,3.9782,3.9846800000000004,3.99075,3.99649,4.0019800000000005
2M19322220+4121198,3.14399,3.16157,3.18833,3.22946,3.25235,3.26084,3.2782,3.29169,3.30355,3.3142699999999996,3.32415,3.3334,3.34216,3.35054,3.3586099999999997,3.3664300000000003,3.3740300000000003,3.38144,3.3887099999999997,3.39583,3.4028400000000003,3.40974,3.4165400000000004,3.42326,3.4298900000000003,3.43646,3.44296,3.44939,3.45577,3.4621,3.4683800000000002,3.50512,3.5129699999999997,3.5189800000000004,3.52495,3.5308900000000003,3.5368,3.5426900000000003,3.54855,3.5544,3.5602300000000002,3.56604,3.57186,3.57767,3.5834900000000003,3.5893300000000004,3.59519,3.60109,3.60705,3.61309,3.64486,3.65095,3.65719,3.66364,3.6703900000000003,3.67752,3.6851800000000003,3.69357,3.7029,3.71346,3.7255599999999998,3.84545,3.8763,3.88459,3.8939199999999996,3.91246,3.9339,3.95661,3.96409,3.97093,3.97749,3.9837800000000003,3.9898300000000004,3.99568,4.00176,4.011,4.01923,4.0267,4.03356,4.03996,4.04598
2M19394766+4626191,3.1833400000000003,3.19427,3.20867,3.22892,3.27914,3.28649,3.31355,3.3219800000000004,3.3298400000000004,3.33736,3.34462,3.3517099999999997,3.35866,3.3654900000000003,3.37224,3.3789,3.3854900000000003,3.3920199999999996,3.3984900000000002,3.4049,3.4112699999999996,3.4176,3.4238800000000005,3.4301199999999996,3.4363300000000003,3.4425,3.44863,3.45474,3.46081,3.46686,3.47287,3.4824300000000004,3.48844,3.49441,3.5003599999999997,3.5062699999999998,3.5121599999999997,3.5180300000000004,3.5238699999999996,3.5297,3.5355199999999996,3.54132,3.54711,3.55291,3.5587,3.56451,3.5703300000000002,3.57619,3.5820800000000004,3.58879,3.6566199999999998,3.7331199999999995,3.7386800000000004,3.7443699999999995,3.75023,3.75635,3.76281,3.7697599999999998,3.7774199999999998,3.78609,3.79435,3.80049,3.80675,3.82209,3.84079,3.86251,3.8883199999999998,3.8974800000000003,3.9063199999999996,3.9155,3.92181,3.92749,3.933,3.94054,3.94889,3.9563699999999997,3.9632,3.9695300000000002,3.9754699999999996,3.9811099999999997,3.9865
2M19104752+4220194,3.2429,3.26062,3.2701599999999997,3.27976,3.2867800000000003,3.29374,3.30065,3.30752,3.3144,3.3216099999999997,3.3288,3.33598,3.34332,3.35125,3.3611,3.3717699999999997,3.3809400000000003,3.38902,3.39646,3.4035,3.41028,3.41687,3.4233300000000004,3.4296800000000003,3.4359599999999997,3.44216,3.4483099999999998,3.4544,3.46045,3.46651,3.47404,3.47995,3.48582,3.49166,3.4974800000000004,3.50328,3.50906,3.51482,3.5205599999999997,3.5263,3.5320300000000002,3.53776,3.5434900000000003,3.54923,3.5549699999999995,3.56072,3.56649,3.5722699999999996,3.5780800000000004,3.58391,3.6499599999999996,3.7614699999999996,3.76646,3.7714199999999996,3.77638,3.78134,3.78629,3.79124,3.79598,3.8005,3.80502,3.8095199999999996,3.8140099999999997,3.82704,3.84352,3.8629300000000004,3.8861800000000004,3.90401,3.9081699999999997,3.91232,3.91646,3.92058,3.92469,3.9287900000000002,3.93356,3.9393800000000003,3.9451300000000002,3.9508199999999998,3.95643,3.96196,3.9674099999999997
2M19322256+4253471,3.17792,3.19285,3.21508,3.25292,3.26399,3.2718700000000003,3.28336,3.2945599999999997,3.3045699999999996,3.31379,3.3224400000000003,3.3306699999999996,3.3385800000000003,3.3462400000000003,3.3536900000000003,3.36098,3.36812,3.3751300000000004,3.38204,3.38885,3.3955699999999998,3.40222,3.4088,3.41531,3.42175,3.42815,3.4344900000000003,3.4407699999999997,3.4470199999999998,3.45321,3.45937,3.4840699999999996,3.49015,3.4961800000000003,3.5021699999999996,3.50812,3.5140300000000004,3.51991,3.52576,3.5315800000000004,3.53738,3.54315,3.54891,3.5546599999999997,3.5604,3.5661400000000003,3.57188,3.57764,3.58342,3.59182,3.65294,3.68376,3.6893599999999998,3.69507,3.7009300000000005,3.7070199999999995,3.7134300000000002,3.7203199999999996,3.72791,3.73651,3.7465599999999997,3.8339199999999996,3.8409800000000005,3.8516,3.86824,3.88721,3.90939,3.9258699999999997,3.9338800000000003,3.9421,3.95066,3.9597300000000004,3.9657400000000003,3.9755800000000003,3.98452,3.9924699999999995,3.99965,4.00624,4.01237,4.01814,4.02361
2M19284485+4143373,3.1518599999999997,3.1639,3.17999,3.20878,3.27031,3.27806,3.3104400000000003,3.3204800000000003,3.32959,3.3380699999999996,3.34611,3.3538300000000003,3.3613,3.36858,3.37569,3.3826699999999996,3.38953,3.3963,3.4029800000000003,3.40959,3.41612,3.42259,3.42901,3.43537,3.4416900000000004,3.4479599999999997,3.45419,3.4603800000000002,3.46653,3.47265,3.47875,3.4975099999999997,3.50354,3.5095300000000003,3.5154900000000002,3.5214199999999996,3.52733,3.5332199999999996,3.5390900000000003,3.54494,3.55079,3.55663,3.56247,3.5683199999999995,3.57418,3.58006,3.5859699999999997,3.5919300000000005,3.5979400000000004,3.6040400000000004,3.6474699999999998,3.7110300000000005,3.7169800000000004,3.7231199999999998,3.72951,3.7362300000000004,3.7434199999999995,3.7512300000000005,3.75993,3.7698199999999997,3.78135,3.82479,3.83284,3.8409800000000005,3.85865,3.87986,3.9034199999999997,3.9172800000000003,3.9238199999999996,3.9300900000000003,3.9361099999999998,3.94191,3.94752,3.95295,3.95822,3.96335,3.9683699999999997,3.9751,3.98164,3.9878099999999996,3.9936599999999998
2M19510878+4753100,3.17123,3.18568,3.2067900000000003,3.24831,3.26727,3.2751,3.28994,3.30079,3.31051,3.3194800000000004,3.3279199999999998,3.33598,3.34374,3.3512699999999995,3.3586099999999997,3.36579,3.37285,3.3797900000000003,3.3866300000000003,3.3933800000000005,3.40006,3.40666,3.41319,3.41966,3.4260800000000002,3.43244,3.43876,3.4450199999999995,3.4512400000000003,3.4574199999999995,3.46357,3.486,3.49214,3.49822,3.50426,3.51025,3.51621,3.52213,3.5280099999999996,3.53387,3.53971,3.54552,3.5513199999999996,3.5571,3.5628800000000003,3.56866,3.57445,3.58025,3.58609,3.59579,3.65789,3.68917,3.69484,3.70062,3.70658,3.71279,3.71936,3.72644,3.73429,3.7432300000000005,3.7537300000000005,3.82955,3.83691,3.8493800000000005,3.86648,3.8860099999999997,3.90887,3.92199,3.9302900000000003,3.9388,3.9476400000000003,3.9569,3.96265,3.96941,3.97885,3.9872400000000003,3.9948,4.00172,4.00813,4.01415,4.01984
2M19140739+4056322,3.17821,3.19223,3.2130400000000003,3.24936,3.271,3.27871,3.29448,3.30481,3.3141300000000005,3.3227800000000003,3.3309699999999998,3.3388199999999997,3.3464,3.3537800000000004,3.36099,3.36806,3.3750199999999997,3.3818699999999997,3.3886300000000005,3.39531,3.4019199999999996,3.40847,3.41495,3.4213699999999996,3.42774,3.4340699999999997,3.44034,3.44657,3.45276,3.4589199999999996,3.4650300000000005,3.48411,3.49022,3.4962800000000005,3.5022900000000003,3.5082699999999996,3.51421,3.52011,3.52599,3.5318400000000003,3.53766,3.5434699999999997,3.54926,3.5550300000000004,3.56081,3.56658,3.5723599999999998,3.57816,3.58399,3.5969900000000004,3.6610099999999997,3.6985,3.7040900000000003,3.7098,3.71567,3.7217800000000003,3.72822,3.73515,3.7427900000000003,3.7514800000000004,3.76166,3.81986,3.8270699999999995,3.84199,3.8593599999999997,3.8792800000000005,3.9026699999999996,3.91278,3.9209400000000003,3.9293199999999997,3.93805,3.9473,3.95689,3.96737,3.9765,3.98463,3.9919800000000003,3.99873,4.0050099999999995,4.0109,4.01649
2M19283906+4101236,3.16331,3.1779900000000003,3.20024,3.23768,3.26562,3.27347,3.29207,3.30301,3.3128,3.3218199999999998,3.33029,3.3384699999999996,3.34615,3.35368,3.3610300000000004,3.36821,3.37526,3.3822,3.3890300000000004,3.3957699999999997,3.4024400000000004,3.4090300000000004,3.41555,3.42202,3.4284199999999996,3.4347800000000004,3.4410800000000004,3.44734,3.45356,3.4597300000000004,3.46587,3.4880400000000003,3.49415,3.50021,3.50622,3.5122,3.5181400000000003,3.52405,3.5299300000000002,3.5357800000000004,3.5416199999999995,3.54744,3.55325,3.55905,3.56485,3.5706599999999997,3.57648,3.5823300000000002,3.5882099999999997,3.59416,3.6499599999999996,3.6873400000000003,3.69311,3.6990199999999995,3.7051300000000005,3.7115199999999997,3.71829,3.7256199999999997,3.73374,3.74298,3.75377,3.8239900000000002,3.8315699999999997,3.8417199999999996,3.85886,3.87845,3.90144,3.9159599999999997,3.92496,3.9342699999999997,3.94403,3.95189,3.95775,3.96666,3.97632,3.9848800000000004,3.9925699999999997,3.9996099999999997,4.00612,4.01222,4.01799
2M18561467+4530246,3.19334,3.20654,3.22487,3.247,3.2777199999999995,3.28524,3.3045699999999996,3.31397,3.3225800000000003,3.33069,3.33845,3.34594,3.35324,3.3603699999999996,3.3673699999999998,3.37426,3.3810599999999997,3.3877699999999997,3.3944,3.4009699999999996,3.4074800000000005,3.41393,3.4203300000000003,3.42668,3.43298,3.4392400000000003,3.44545,3.45163,3.45778,3.46388,3.46996,3.4840199999999997,3.49004,3.49603,3.50198,3.5079,3.5138,3.5196699999999996,3.5255099999999997,3.53134,3.53714,3.54293,3.54871,3.55449,3.56026,3.5660300000000005,3.5718199999999998,3.57763,3.5834699999999997,3.6002400000000003,3.6677,3.71785,3.72338,3.7290099999999997,3.73481,3.7408300000000003,3.74718,3.7539800000000003,3.76146,3.7699199999999995,3.77976,3.80819,3.8176300000000003,3.83366,3.85174,3.87261,3.89485,3.9029300000000005,3.9111800000000003,3.91972,3.92867,3.9433599999999998,3.95539,3.96487,3.97316,3.9805800000000002,3.9873300000000005,3.99358,3.9994400000000003,4.00499,4.01029
2M19405434+5033323,3.26016,3.2925400000000002,3.27192,3.29944,3.2915699999999997,3.28966,3.2976300000000003,3.3054,3.3164300000000004,3.32303,3.33302,3.3362,3.3448900000000004,3.34924
2M18495813+4358487,3.16265,3.17605,3.19507,3.2384,3.27065,3.2783,3.2980400000000003,3.30796,3.31691,3.3252699999999997,3.3332,3.34084,3.34824,3.3554699999999995,3.36255,3.36951,3.37636,3.3831300000000004,3.3898099999999998,3.3964300000000005,3.40297,3.4094599999999997,3.41589,3.4222699999999997,3.4286,3.43489,3.4411300000000002,3.4473300000000004,3.45349,3.4596199999999997,3.4657199999999997,3.4825800000000005,3.4887900000000003,3.49495,3.50105,3.5071,3.5131099999999997,3.51908,3.5250199999999996,3.5309199999999996,3.5368,3.5426599999999997,3.5485,3.5543199999999997,3.56014,3.56596,3.57179,3.57764,3.5835199999999996,3.5919300000000005,3.65489,3.6981800000000002,3.70385,3.70965,3.71562,3.7218400000000003,3.72841,3.7355,3.7433300000000003,3.7522599999999997,3.7627599999999997,3.81315,3.82081,3.83461,3.85215,3.87224,3.8958699999999995,3.90668,3.9151300000000004,3.9237599999999997,3.93267,3.942,3.9499400000000002,3.95559,3.96458,3.97335,3.98126,3.98849,3.99519,4.00145,4.00736
2M19253263+4159249,3.1705,3.18335,3.2015599999999997,3.23117,3.2689,3.27662,3.29886,3.30902,3.3182400000000003,3.32681,3.33494,3.34274,3.35028,3.35762,3.3648,3.37183,3.37875,3.3855699999999995,3.3923,3.39895,3.40553,3.41204,3.4184900000000003,3.42489,3.4312400000000003,3.43753,3.4437900000000004,3.45,3.4561699999999997,3.4623,3.46841,3.48849,3.4937699999999996,3.49977,3.5057300000000002,3.51166,3.51755,3.5234300000000003,3.5292800000000004,3.53511,3.54092,3.5467199999999997,3.55251,3.5583,3.56409,3.56989,3.57571,3.5815599999999996,3.58745,3.5934,3.6494400000000002,3.70482,3.7105300000000003,3.7163800000000005,3.7224199999999996,3.72874,3.7354300000000005,3.7426699999999995,3.7506699999999995,3.75975,3.7703599999999997,3.8232699999999995,3.83066,3.8404,3.8580699999999997,3.87839,3.90235,3.91889,3.9279800000000002,3.9344900000000003,3.9404800000000004,3.94625,3.9518400000000002,3.9572599999999998,3.9636400000000003,3.97157,3.97875,3.98535,3.99151,3.9973300000000003,4.00286
2M19052120+4844387,3.16894,3.18299,3.20349,3.24004,3.26355,3.27144,3.288,3.29909,3.30902,3.3181599999999998,3.32675,3.3349300000000004,3.3428,3.3504099999999997,3.35782,3.36507,3.37218,3.3791599999999997,3.38604,3.3928199999999995,3.39952,3.40614,3.41269,3.4191800000000003,3.42561,3.4319900000000003,3.43831,3.44458,3.4508099999999997,3.457,3.46315,3.4877800000000003,3.49385,3.4998699999999996,3.50585,3.5118,3.5177099999999997,3.52359,3.52944,3.5352699999999997,3.5410800000000004,3.5468699999999997,3.55265,3.55842,3.56419,3.5699699999999996,3.57575,3.5815699999999997,3.5874099999999998,3.59331,3.64815,3.6882800000000002,3.694,3.69985,3.7058800000000005,3.7121800000000005,3.71886,3.7260699999999995,3.73405,3.7431300000000003,3.75375,3.83667,3.8439900000000002,3.8518199999999996,3.8688,3.8882,3.91094,3.93024,3.93896,3.94642,3.95243,3.95824,3.96386,3.9693,3.97495,3.98302,3.99031,3.997,4.00321,4.00906,4.0146
2M19045932+5014326,3.15793,3.1688400000000003,3.18325,3.20499,3.2864699999999996,3.29379,3.3347800000000003,3.34281,3.35031,3.3575,3.36445,3.3712400000000002,3.37795,3.38459,3.39115,3.3976599999999997,3.40412,3.4105300000000005,3.41689,3.4232099999999996,3.42949,3.4357300000000004,3.44194,3.44811,3.45425,3.4603699999999997,3.46645,3.4725099999999998,3.47854,3.48455,3.49054,3.4965,3.50245,3.5083900000000003,3.51431,3.5202199999999997,3.52613,3.5320199999999997,3.5379099999999997,3.5438,3.5497,3.5556,3.56149,3.5674,3.57332,3.5792599999999997,3.58521,3.5911800000000005,3.5971699999999998,3.6031800000000005,3.66644,3.74134,3.7469099999999997,3.7525199999999996,3.7581800000000003,3.76389,3.76966,3.7755,3.7814300000000003,3.78747,3.7936199999999998,3.7999300000000003,3.80845,3.8238800000000004,3.8418900000000002,3.86335,3.8832199999999997,3.8911,3.8995900000000003,3.90806,3.9137800000000005,3.9198199999999996,3.9256599999999997,3.93278,3.94244,3.9510400000000003,3.9588300000000003,3.96599,3.97267,3.97895,3.9849099999999997
2M19571668+4123047,3.19129,3.20241,3.216,3.23221,3.2850800000000002,3.29995,3.3211800000000005,3.32933,3.33696,3.34429,3.3514,3.35837,3.36521,3.37196,3.3786199999999997,3.38522,3.3917599999999997,3.39824,3.40467,3.41105,3.41739,3.4236800000000005,3.42994,3.4361699999999997,3.44235,3.4485099999999997,3.4546300000000003,3.46072,3.46679,3.47283,3.47885,3.48584,3.4918400000000003,3.49781,3.50375,3.50967,3.51557,3.52144,3.5272900000000003,3.5331300000000003,3.53896,3.5447800000000003,3.55059,3.55641,3.5622199999999995,3.56806,3.5739099999999997,3.57979,3.5857300000000003,3.59986,3.67,3.74077,3.74635,3.7520599999999997,3.7579599999999997,3.7641199999999997,3.7698199999999997,3.77547,3.78116,3.78692,3.79276,3.79871,3.8092099999999998,3.8246599999999997,3.84263,3.86396,3.8837699999999997,3.89079,3.89914,3.9086199999999995,3.9186300000000003,3.92728,3.93825,3.9476400000000003,3.95589,3.96328,3.97004,3.97632,3.9822300000000004,3.9878400000000003,3.99321
2M19383520+4153027,3.0944,3.11437,3.1463,3.2279400000000003,3.25126,3.25963,3.27745,3.29043,3.3016900000000002,3.31184,3.3212099999999998,3.3300199999999998,3.3384099999999997,3.3464699999999996,3.3542699999999996,3.36186,3.3692599999999997,3.3765199999999997,3.38365,3.39066,3.3975699999999995,3.40438,3.41112,3.4177699999999995,3.42436,3.43088,3.43735,3.44375,3.45011,3.45641,3.4626699999999997,3.4944699999999997,3.50104,3.5075300000000005,3.5139400000000003,3.52028,3.5265400000000002,3.53275,3.53891,3.54501,3.5510800000000002,3.55712,3.56313,3.56912,3.5750900000000003,3.5810699999999995,3.5870599999999997,3.5930699999999995,3.5991199999999997,3.6052400000000002,3.61478,3.62108,3.62754,3.63423,3.64123,3.64866,3.65666,3.66543,3.6753400000000003,3.6865900000000003,3.69907,3.8294300000000003,3.83967,3.8493800000000005,3.86375,3.88156,3.9019,3.9133,3.9237,3.93424,3.94509,3.9564199999999996,3.96845,3.98138,3.99232,4.00461,4.01559,4.0254900000000005,4.03451,4.04281,4.0505
2M19344300+4651099,3.18562,3.19719,3.2128799999999997,3.23516,3.2737,3.28116,3.30327,3.31229,3.3206300000000004,3.3285199999999997,3.3361,3.34345,3.3506199999999997,3.35764,3.36455,3.37135,3.3780699999999997,3.3847099999999997,3.39128,3.39779,3.40424,3.4106300000000003,3.41698,3.42328,3.4295400000000003,3.4357599999999997,3.44194,3.4480800000000005,3.4541800000000005,3.46026,3.4663,3.4795599999999998,3.48556,3.4915300000000005,3.49746,3.50336,3.50924,3.5150900000000003,3.5209099999999998,3.5267199999999996,3.53251,3.53829,3.54406,3.5498199999999995,3.5555800000000004,3.56134,3.5671199999999996,3.57292,3.57875,3.58463,3.6496199999999996,3.72163,3.7271300000000003,3.73274,3.7385099999999998,3.74451,3.7508199999999996,3.7575800000000004,3.76499,3.77334,3.78304,3.80726,3.8142199999999997,3.82706,3.84502,3.8658,3.8904199999999998,3.90479,3.9131699999999996,3.9218599999999997,3.9282199999999996,3.93382,3.93926,3.94648,3.9546,3.9618800000000003,3.9685300000000003,3.9747,3.9805,3.98601,3.99128
2M19285614+4134307,3.1343400000000003,3.14906,3.1701900000000003,3.22169,3.26335,3.2713799999999997,3.2953,3.3065599999999997,3.31658,3.32577,3.33439,3.3426,3.35048,3.35811,3.36554,3.3728,3.37992,3.38692,3.39382,3.40061,3.4073300000000004,3.4139699999999995,3.4205400000000004,3.4270400000000003,3.43349,3.4398800000000005,3.44622,3.45252,3.45877,3.46498,3.47116,3.4967099999999998,3.50299,3.50921,3.51537,3.5214800000000004,3.52754,3.5335699999999997,3.53956,3.54552,3.55146,3.5573699999999997,3.5632800000000002,3.5691800000000002,3.5750800000000003,3.5809900000000003,3.5869199999999997,3.59288,3.5989,3.6049800000000003,3.65225,3.6763199999999996,3.6824,3.6886699999999997,3.69519,3.7020699999999995,3.7094400000000003,3.71749,3.7265099999999998,3.7368699999999997,3.74906,3.8385599999999998,3.8471599999999997,3.8555599999999997,3.8725199999999997,3.89229,3.91539,3.9302699999999997,3.9399800000000003,3.94896,3.9554400000000003,3.96169,3.96771,3.9735400000000003,3.97919,3.9846699999999995,3.99015,3.9981400000000002,4.00547,4.0122800000000005,4.01866
2M19155629+4003522,3.17089,3.1821200000000003,3.19677,3.23142,3.27334,3.2808599999999997,3.30401,3.31304,3.32139,3.3293,3.3369,3.34426,3.35145,3.35849,3.36542,3.37224,3.3789800000000003,3.38564,3.39224,3.39876,3.4052300000000004,3.41165,3.41802,3.42434,3.43062,3.43685,3.44305,3.4492,3.4553300000000005,3.4614199999999995,3.46748,3.4823,3.48844,3.49453,3.5005699999999997,3.5065699999999995,3.51254,3.5184699999999998,3.52437,3.53025,3.5361,3.5419400000000003,3.54776,3.5535699999999997,3.5593800000000004,3.5651900000000003,3.57101,3.57686,3.5827400000000003,3.5886699999999996,3.6541300000000003,3.7165800000000004,3.7221800000000003,3.72791,3.7338199999999997,3.73998,3.74649,3.7535,3.76126,3.7701,3.78053,3.8176400000000004,3.825,3.8377,3.85575,3.87656,3.9011400000000003,3.9150699999999996,3.92326,3.9296,3.9354199999999997,3.94104,3.9464900000000003,3.9517800000000003,3.9569400000000003,3.9619699999999995,3.9668900000000002,3.97298,3.9792199999999998,3.9851099999999997,3.9907
2M19284107+4054587,3.14246,3.15103,3.15983,3.19581,3.2917699999999996,3.2992800000000004,3.3808300000000004,3.3875599999999997,3.39419,3.40076,3.40726,3.41371,3.4201099999999998,3.4264699999999997,3.43278,3.43906,3.4453,3.45151,3.4576800000000003,3.46383,3.46995,3.4760400000000002,3.4821,3.48814,3.49416,3.5001599999999997,3.5061400000000003,3.51211,3.51807,3.5240099999999996,3.5299400000000003,3.5358699999999996,3.5418,3.5477199999999995,3.55365,3.55959,3.5655300000000003,3.5714900000000003,3.57746,3.58345,3.58946,3.5955,3.6015599999999997,3.6076599999999996,3.6137900000000003,3.61995,3.62615,3.6324,3.6386800000000004,3.6450199999999997,3.6633699999999996,3.7648699999999997,3.77098,3.77717,3.78345,3.7898300000000003,3.7963199999999997,3.80295,3.80974,3.8164300000000004,3.8208699999999998,3.8253,3.82971,3.83659,3.8526300000000004,3.8721,3.8898099999999998,3.89405,3.8982699999999997,3.90248,3.9066699999999996,3.91085,3.9150199999999997,3.92038,3.9256800000000003,3.93085,3.9359,3.94086,3.9457199999999997,3.9505,3.9552
2M19310830+4312575,3.1743200000000003,3.1907400000000004,3.2162900000000003,3.2518700000000003,3.25992,3.2678700000000003,3.2757099999999997,3.2871300000000003,3.29754,3.30706,3.31596,3.32439,3.33247,3.34026,3.34784,3.3552199999999996,3.36246,3.36955,3.3765300000000003,3.38341,3.3902,3.3969,3.40352,3.4100800000000002,3.4165699999999997,3.423,3.4293699999999996,3.43569,3.44196,3.4481800000000002,3.45436,3.48104,3.48715,3.4932199999999995,3.4992300000000003,3.5052,3.51114,3.51703,3.5228900000000003,3.52872,3.5345199999999997,3.54029,3.54605,3.55179,3.5575099999999997,3.5632300000000003,3.56895,3.5746800000000003,3.5804199999999997,3.5889,3.64755,3.66889,3.6744800000000004,3.68016,3.6859800000000003,3.69201,3.69834,3.7051199999999995,3.71256,3.72097,3.73076,3.83059,3.8388199999999997,3.84878,3.86478,3.88295,3.9041,3.9210300000000005,3.9288,3.9367300000000003,3.9449400000000003,3.9536,3.96884,3.98314,3.9924199999999996,4.00066,4.00811,4.0149300000000006,4.02126,4.02719,4.03281
2M19004979+4523036,3.17708,3.19119,3.2120900000000003,3.24226,3.2678700000000003,3.27567,3.2931199999999996,3.30376,3.31336,3.32226,3.33065,3.3386699999999996,3.3464,3.3539,3.36122,3.36838,3.37541,3.3823300000000005,3.38915,3.39589,3.40254,3.4091199999999997,3.4156400000000002,3.4220900000000003,3.42849,3.4348400000000003,3.4411400000000003,3.44739,3.4536,3.45977,3.4659,3.48768,3.4937199999999997,3.49971,3.50567,3.5116,3.5175,3.52337,3.52921,3.5350300000000003,3.54084,3.5466300000000004,3.55241,3.55818,3.56395,3.56972,3.57551,3.5813300000000003,3.5871800000000005,3.59309,3.6550599999999998,3.69613,3.7018,3.7076,3.71359,3.7198300000000004,3.72643,3.73355,3.7414199999999997,3.75035,3.76076,3.8277900000000002,3.8350199999999997,3.8463300000000005,3.8636199999999996,3.8834400000000002,3.9067199999999995,3.9213699999999996,3.9300599999999997,3.93905,3.9476699999999996,3.95353,3.9592,3.96845,3.9773,3.98516,3.9922699999999995,3.9988,4.0048900000000005,4.01064,4.0161
2M19244068+4238269,3.16994,3.17917,3.1889,3.19964,3.27595,3.28378,3.3353699999999997,3.34501,3.35385,3.36214,3.37002,3.37761,3.38496,3.3921300000000003,3.39914,3.4060300000000003,3.41281,3.41949,3.4260900000000003,3.4326199999999996,3.43908,3.44549,3.4518400000000002,3.45815,3.46441,3.4706300000000003,3.47681,3.48297,3.48909,3.49519,3.50126,3.52005,3.526,3.5319199999999995,3.5378300000000005,3.5437199999999995,3.5496,3.55548,3.56135,3.5672099999999998,3.5730800000000005,3.57896,3.58486,3.59078,3.59672,3.6027099999999996,3.6087599999999997,3.61487,3.6210699999999996,3.6273800000000005,3.6529,3.73231,3.7386199999999996,3.74517,3.75205,3.7593400000000003,3.7671900000000003,3.77576,3.78479,3.7939300000000005,3.8039099999999997,3.8327400000000003,3.8388199999999997,3.84473,3.8599300000000003,3.87983,3.90341,3.9127,3.9189300000000005,3.9249,3.93065,3.9361900000000003,3.94155,3.94677,3.95185,3.95681,3.96167,3.96644,3.9711199999999995,3.9757300000000004,3.9802699999999995
2M19011470+4750549,3.1501799999999998,3.16511,3.1868,3.23298,3.2583900000000003,3.26646,3.2836199999999995,3.2953900000000003,3.3058,3.3153099999999998,3.32419,3.33261,3.34067,3.34845,3.35601,3.3633900000000003,3.3706099999999997,3.3776900000000003,3.38466,3.3915300000000004,3.3983,3.405,3.41161,3.41816,3.42465,3.4310699999999996,3.43744,3.4437599999999997,3.4500300000000004,3.45625,3.46244,3.4909199999999996,3.4971,3.5032099999999997,3.5092800000000004,3.5153,3.5212800000000004,3.5272300000000003,3.53314,3.53902,3.5448800000000005,3.55071,3.55654,3.56235,3.5681599999999998,3.57398,3.5798099999999997,3.58566,3.59156,3.5975099999999998,3.64302,3.67193,3.6778199999999996,3.6838599999999997,3.69012,3.69668,3.7036599999999997,3.71125,3.71969,3.72935,3.7406800000000002,3.84421,3.85315,3.86089,3.8746400000000003,3.8935800000000005,3.9156699999999995,3.93707,3.94616,3.95298,3.9592099999999997,3.9652,3.971,3.9766,3.98204,3.9873300000000005,3.99381,4.001119999999999,4.00787,4.0141599999999995,4.02009
2M19432625+4756222,3.1969,3.2095,3.22594,3.2458099999999996,3.2785800000000003,3.2908699999999995,3.3061800000000003,3.31534,3.32378,3.33175,3.33941,3.3468199999999997,3.3540400000000004,3.3611199999999997,3.36807,3.37492,3.3816699999999997,3.38835,3.3949599999999998,3.4015,3.4079800000000002,3.4144099999999997,3.42079,3.4271199999999995,3.4334,3.43965,3.44585,3.4520199999999996,3.45815,3.46424,3.47031,3.4835199999999995,3.4895199999999997,3.49549,3.5014300000000005,3.50734,3.5132199999999996,3.51908,3.5249099999999998,3.53073,3.5365300000000004,3.54231,3.54808,3.55385,3.55962,3.5653900000000003,3.5711699999999995,3.5769699999999998,3.58281,3.59922,3.6674300000000004,3.72285,3.72835,3.73395,3.7397199999999997,3.7457,3.752,3.75875,3.7661599999999997,3.77451,3.78422,3.80769,3.81693,3.8330599999999997,3.8512699999999995,3.8723300000000003,3.89545,3.90351,3.9117599999999997,3.9203099999999997,3.9292800000000003,3.9424099999999997,3.95307,3.9621800000000005,3.9701800000000005,3.97735,3.9839,3.98998,3.99571,4.00114,4.00636
2M19283288+4225459,3.22555,3.24989,3.26404,3.2791300000000003,3.29176,3.2987699999999998,3.30709,3.31491,3.3225599999999997,3.3301199999999995,3.3376699999999997,3.3453,3.3531800000000005,3.3615699999999995,3.37077,3.38044,3.3896699999999997,3.39813,3.40575,3.41214,3.4184699999999997,3.4247400000000003,3.43096,3.4371300000000002,3.44325,3.4493400000000003,3.4553800000000003,3.46139,3.46737,3.4733099999999997,3.4792199999999998,3.4851,3.49095,3.4967699999999997,3.5025699999999995,3.5083300000000004,3.51407,3.51979,3.5254800000000004,3.53115,3.5367900000000003,3.54241,3.5480199999999997,3.5536,3.5593,3.5652199999999996,3.57115,3.5770800000000005,3.5830300000000004,3.5954900000000003,3.6700699999999995,3.76223,3.76725,3.77227,3.7772099999999997,3.7820400000000003,3.78689,3.7917400000000003,3.79662,3.80153,3.8064699999999996,3.81145,3.82065,3.8357099999999997,3.85311,3.8735699999999995,3.89804,3.90878,3.91318,3.9173400000000003,3.9214800000000003,3.92674,3.93285,3.9387,3.9443099999999998,3.94971,3.9549199999999995,3.9599599999999997,3.9655099999999996,3.9710300000000003,3.97646
2M19092707+3838585,3.19283,3.20224,3.21327,3.22673,3.2818400000000003,3.2889699999999995,3.3172300000000003,3.32459,3.33175,3.3387599999999997,3.34564,3.3524199999999995,3.35911,3.36573,3.37229,3.37879,3.38524,3.39164,3.39799,3.4043,3.41057,3.4168,3.42299,3.4291400000000003,3.43526,3.44135,3.4474099999999996,3.4534300000000004,3.4594300000000002,3.4654,3.4713300000000005,3.47725,3.4831300000000005,3.4889900000000003,3.4948300000000003,3.50065,3.50644,3.51221,3.5179699999999996,3.52371,3.5294300000000005,3.53514,3.54083,3.5465199999999997,3.55219,3.55786,3.5635199999999996,3.5691800000000002,3.5748300000000004,3.58178,3.6512,3.74661,3.7516599999999998,3.75674,3.7618300000000002,3.7669599999999996,3.77211,3.77731,3.7825599999999997,3.78787,3.79326,3.7987300000000004,3.80441,3.81941,3.83681,3.8574,3.8639099999999997,3.89555,3.90225,3.90879,3.9129400000000003,3.91707,3.92122,3.92945,3.9371400000000003,3.9440800000000005,3.95048,3.9564699999999995,3.96213,3.96754,3.97274
2M19351595+4212449,3.0926099999999996,3.10284,3.11353,3.18567,3.27295,3.28095,3.33585,3.3458099999999997,3.3548400000000003,3.36325,3.37123,3.37888,3.3862900000000002,3.39351,3.40058,3.40751,3.41433,3.4210599999999998,3.42771,3.43428,3.4407900000000002,3.4472400000000003,3.45364,3.4599900000000003,3.4663,3.4725699999999997,3.4788,3.4849900000000003,3.49116,3.4973099999999997,3.5034300000000003,3.52253,3.52892,3.53526,3.5415400000000004,3.5477800000000004,3.55398,3.56015,3.56629,3.5724099999999996,3.5785099999999996,3.5846199999999997,3.59073,3.59685,3.60299,3.6091699999999998,3.61541,3.6217099999999998,3.6281,3.63461,3.65614,3.69781,3.70457,3.71162,3.71904,3.72696,3.7355199999999997,3.74496,3.75556,3.7677199999999997,3.78195,3.8323199999999997,3.84271,3.8529,3.86847,3.89071,3.91163,3.9192400000000003,3.92651,3.93347,3.94014,3.94655,3.95272,3.9586900000000003,3.96446,3.9700599999999997,3.9755,3.9808,3.9859699999999996,3.99102,3.99597
2M19364610+3937084,3.16301,3.17561,3.19325,3.22149,3.27085,3.27852,3.3057300000000005,3.31558,3.3245400000000003,3.3329,3.34085,3.3485,3.3559,3.3631300000000004,3.3702,3.3771400000000003,3.38398,3.3907300000000005,3.39739,3.4039800000000002,3.4105,3.41696,3.42337,3.42973,3.43603,3.4423,3.44852,3.4547,3.46085,3.46696,3.47305,3.49001,3.49605,3.50205,3.5080199999999997,3.51396,3.5198699999999996,3.52576,3.5316199999999998,3.53747,3.5433,3.5491300000000003,3.55495,3.5607699999999998,3.56659,3.57243,3.5783,3.58419,3.5901400000000003,3.59616,3.6482699999999997,3.7094099999999997,3.7152,3.72116,3.7273199999999997,3.73379,3.74065,3.7480900000000004,3.75633,3.7657,3.77662,3.81515,3.82283,3.8328800000000003,3.85092,3.8717300000000003,3.89635,3.91109,3.9208,3.92761,3.9337199999999997,3.9396,3.94529,3.9508099999999997,3.95795,3.96616,3.97359,3.98041,3.98677,3.9927599999999996,3.99845
2M19310175+4325368,3.17404,3.18663,3.20445,3.24397,3.27557,3.2829699999999997,3.30214,3.3111,3.3193300000000003,3.32709,3.33455,3.34179,3.34887,3.35581,3.36265,3.3694,3.37607,3.3826699999999996,3.38921,3.39569,3.4021199999999996,3.4085,3.4148400000000003,3.4211300000000002,3.4273800000000003,3.43359,3.4397599999999997,3.4459,3.452,3.4580699999999998,3.46411,3.4748900000000003,3.48109,3.4872300000000003,3.4933099999999997,3.49935,3.50535,3.51131,3.51723,3.5231199999999996,3.5289800000000002,3.53482,3.5406400000000002,3.54644,3.55223,3.5580199999999995,3.5638199999999998,3.5696199999999996,3.57545,3.5901400000000003,3.65615,3.71106,3.71654,3.72212,3.72784,3.7337599999999997,3.7399699999999996,3.7465900000000003,3.7538400000000003,3.7620199999999997,3.77158,3.794,3.80309,3.8189,3.83665,3.8571199999999997,3.88027,3.8881,3.89598,3.9039900000000003,3.91226,3.9209099999999997,3.93015,3.94884,3.95824,3.96664,3.97425,3.98126,3.98777,3.9938800000000003,3.9996699999999996
2M19300081+4304593,3.19524,3.2061,3.2202599999999997,3.2370799999999997,3.2873,3.29448,3.32102,3.32855,3.33586,3.3429900000000004,3.3499800000000004,3.35685,3.36363,3.3703199999999995,3.37695,3.3835,3.3900099999999997,3.39645,3.40285,3.4092,3.41551,3.4217800000000005,3.42801,3.4342,3.4403599999999996,3.44648,3.4525699999999997,3.4586300000000003,3.46465,3.47065,3.4766199999999996,3.48256,3.4884800000000005,3.4943699999999995,3.5002400000000002,3.5060800000000003,3.51191,3.5177099999999997,3.5235,3.52927,3.5350300000000003,3.5407699999999998,3.5465,3.55223,3.5579400000000003,3.56365,3.5693599999999996,3.5750599999999997,3.58077,3.5999199999999996,3.6712800000000003,3.74493,3.75006,3.75521,3.76039,3.7656,3.77084,3.7761199999999997,3.78146,3.78685,3.7923199999999997,3.7978699999999996,3.8097,3.82504,3.84281,3.8637900000000003,3.88496,3.89135,3.89811,3.90536,3.9132599999999997,3.92452,3.9346400000000004,3.9439800000000003,3.9521900000000003,3.9595599999999997,3.96631,3.9725599999999996,3.97844,3.9840199999999997,3.9893699999999996
2M18575579+4423529,3.15706,3.17234,3.19481,3.23546,3.25509,3.2633099999999997,3.27865,3.29112,3.30215,3.31219,3.32151,3.33029,3.33866,3.34671,3.35449,3.36205,3.3694300000000004,3.3766599999999998,3.3837599999999997,3.3907300000000005,3.3976,3.40438,3.4110699999999996,3.4176900000000003,3.42423,3.43071,3.4371300000000002,3.44349,3.4498,3.4560699999999995,3.4622800000000002,3.49557,3.50161,3.5076099999999997,3.5135699999999996,3.5195,3.5253900000000002,3.53126,3.5371,3.5429199999999996,3.54872,3.5545,3.56028,3.56605,3.5718199999999998,3.57761,3.5834,3.58923,3.5951,3.6010400000000002,3.64146,3.66824,3.67415,3.6802300000000003,3.68654,3.69315,3.7002,3.7078699999999998,3.71639,3.72609,3.73737,3.84145,3.8678199999999996,3.87541,3.8858800000000002,3.9045699999999997,3.92529,3.94905,3.95566,3.9619699999999995,3.96803,3.97385,3.9794699999999996,3.9849,3.9901699999999996,3.9953,4.00044,4.00732,4.01369,4.01966,4.02532
2M19331737+4252028,3.16624,3.1797299999999997,3.19896,3.24696,3.26733,3.27481,3.28911,3.29845,3.30695,3.31495,3.3226,3.33,3.33722,3.3442800000000004,3.35123,3.3580699999999997,3.3648300000000004,3.3715,3.37811,3.38466,3.39115,3.3975800000000005,3.4039599999999997,3.4102900000000003,3.41658,3.4228300000000003,3.4290300000000005,3.43519,3.4413199999999997,3.4474099999999996,3.4534599999999998,3.4669199999999996,3.4732,3.4794099999999997,3.48556,3.49165,3.49769,3.50369,3.50964,3.51554,3.5214199999999996,3.52726,3.5330699999999995,3.5388599999999997,3.54463,3.55039,3.55614,3.56189,3.56765,3.57801,3.64046,3.6921199999999996,3.6975300000000004,3.7030199999999995,3.7086,3.71434,3.72031,3.72661,3.7334300000000002,3.74102,3.74979,3.79484,3.80232,3.81584,3.8325699999999996,3.85172,3.87419,3.88818,3.8956199999999996,3.90308,3.9106699999999996,3.9184900000000003,3.9267,3.9377699999999995,3.9552199999999997,3.9661,3.9739199999999997,3.9811099999999997,3.9878,3.9940800000000003,4.00002
2M19322962+4056051,3.1661900000000003,3.17633,3.18833,3.20464,3.27643,3.28395,3.32155,3.3302400000000003,3.33834,3.34625,3.3534900000000003,3.3607199999999997,3.36778,3.37471,3.3815199999999996,3.38824,3.39488,3.40145,3.40795,3.4144,3.42079,3.4271300000000005,3.4334300000000004,3.43968,3.4459,3.4520699999999995,3.45822,3.4643300000000004,3.4704099999999998,3.4764699999999995,3.48251,3.4952699999999997,3.50121,3.50713,3.51303,3.5189,3.5247599999999997,3.5306,3.5364400000000002,3.5422599999999997,3.54808,3.55389,3.55971,3.5655300000000003,3.5713800000000004,3.57724,3.58314,3.5890800000000005,3.5950900000000003,3.6011699999999998,3.6489800000000003,3.7347699999999997,3.7405800000000005,3.7465699999999997,3.75279,3.7593199999999998,3.7662699999999996,3.7738,3.78211,3.7915,3.80234,3.8129199999999996,3.8209,3.8304,3.8485699999999996,3.8690900000000004,3.89336,3.9051199999999997,3.91131,3.91725,3.92296,3.9284800000000004,3.93382,3.9390099999999997,3.94406,3.949,3.9538300000000004,3.95986,3.96605,3.9719300000000004,3.97755
2M19315309+4102087,3.18483,3.20025,3.22399,3.25345,3.26619,3.2740400000000003,3.28617,3.2972,3.3071,3.31624,3.32484,3.3330300000000004,3.3409199999999997,3.34855,3.3559900000000003,3.36325,3.3703800000000004,3.3773800000000005,3.3842800000000004,3.39108,3.3978,3.40444,3.4110099999999997,3.41751,3.42395,3.43034,3.4366800000000004,3.44296,3.4492,3.4554,3.46156,3.48515,3.49119,3.4971900000000002,3.50315,3.50907,3.51497,3.52083,3.5266699999999997,3.5324800000000005,3.53827,3.5440400000000003,3.5498,3.55554,3.5612800000000004,3.56702,3.57277,3.57853,3.5843199999999995,3.5955800000000004,3.65743,3.68676,3.69236,3.69806,3.7039199999999997,3.71001,3.71642,3.7233,3.73087,3.7394199999999995,3.74937,3.82875,3.83575,3.84841,3.8651800000000005,3.88435,3.9067800000000004,3.92004,3.92814,3.93647,3.94519,3.9544699999999997,3.97169,3.98164,3.9902900000000003,3.99799,4.00496,4.01138,4.01735,4.02299,4.02836
2M19312961+4257580,3.14506,3.15963,3.18067,3.2229400000000004,3.25985,3.26796,3.29014,3.3020400000000003,3.31256,3.32215,3.3311,3.3395599999999996,3.34766,3.35546,3.3630400000000003,3.3704300000000003,3.37765,3.3847400000000003,3.39171,3.3985800000000004,3.40535,3.41204,3.41865,3.42519,3.4316699999999996,3.4381,3.44446,3.4507800000000004,3.45705,3.4632699999999996,3.4694599999999998,3.49841,3.5045300000000004,3.51059,3.5166199999999996,3.5226,3.52855,3.53447,3.54037,3.54624,3.55209,3.5579400000000003,3.56377,3.5696,3.57544,3.58129,3.5871699999999995,3.5930800000000005,3.59904,3.6050800000000005,3.6448199999999997,3.67728,3.6833099999999996,3.6895300000000004,3.696,3.70281,3.7101,3.71805,3.7269300000000003,3.7370900000000002,3.74894,3.8488,3.85685,3.8648800000000003,3.8776900000000003,3.8972,3.92001,3.93919,3.9459800000000005,3.9524800000000004,3.9587199999999996,3.9647099999999997,3.9704900000000003,3.97609,3.9815099999999997,3.98677,3.9919,3.9986300000000004,4.0054099999999995,4.01175,4.01772
2M19095484+3813438,3.16075,3.17837,3.20853,3.24043,3.24884,3.25713,3.2652799999999997,3.27522,3.28681,3.2972699999999997,3.3069300000000004,3.31599,3.3246,3.33284,3.3408,3.3485300000000002,3.35606,3.36341,3.3706300000000002,3.37771,3.3846800000000004,3.39155,3.39833,3.4050199999999995,3.41163,3.4181800000000004,3.42465,3.4310699999999996,3.43742,3.44372,3.4499699999999995,3.4864800000000002,3.49261,3.4986699999999997,3.50469,3.5106599999999997,3.5165800000000003,3.5224699999999998,3.52832,3.5341400000000003,3.5399300000000005,3.5457,3.55145,3.5571800000000002,3.5629,3.56861,3.5743300000000002,3.58006,3.58581,3.5916,3.63575,3.64566,3.65142,3.65731,3.6633699999999996,3.6697,3.67639,3.68361,3.69161,3.70071,3.7114,3.81486,3.8675900000000003,3.87479,3.8847699999999996,3.90199,3.9218599999999997,3.9454599999999997,3.95684,3.9653099999999997,3.9740900000000003,3.9803900000000003,3.9861699999999995,3.9917599999999998,3.9997800000000003,4.008319999999999,4.015969999999999,4.02295,4.02939,4.0354,4.04108
2M19010446+4833360,3.19486,3.20948,3.23069,3.25532,3.27051,3.27821,3.2910699999999995,3.30137,3.3107,3.3193900000000003,3.32763,3.33552,3.3431599999999997,3.3505800000000003,3.3578300000000003,3.3649400000000003,3.3719300000000003,3.3788199999999997,3.38561,3.3923099999999997,3.39895,3.40551,3.41201,3.41845,3.42484,3.43117,3.4374599999999997,3.4437,3.4499,3.45606,3.4621800000000005,3.48167,3.48769,3.49367,3.4996199999999997,3.5055400000000003,3.5114199999999998,3.51727,3.5231,3.5289,3.5346800000000003,3.54045,3.54619,3.5519300000000005,3.55766,3.5633800000000004,3.56911,3.57485,3.5806199999999997,3.5961199999999995,3.6607,3.6993699999999996,3.7048400000000004,3.71041,3.7161199999999996,3.72203,3.72822,3.7348199999999996,3.7420400000000003,3.7501599999999997,3.75956,3.81915,3.8259800000000004,3.84122,3.85831,3.87791,3.9009400000000003,3.91171,3.9194400000000003,3.9274,3.9357,3.94791,3.96788,3.97718,3.9853099999999997,3.9925800000000002,3.9992099999999997,4.00534,4.01109,4.01653,4.021730000000001
2M19262685+4206574,3.1921,3.20466,3.22307,3.24613,3.28208,3.2894699999999997,3.3107800000000003,3.3196199999999996,3.32778,3.33552,3.3429699999999998,3.3502099999999997,3.3572800000000003,3.3642300000000005,3.3710699999999996,3.37782,3.38449,3.39109,3.3976300000000004,3.4041099999999997,3.41054,3.4169199999999997,3.42326,3.42955,3.4358,3.44201,3.4481800000000002,3.4543199999999996,3.46043,3.4665,3.47255,3.4829,3.48895,3.49496,3.50094,3.5068900000000003,3.5128,3.5186900000000003,3.5245599999999997,3.5304,3.5362199999999997,3.5420300000000005,3.5478300000000003,3.5536199999999996,3.5594099999999997,3.5652,3.571,3.57683,3.58269,3.60296,3.67239,3.7267900000000003,3.7322900000000003,3.73791,3.74369,3.74969,3.75602,3.76281,3.77028,3.77875,3.78865,3.7991300000000003,3.8111300000000004,3.82752,3.84605,3.86751,3.8863300000000005,3.89437,3.90257,3.9110300000000002,3.91989,3.92933,3.94829,3.9580300000000004,3.96657,3.97421,3.9811699999999997,3.98759,3.99359,3.9992699999999997,4.00469
2M19294569+4312339,3.17886,3.18992,3.20337,3.22038,3.28336,3.29837,3.32439,3.33282,3.34067,3.34816,3.3554,3.3624699999999996,3.36939,3.37621,3.3829300000000004,3.3895800000000005,3.39615,3.4026699999999996,3.4091199999999997,3.4155300000000004,3.4218900000000003,3.42821,3.43448,3.44072,3.4469199999999995,3.4530800000000004,3.4592199999999997,3.4653199999999997,3.4714,3.47745,3.48348,3.49221,3.49821,3.50417,3.51011,3.51603,3.5219300000000002,3.5278099999999997,3.53367,3.5395199999999996,3.54536,3.5512,3.55704,3.5628800000000003,3.56874,3.57461,3.58051,3.5864599999999998,3.59246,3.5985400000000003,3.6664800000000004,3.73789,3.7436300000000005,3.74954,3.7556599999999998,3.76209,3.7689199999999996,3.7763199999999997,3.7836800000000004,3.78974,3.7959,3.80219,3.81008,3.8256,3.84375,3.86544,3.8864400000000003,3.89614,3.9062099999999997,3.91554,3.92161,3.9274699999999996,3.9345800000000004,3.94443,3.95306,3.9607900000000003,3.9678400000000003,3.9743699999999995,3.9805,3.9863199999999996,3.99188
2M18523616+4508233,3.17207,3.18986,3.2176400000000003,3.24337,3.25175,3.26,3.2681299999999998,3.2772300000000003,3.2886800000000003,3.2990699999999995,3.3086900000000004,3.31774,3.3263300000000005,3.3345800000000003,3.34254,3.35026,3.3577800000000004,3.3651400000000002,3.37235,3.37943,3.3864,3.39327,3.40004,3.4067300000000005,3.4133400000000003,3.41989,3.42636,3.4327699999999997,3.4391300000000005,3.4454300000000004,3.4516699999999996,3.4871800000000004,3.49324,3.4992400000000004,3.50521,3.51113,3.5170199999999996,3.5228699999999997,3.5287,3.5344900000000004,3.54026,3.54601,3.55174,3.55745,3.56315,3.56885,3.57455,3.5802699999999996,3.58601,3.5917800000000004,3.64259,3.6501099999999997,3.6558300000000004,3.66166,3.6676599999999997,3.67391,3.68051,3.6876300000000004,3.69549,3.70439,3.7155199999999997,3.8198800000000004,3.86331,3.87031,3.88331,3.90067,3.9207300000000003,3.9439599999999997,3.95209,3.96043,3.9691199999999998,3.97836,3.9879800000000003,3.99856,4.0077,4.01577,4.02303,4.02966,4.03581,4.041580000000001,4.04704
2M19325217+4243145,3.1651,3.17348,3.18208,3.20285,3.2920599999999998,3.29952,3.37092,3.3781199999999996,3.38504,3.3917900000000003,3.3984300000000003,3.40498,3.41146,3.4178900000000003,3.42426,3.4306,3.43689,3.44314,3.44936,3.45554,3.4617,3.46783,3.47393,3.48001,3.48607,3.4921,3.4981199999999997,3.5041300000000004,3.5101199999999997,3.51611,3.52209,3.52806,3.5340800000000003,3.54008,3.5460599999999998,3.5520300000000002,3.55798,3.5639300000000005,3.56987,3.5758199999999998,3.58178,3.58776,3.59376,3.5998,3.60587,3.612,3.6182,3.6244099999999997,3.63059,3.6368099999999997,3.66954,3.7696199999999997,3.7755199999999998,3.7814900000000002,3.7875400000000004,3.7936900000000002,3.79995,3.80634,3.8110699999999995,3.8155300000000003,3.8199699999999996,3.8244,3.82881,3.83891,3.85541,3.8753,3.8942099999999997,3.8984400000000003,3.90265,3.9068400000000003,3.9110300000000002,3.9152,3.9193599999999997,3.92383,3.9289699999999996,3.934,3.9389300000000005,3.9437699999999998,3.94852,3.9532,3.95781
2M19505021+4804508,3.1648099999999997,3.17774,3.1965,3.22994,3.27597,3.2836,3.3094900000000003,3.31924,3.32809,3.33635,3.3442199999999995,3.3517900000000003,3.35914,3.36631,3.37335,3.38026,3.3870699999999996,3.3938,3.40045,3.4070199999999997,3.4135400000000002,3.42,3.4264,3.43275,3.43906,3.4453199999999997,3.45155,3.45773,3.46388,3.47,3.47609,3.49169,3.4978,3.5038699999999996,3.5099,3.51589,3.52185,3.5277800000000004,3.53369,3.53957,3.54544,3.5512900000000003,3.55714,3.56299,3.5688400000000002,3.5747,3.58059,3.5865099999999996,3.59248,3.59964,3.6642,3.7119400000000002,3.71775,3.72371,3.72989,3.7363699999999995,3.7432800000000004,3.7507800000000002,3.75914,3.7687,3.77995,3.8138699999999996,3.82162,3.8370800000000003,3.8554800000000005,3.8766800000000003,3.8995300000000004,3.90867,3.91804,3.92775,3.93667,3.9426900000000002,3.9485099999999997,3.95433,3.964,3.9725599999999996,3.98029,3.98736,3.9939199999999997,4.00007,4.00589
2M19040872+4936522,3.15401,3.17402,3.19811,3.235,3.24361,3.25208,3.26042,3.26863,3.27926,3.2901199999999995,3.3001199999999997,3.3094900000000003,3.3183599999999998,3.32685,3.33503,3.34295,3.35065,3.35816,3.3655199999999996,3.3727300000000002,3.3798199999999996,3.3868,3.3936800000000003,3.40046,3.4071599999999997,3.4137800000000005,3.4203300000000003,3.4268099999999997,3.4332199999999995,3.4395800000000003,3.4458800000000003,3.48808,3.4942800000000003,3.5004199999999996,3.5065,3.5125300000000004,3.5185,3.5244400000000002,3.53033,3.5361800000000003,3.54199,3.5477800000000004,3.5535400000000004,3.55928,3.565,3.5707199999999997,3.57643,3.5821400000000003,3.58788,3.59364,3.6231800000000005,3.62892,3.63475,3.6407199999999995,3.6468800000000003,3.65331,3.66015,3.6675800000000005,3.6758599999999997,3.68656,3.69866,3.8061300000000005,3.88617,3.89364,3.90153,3.9182,3.93725,3.95969,3.97421,3.9823699999999995,3.98975,3.99574,4.001519999999999,4.00711,4.012519999999999,4.01779,4.02436,4.03167,4.0384,4.04465,4.05053
2M19255247+4020378,3.1983599999999996,3.2085,3.2173,3.22848,3.28522,3.2953900000000003,3.31325,3.3212300000000003,3.3292,3.33724,3.34544,3.3538699999999997,3.36251,3.36953,3.37618,3.3827300000000005,3.38921,3.3956199999999996,3.4019699999999995,3.40827,3.4145300000000005,3.4207400000000003,3.4269199999999995,3.43305,3.43915,3.44521,3.4512400000000003,3.45724,3.4632,3.4691400000000003,3.4750400000000004,3.4809099999999997,3.48676,3.4925800000000002,3.4983699999999995,3.50414,3.50989,3.5156099999999997,3.5213099999999997,3.52699,3.5326400000000002,3.5382800000000003,3.5439,3.5495099999999997,3.5551,3.5606699999999996,3.56624,3.57179,3.57734,3.58572,3.6557199999999996,3.7545800000000003,3.75949,3.7644,3.76933,3.7742699999999996,3.77924,3.78424,3.78928,3.79437,3.79952,3.8047400000000002,3.8104,3.82536,3.84269,3.8631699999999998,3.8878199999999996,3.90248,3.9069,3.91105,3.91519,3.91932,3.9248199999999995,3.93135,3.93758,3.94354,3.9492800000000003,3.9548300000000003,3.9602,3.9654199999999995,3.9705
2M19165219+4753040,3.18201,3.1941599999999997,3.21179,3.24079,3.2774099999999997,3.28482,3.3061599999999998,3.31511,3.32335,3.33114,3.33863,3.3459,3.353,3.35996,3.3668199999999997,3.3735800000000005,3.38026,3.3868699999999996,3.39341,3.3999,3.40633,3.4127099999999997,3.41905,3.4253400000000003,3.4315900000000004,3.4378,3.4439699999999998,3.45011,3.45621,3.4622800000000002,3.4683300000000004,3.47968,3.48578,3.4918199999999997,3.49782,3.50379,3.5097199999999997,3.5156300000000003,3.5215,3.52735,3.53318,3.53899,3.5447900000000003,3.55058,3.55637,3.56216,3.56796,3.5737699999999997,3.5796300000000003,3.59263,3.65979,3.7204099999999998,3.72592,3.73155,3.7373300000000005,3.7433400000000003,3.74966,3.75645,3.7639,3.7723400000000002,3.7822199999999997,3.8004,3.80875,3.82482,3.8429699999999998,3.86394,3.88794,3.8959900000000003,3.9041699999999997,3.9125900000000002,3.9213699999999996,3.93066,3.9399599999999997,3.95002,3.9588400000000004,3.96671,3.9738599999999997,3.98046,3.9866099999999998,3.99241,3.9979199999999997
2M19443187+4858386,3.0831,3.09642,3.17522,3.3336,3.3838199999999996,3.4291199999999997,3.48231,3.5547800000000005,3.61544,3.62696,3.6375300000000004,3.6474900000000003,3.6918699999999998,3.6989300000000003,3.70589,3.71276,3.7195400000000003,3.72626,3.73291,3.7395099999999997,3.74605,3.75256,3.7590199999999996,3.76545,3.77184,3.77821,3.78455,3.7941199999999995,3.8003400000000003,3.80654,3.81271,3.8188699999999995,3.82501,3.8311300000000004,3.83724,3.8433300000000004,3.9971400000000004,4.00304,4.00893,4.040030000000001,4.0475,4.0551,4.062819999999999,4.07068,4.07865,4.08674,4.094930000000001,4.103219999999999,4.11158,4.120019999999999,4.1285099999999995,4.13705,4.14561,4.15419,4.16277,4.17135,4.17991,4.18846,4.19698,4.2054800000000006,4.21395,4.22239,4.23081,4.23921,4.2476,4.25599,4.26438,4.27278,4.281219999999999,4.28969,4.35527,4.36641,4.37747,4.3885,4.39953,4.41061,4.42178,4.43311,4.44581,4.4593,4.47294
2M19282524+4222491,3.13706,3.14564,3.15529,3.1797,3.2933199999999996,3.3005199999999997,3.33773,3.34697,3.35587,3.36459,3.37321,3.3817800000000005,3.39028,3.3984300000000003,3.40513,3.4117,3.4181800000000004,3.42458,3.43091,3.43718,3.4434,3.44958,3.45571,3.4618,3.46786,3.4738800000000003,3.4798699999999996,3.4858300000000004,3.49175,3.49765,3.5035300000000005,3.50938,3.5152,3.521,3.5267800000000005,3.53254,3.53829,3.5440099999999997,3.5497199999999998,3.55542,3.5611,3.5667800000000005,3.5724400000000003,3.5781,3.58376,3.5894199999999996,3.5950800000000003,3.60074,3.60641,3.6121,3.67138,3.7604800000000003,3.76568,3.77092,3.7762,3.78154,3.78694,3.79241,3.79797,3.8036199999999996,3.8094,3.81532,3.82174,3.83714,3.8550699999999996,3.87581,3.89859,3.9028,3.90699,3.91117,3.91534,3.9195,3.9236400000000002,3.9277699999999998,3.93189,3.936,3.94009,3.9456800000000003,3.95226,3.9585800000000004,3.96466
2M19220642+3808347,3.16839,3.18336,3.20546,3.23905,3.2595400000000003,3.2676,3.2830800000000004,3.2947900000000003,3.3052599999999996,3.31486,3.3238300000000005,3.3323300000000002,3.3404599999999998,3.3483099999999997,3.35592,3.36334,3.3706,3.37771,3.3847099999999997,3.3915900000000003,3.39839,3.40509,3.41172,3.4182699999999997,3.42476,3.43119,3.4375699999999996,3.44389,3.45016,3.4563800000000002,3.46257,3.4914400000000003,3.49746,3.5034300000000003,3.50938,3.5152900000000002,3.5211699999999997,3.52702,3.53285,3.53865,3.5444400000000003,3.5502199999999995,3.5559800000000004,3.5617400000000004,3.5675,3.5732699999999995,3.57905,3.58486,3.5907,3.5966099999999996,3.6453599999999997,3.67864,3.6844300000000003,3.69035,3.69648,3.70289,3.70969,3.7170400000000003,3.72517,3.7344,3.74511,3.8455699999999995,3.8539,3.8612599999999997,3.8757599999999996,3.89474,3.9169199999999997,3.9392300000000002,3.94748,3.95378,3.95983,3.9656599999999997,3.97129,3.97675,3.9835199999999995,3.99149,3.9986699999999997,4.00526,4.0114,4.017180000000001,4.02267
2M19102533+4931237,3.1914,3.20433,3.22335,3.2473799999999997,3.28064,3.2881,3.3084300000000004,3.31756,3.32597,3.3339,3.34151,3.3488800000000003,3.35607,3.36311,3.3700300000000003,3.37685,3.3835900000000003,3.3902400000000004,3.3968300000000005,3.4033599999999997,3.4098300000000004,3.41624,3.4226099999999997,3.4289300000000003,3.4352099999999997,3.44144,3.4476400000000003,3.4538,3.4599300000000004,3.46602,3.4720800000000005,3.4842699999999995,3.4903199999999996,3.4963300000000004,3.50231,3.50825,3.51416,3.52005,3.5259099999999997,3.53175,3.53758,3.5433800000000004,3.5491800000000002,3.5549699999999995,3.56075,3.5665400000000003,3.57234,3.5781699999999996,3.5840300000000003,3.6039,3.6726300000000003,3.7223699999999997,3.7279,3.73354,3.73935,3.74539,3.75175,3.7585900000000003,3.76612,3.7746699999999995,3.7846599999999997,3.8042199999999995,3.81563,3.8319099999999997,3.85028,3.87151,3.89097,3.8990400000000003,3.9072699999999996,3.9157699999999998,3.92466,3.93415,3.95195,3.9617400000000003,3.97031,3.9779699999999996,3.98494,3.99137,3.99738,4.00306,4.00847
2M18444674+4729496,3.1625400000000004,3.17483,3.19201,3.22769,3.27682,3.28441,3.31121,3.32065,3.32925,3.3373199999999996,3.3450300000000004,3.3524800000000003,3.35972,3.3668099999999996,3.3737699999999995,3.3806199999999995,3.3873800000000003,3.39405,3.40066,3.4072,3.4136800000000003,3.4201099999999998,3.42648,3.43281,3.4391,3.4453400000000003,3.45155,3.4577199999999997,3.46386,3.46996,3.4760400000000002,3.4905199999999996,3.4966699999999995,3.5027800000000004,3.50884,3.5148599999999997,3.52084,3.52679,3.53272,3.53862,3.5445,3.5503699999999996,3.5562300000000002,3.56209,3.56795,3.5738199999999996,3.57971,3.58564,3.5916099999999997,3.59899,3.6642699999999997,3.7152800000000004,3.7210699999999997,3.7270199999999996,3.73319,3.73965,3.74654,3.7540199999999997,3.7623599999999997,3.7719300000000002,3.7832199999999996,3.81353,3.82131,3.8369400000000002,3.8554699999999995,3.8768300000000004,3.9000800000000004,3.9091099999999996,3.9183199999999996,3.92781,3.9353300000000004,3.9413,3.94706,3.95266,3.9584099999999998,3.96706,3.97485,3.98199,3.9886,3.9948,4.0006699999999995
Sun,3.18019,3.19365,3.21273,3.23862,3.2728200000000003,3.2805,3.3015199999999996,3.31154,3.32064,3.32914,3.33721,3.3449699999999996,3.35247,3.35978,3.36694,3.37396,3.3808599999999998,3.3876699999999995,3.39439,3.40104,3.40761,3.4141199999999996,3.4205699999999997,3.42697,3.4333199999999997,3.43961,3.4458699999999998,3.4520800000000005,3.4582599999999997,3.4643900000000003,3.4705,3.4885,3.4945199999999996,3.50051,3.5064599999999997,3.5123800000000003,3.5182800000000003,3.52415,3.53,3.5358300000000003,3.54165,3.54745,3.55324,3.5590300000000004,3.5648199999999997,3.57062,3.57643,3.5822800000000004,3.58816,3.59608,3.66037,3.7080800000000003,3.71375,3.71955,3.72555,3.73181,3.73843,3.74559,3.75349,3.7624699999999995,3.7729199999999996,3.8187599999999997,3.82606,3.84007,3.85793,3.87849,3.9027199999999995,3.91345,3.92236,3.93161,3.94076,3.9466300000000003,3.9537,3.9637300000000004,3.97246,3.98023,3.98728,3.9937699999999996,3.99983,4.00556,4.011019999999999
2M19144528+4109042,3.15728,3.17406,3.19913,3.23591,3.25252,3.2608599999999996,3.275,3.2879400000000003,3.2993900000000003,3.3097800000000004,3.31941,3.3284599999999998,3.33705,3.3452900000000003,3.35324,3.36096,3.36847,3.37581,3.383,3.3900699999999997,3.39702,3.4038699999999995,3.4106300000000003,3.4173,3.4239,3.4304300000000003,3.43689,3.44329,3.44964,3.45594,3.46219,3.49836,3.5043699999999998,3.51035,3.51629,3.5222,3.52809,3.5339400000000003,3.53977,3.54558,3.5513800000000004,3.5571599999999997,3.56293,3.56869,3.5744599999999997,3.5802400000000003,3.58604,3.5918699999999997,3.59774,3.60368,3.64165,3.6575,3.6634900000000004,3.66965,3.67605,3.6827699999999997,3.68994,3.69774,3.7063900000000003,3.71619,3.7274599999999998,3.83679,3.8703199999999995,3.87805,3.88774,3.9060300000000003,3.9272400000000003,3.9525099999999997,3.9599599999999997,3.96651,3.9727900000000003,3.9788300000000003,3.98465,3.9902699999999998,3.9971,4.00555,4.01313,4.02004,4.02644,4.03244,4.03811
2M19254039+3840204,3.18447,3.1964799999999998,3.21296,3.2357099999999996,3.2744,3.28188,3.30425,3.31342,3.3218699999999997,3.32985,3.3374900000000003,3.3448900000000004,3.3521099999999997,3.3591699999999998,3.36611,3.3729400000000003,3.3796800000000005,3.38634,3.3929300000000002,3.39946,3.4059199999999996,3.41234,3.4187,3.42501,3.43128,3.43751,3.4437,3.44985,3.4559699999999998,3.4620599999999997,3.46811,3.48178,3.48779,3.49376,3.4997,3.50561,3.5115,3.51736,3.52319,3.52901,3.53481,3.5405900000000003,3.5463699999999996,3.55214,3.5579099999999997,3.5636900000000002,3.5694800000000004,3.5753,3.58115,3.5874699999999997,3.65331,3.7198599999999997,3.7254,3.73106,3.7368900000000003,3.74295,3.74934,3.7562,3.7637400000000003,3.77225,3.78214,3.80775,3.81481,3.8286,3.8466199999999997,3.8674699999999995,3.89214,3.90455,3.9131,3.92196,3.9298599999999997,3.9355599999999997,3.9410800000000004,3.95031,3.9586099999999997,3.9660300000000004,3.9728,3.9790699999999997,3.98495,3.9905199999999996,3.99586
2M19343286+4249298,3.18717,3.19896,3.2138400000000003,3.23197,3.28217,3.2929199999999996,3.3172800000000002,3.3258300000000003,3.33377,3.34133,3.34864,3.35576,3.3627300000000004,3.36959,3.37635,3.38303,3.3896300000000004,3.39618,3.40266,3.40909,3.41548,3.42182,3.4281099999999998,3.43437,3.44058,3.44676,3.4529099999999997,3.4590300000000003,3.4651099999999997,3.47117,3.47721,3.4862,3.49221,3.49819,3.5041300000000004,3.5100599999999997,3.51595,3.5218300000000005,3.52769,3.5335300000000003,3.53936,3.5451699999999997,3.55099,3.5568,3.56262,3.56845,3.5743,3.5801800000000004,3.5861099999999997,3.59781,3.6662,3.73276,3.7383800000000003,3.74413,3.75006,3.7562599999999997,3.7628199999999996,3.76989,3.77769,3.78565,3.7917,3.79786,3.80686,3.82228,3.84049,3.86249,3.88311,3.89198,3.9011199999999997,3.91065,3.9207199999999998,3.93,3.9412599999999998,3.95088,3.95931,3.96685,3.97373,3.9801,3.9860800000000003,3.99175,3.9971699999999997
2M19340476+4116386,3.1268599999999998,3.13855,3.15099,3.1861099999999998,3.2601299999999998,3.26859,3.30643,3.31943,3.33083,3.3411199999999996,3.35063,3.35954,3.36801,3.37612,3.38395,3.39154,3.39894,3.4061800000000004,3.4132800000000003,3.42026,3.4271300000000005,3.4339,3.4405900000000003,3.4472,3.4537400000000003,3.4602199999999996,3.46664,3.473,3.4793300000000005,3.4856,3.49185,3.5244199999999997,3.53329,3.5393199999999996,3.54532,3.5512900000000003,3.55724,3.5631699999999995,3.5690800000000005,3.57499,3.58089,3.58679,3.59271,3.59864,3.60459,3.61059,3.6166300000000002,3.6227400000000003,3.6289300000000004,3.6352300000000004,3.65211,3.6749,3.68155,3.6884699999999997,3.69576,3.7035199999999997,3.7119,3.7210900000000002,3.7313400000000003,3.7429300000000003,3.75619,3.8734,3.8813699999999995,3.88772,3.8938800000000002,3.91186,3.9327300000000003,3.9475599999999997,3.95457,3.96126,3.96765,3.97378,3.9796699999999996,3.98536,3.99086,3.9962,4.00139,4.00645,4.0113900000000005,4.01623,4.020969999999999
2M18585736+4935542,3.18857,3.20338,3.2258400000000003,3.25297,3.2624,3.2701700000000002,3.28029,3.2911,3.3008300000000004,3.3098400000000003,3.3183300000000004,3.3264400000000003,3.33425,3.34182,3.3492,3.3564199999999995,3.3635099999999998,3.3704699999999996,3.37733,3.3841,3.39079,3.3974,3.40395,3.4104300000000003,3.41685,3.4232099999999996,3.4295199999999997,3.4357900000000003,3.442,3.4481800000000002,3.45431,3.47709,3.4831,3.48907,3.4950099999999997,3.5009099999999997,3.5067800000000005,3.51261,3.51842,3.5242,3.52996,3.5357,3.5414199999999996,3.54713,3.55283,3.5585199999999997,3.5642099999999997,3.5699099999999997,3.5756300000000003,3.58169,3.64258,3.68635,3.69179,3.6973300000000004,3.7029900000000002,3.7088300000000003,3.7149199999999998,3.7214,3.72844,3.7363,3.74535,3.82405,3.8307,3.83998,3.85625,3.87486,3.8966800000000004,3.9163,3.9238800000000005,3.93165,3.93972,3.9482800000000005,3.9655199999999997,3.97474,3.9828099999999997,3.99002,3.9965900000000003,4.002669999999999,4.008369999999999,4.01377,4.01893
2M19290865+4054489,3.21863,3.24443,3.25936,3.27516,3.2916300000000005,3.2998,3.3080300000000005,3.31598,3.32376,3.33145,3.33914,3.34695,3.35505,3.3637099999999998,3.37315,3.38295,3.39229,3.4006800000000004,3.4071599999999997,3.41356,3.41989,3.42616,3.43238,3.43854,3.44467,3.45075,3.4568,3.4628,3.46878,3.4747199999999996,3.48063,3.48651,3.49235,3.4981699999999996,3.50397,3.5097300000000002,3.5154699999999997,3.52118,3.5268699999999997,3.53254,3.53819,3.5438099999999997,3.54941,3.55499,3.5605599999999997,3.5661099999999997,3.5718699999999997,3.57784,3.58382,3.59681,3.67026,3.76041,3.76526,3.77011,3.7749699999999997,3.7798300000000005,3.78471,3.7896099999999997,3.7945300000000004,3.7994800000000004,3.80447,3.80951,3.81869,3.8337,3.85105,3.8714800000000005,3.8959300000000003,3.90575,3.9115699999999998,3.9161900000000003,3.92045,3.92723,3.9336800000000003,3.9398400000000002,3.94573,3.95139,3.95684,3.96211,3.9672199999999997,3.9721699999999998,3.9771699999999996
